2026-03-15 18:42:16,687 - INFO - ✅ Загружено 7 категорий из файла agent_data/analysis_step_3.json
2026-03-15 18:42:16,687 - INFO - 
====================================================================================================
2026-03-15 18:42:16,687 - INFO - 🚀 НАЧАЛО ПОСТРОЕНИЯ ГРАФИКА
2026-03-15 18:42:16,687 - INFO - ====================================================================================================
2026-03-15 18:42:16,687 - INFO - 📌 Параметр interval_days = 7 дн.
2026-03-15 18:42:16,687 - INFO - 
====================================================================================================
2026-03-15 18:42:16,687 - INFO - 📅 ШАГ 1: ОБРАБОТКА ВХОДНЫХ ДАТ
2026-03-15 18:42:16,687 - INFO - ====================================================================================================
2026-03-15 18:42:16,687 - INFO -    start_date НЕ задан (будет использована минимальная дата из данных)
2026-03-15 18:42:16,688 - INFO -    end_date НЕ задан (будет использована максимальная дата из данных)
2026-03-15 18:42:16,688 - INFO - 
====================================================================================================
2026-03-15 18:42:16,688 - INFO - 📂 ШАГ 2: СБОР ДАТ ПО КАТЕГОРИЯМ
2026-03-15 18:42:16,688 - INFO - ====================================================================================================
2026-03-15 18:42:16,688 - INFO - 
   📁 Категория 1/7: 'Уборка снега и содержание территорий'
2026-03-15 18:42:16,688 - INFO -       Количество участников: 108
2026-03-15 18:42:16,689 - INFO -       ✅ Оставлено дат после фильтрации: 108
2026-03-15 18:42:16,689 - INFO -       📍 Минимальная дата: 21.02.2026 10:41
2026-03-15 18:42:16,689 - INFO -       📍 Максимальная дата: 08.03.2026 21:37
2026-03-15 18:42:16,689 - INFO - 
   📁 Категория 2/7: 'Проблемы с дорогами и дорожным движением'
2026-03-15 18:42:16,689 - INFO -       Количество участников: 75
2026-03-15 18:42:16,689 - INFO -       ✅ Оставлено дат после фильтрации: 75
2026-03-15 18:42:16,689 - INFO -       📍 Минимальная дата: 21.02.2026 19:24
2026-03-15 18:42:16,689 - INFO -       📍 Максимальная дата: 08.03.2026 12:22
2026-03-15 18:42:16,689 - INFO - 
   📁 Категория 3/7: 'Работа общественного транспорта'
2026-03-15 18:42:16,689 - INFO -       Количество участников: 72
2026-03-15 18:42:16,690 - INFO -       ✅ Оставлено дат после фильтрации: 72
2026-03-15 18:42:16,690 - INFO -       📍 Минимальная дата: 23.02.2026 21:52
2026-03-15 18:42:16,690 - INFO -       📍 Максимальная дата: 08.03.2026 12:22
2026-03-15 18:42:16,690 - INFO - 
   📁 Категория 4/7: 'Деятельность управляющих компаний и ЖКХ'
2026-03-15 18:42:16,690 - INFO -       Количество участников: 58
2026-03-15 18:42:16,690 - INFO -       ✅ Оставлено дат после фильтрации: 58
2026-03-15 18:42:16,690 - INFO -       📍 Минимальная дата: 23.02.2026 18:00
2026-03-15 18:42:16,690 - INFO -       📍 Максимальная дата: 06.03.2026 23:28
2026-03-15 18:42:16,690 - INFO - 
   📁 Категория 5/7: 'Безопасность и правонарушения'
2026-03-15 18:42:16,690 - INFO -       Количество участников: 70
2026-03-15 18:42:16,690 - INFO -       ✅ Оставлено дат после фильтрации: 70
2026-03-15 18:42:16,690 - INFO -       📍 Минимальная дата: 21.02.2026 18:52
2026-03-15 18:42:16,690 - INFO -       📍 Максимальная дата: 08.03.2026 14:42
2026-03-15 18:42:16,690 - INFO - 
   📁 Категория 6/7: 'Здравоохранение и медицинская помощь'
2026-03-15 18:42:16,691 - INFO -       Количество участников: 70
2026-03-15 18:42:16,691 - INFO -       ✅ Оставлено дат после фильтрации: 70
2026-03-15 18:42:16,691 - INFO -       📍 Минимальная дата: 25.02.2026 14:17
2026-03-15 18:42:16,691 - INFO -       📍 Максимальная дата: 08.03.2026 08:25
2026-03-15 18:42:16,691 - INFO - 
   📁 Категория 7/7: 'Парковки и размещение автомобилей'
2026-03-15 18:42:16,691 - INFO -       Количество участников: 72
2026-03-15 18:42:16,691 - INFO -       ✅ Оставлено дат после фильтрации: 72
2026-03-15 18:42:16,691 - INFO -       📍 Минимальная дата: 24.02.2026 11:41
2026-03-15 18:42:16,691 - INFO -       📍 Максимальная дата: 09.03.2026 01:52
2026-03-15 18:42:16,691 - INFO - 
   📊 ВСЕГО категорий с данными: 7
2026-03-15 18:42:16,691 - INFO -    📊 ВСЕГО голосов (дат): 525
2026-03-15 18:42:16,691 - INFO - 
====================================================================================================
2026-03-15 18:42:16,691 - INFO - 🌍 ШАГ 3: ОПРЕДЕЛЕНИЕ ГЛОБАЛЬНОГО ДИАПАЗОНА ДАТ
2026-03-15 18:42:16,692 - INFO - ====================================================================================================
2026-03-15 18:42:16,692 - INFO -    Глобальный минимум: 21.02.2026 10:41:00
2026-03-15 18:42:16,692 - INFO -    Глобальный максимум: 09.03.2026 01:52:00
2026-03-15 18:42:16,692 - INFO -    ✅ start_dt установлен: 2026-02-21 00:00:00
2026-03-15 18:42:16,692 - INFO -    ✅ end_dt установлен: 2026-03-09 01:52:00
2026-03-15 18:42:16,692 - INFO - 
   📅 Итоговый диапазон: 21.02.2026 00:00 — 09.03.2026 01:52
2026-03-15 18:42:16,692 - INFO - 
====================================================================================================
2026-03-15 18:42:16,692 - INFO - 📏 ШАГ 4: СОЗДАНИЕ ИНТЕРВАЛОВ
2026-03-15 18:42:16,692 - INFO - ====================================================================================================
2026-03-15 18:42:16,692 - INFO -    Длина интервала: 7 дн.
2026-03-15 18:42:16,692 - INFO -    Начало: 21.02.2026 00:00
2026-03-15 18:42:16,692 - INFO -    Конец: 09.03.2026 01:52
2026-03-15 18:42:16,692 - INFO - ----------------------------------------------------------------------------------------------------
2026-03-15 18:42:16,692 - INFO -    Интервал #0: [21.02 00:00 — 28.02 00:00]
2026-03-15 18:42:16,692 - INFO -    Интервал #1: [28.02 00:00 — 07.03 00:00]
2026-03-15 18:42:16,692 - INFO -    Интервал #2: [07.03 00:00 — 14.03 00:00]
2026-03-15 18:42:16,692 - INFO - ----------------------------------------------------------------------------------------------------
2026-03-15 18:42:16,692 - INFO -    ✅ ВСЕГО создано интервалов: 3
2026-03-15 18:42:16,693 - INFO - 
====================================================================================================
2026-03-15 18:42:16,693 - INFO - 📊 ШАГ 5: ПОДСЧЁТ ГОЛОСОВ ПО КАТЕГОРИЯМ И ИНТЕРВАЛАМ
2026-03-15 18:42:16,693 - INFO - ====================================================================================================
2026-03-15 18:42:16,693 - INFO - 
================================================================================
2026-03-15 18:42:16,693 - INFO -    КАТЕГОРИЯ 1/7: 'Уборка снега и содержание территорий'
2026-03-15 18:42:16,693 - INFO - ================================================================================
2026-03-15 18:42:16,693 - INFO -    Всего голосов в категории: 108
2026-03-15 18:42:16,693 - INFO -    Последняя дата голоса: 08.03.2026 21:37:00
2026-03-15 18:42:16,693 - INFO -    Первая дата: 21.02.2026 10:41:00
2026-03-15 18:42:16,693 - INFO -    Последняя дата: 08.03.2026 21:37:00
2026-03-15 18:42:16,693 - INFO -    ┌─ Интервал #0 [21.02 — 28.02]
2026-03-15 18:42:16,693 - INFO -    │   Голосов в интервале: 66
2026-03-15 18:42:16,693 - INFO -    │   Есть голоса после 28.02: True
2026-03-15 18:42:16,693 - INFO -    │   Статус: ✅ ЗАПОЛНЕН (есть голоса после конца)
2026-03-15 18:42:16,693 - INFO -    └─
2026-03-15 18:42:16,693 - INFO -    ┌─ Интервал #1 [28.02 — 07.03]
2026-03-15 18:42:16,693 - INFO -    │   Голосов в интервале: 38
2026-03-15 18:42:16,693 - INFO -    │   Есть голоса после 07.03: True
2026-03-15 18:42:16,693 - INFO -    │   Статус: ✅ ЗАПОЛНЕН (есть голоса после конца)
2026-03-15 18:42:16,693 - INFO -    └─
2026-03-15 18:42:16,693 - INFO -    ┌─ Интервал #2 [07.03 — 14.03]
2026-03-15 18:42:16,693 - INFO -    │   Голосов в интервале: 4
2026-03-15 18:42:16,693 - INFO -    │   Есть голоса после 14.03: False
2026-03-15 18:42:16,694 - INFO -    │   Статус: ❌ НЕ ЗАПОЛНЕН (нет голосов после конца)
2026-03-15 18:42:16,694 - INFO -    └─
2026-03-15 18:42:16,694 - INFO - 
================================================================================
2026-03-15 18:42:16,694 - INFO -    КАТЕГОРИЯ 2/7: 'Проблемы с дорогами и дорожным движением'
2026-03-15 18:42:16,694 - INFO - ================================================================================
2026-03-15 18:42:16,694 - INFO -    Всего голосов в категории: 75
2026-03-15 18:42:16,694 - INFO -    Последняя дата голоса: 08.03.2026 12:22:00
2026-03-15 18:42:16,694 - INFO -    Первая дата: 21.02.2026 19:24:00
2026-03-15 18:42:16,694 - INFO -    Последняя дата: 08.03.2026 12:22:00
2026-03-15 18:42:16,694 - INFO -    ┌─ Интервал #0 [21.02 — 28.02]
2026-03-15 18:42:16,694 - INFO -    │   Голосов в интервале: 30
2026-03-15 18:42:16,694 - INFO -    │   Есть голоса после 28.02: True
2026-03-15 18:42:16,694 - INFO -    │   Статус: ✅ ЗАПОЛНЕН (есть голоса после конца)
2026-03-15 18:42:16,694 - INFO -    └─
2026-03-15 18:42:16,694 - INFO -    ┌─ Интервал #1 [28.02 — 07.03]
2026-03-15 18:42:16,694 - INFO -    │   Голосов в интервале: 41
2026-03-15 18:42:16,694 - INFO -    │   Есть голоса после 07.03: True
2026-03-15 18:42:16,694 - INFO -    │   Статус: ✅ ЗАПОЛНЕН (есть голоса после конца)
2026-03-15 18:42:16,694 - INFO -    └─
2026-03-15 18:42:16,694 - INFO -    ┌─ Интервал #2 [07.03 — 14.03]
2026-03-15 18:42:16,694 - INFO -    │   Голосов в интервале: 4
2026-03-15 18:42:16,695 - INFO -    │   Есть голоса после 14.03: False
2026-03-15 18:42:16,695 - INFO -    │   Статус: ❌ НЕ ЗАПОЛНЕН (нет голосов после конца)
2026-03-15 18:42:16,695 - INFO -    └─
2026-03-15 18:42:16,695 - INFO - 
================================================================================
2026-03-15 18:42:16,695 - INFO -    КАТЕГОРИЯ 3/7: 'Работа общественного транспорта'
2026-03-15 18:42:16,695 - INFO - ================================================================================
2026-03-15 18:42:16,695 - INFO -    Всего голосов в категории: 72
2026-03-15 18:42:16,695 - INFO -    Последняя дата голоса: 08.03.2026 12:22:00
2026-03-15 18:42:16,695 - INFO -    Первая дата: 23.02.2026 21:52:00
2026-03-15 18:42:16,695 - INFO -    Последняя дата: 08.03.2026 12:22:00
2026-03-15 18:42:16,695 - INFO -    ┌─ Интервал #0 [21.02 — 28.02]
2026-03-15 18:42:16,695 - INFO -    │   Голосов в интервале: 27
2026-03-15 18:42:16,695 - INFO -    │   Есть голоса после 28.02: True
2026-03-15 18:42:16,695 - INFO -    │   Статус: ✅ ЗАПОЛНЕН (есть голоса после конца)
2026-03-15 18:42:16,695 - INFO -    └─
2026-03-15 18:42:16,695 - INFO -    ┌─ Интервал #1 [28.02 — 07.03]
2026-03-15 18:42:16,695 - INFO -    │   Голосов в интервале: 40
2026-03-15 18:42:16,695 - INFO -    │   Есть голоса после 07.03: True
2026-03-15 18:42:16,695 - INFO -    │   Статус: ✅ ЗАПОЛНЕН (есть голоса после конца)
2026-03-15 18:42:16,696 - INFO -    └─
2026-03-15 18:42:16,696 - INFO -    ┌─ Интервал #2 [07.03 — 14.03]
2026-03-15 18:42:16,696 - INFO -    │   Голосов в интервале: 5
2026-03-15 18:42:16,696 - INFO -    │   Есть голоса после 14.03: False
2026-03-15 18:42:16,696 - INFO -    │   Статус: ❌ НЕ ЗАПОЛНЕН (нет голосов после конца)
2026-03-15 18:42:16,696 - INFO -    └─
2026-03-15 18:42:16,696 - INFO - 
================================================================================
2026-03-15 18:42:16,696 - INFO -    КАТЕГОРИЯ 4/7: 'Деятельность управляющих компаний и ЖКХ'
2026-03-15 18:42:16,696 - INFO - ================================================================================
2026-03-15 18:42:16,696 - INFO -    Всего голосов в категории: 58
2026-03-15 18:42:16,696 - INFO -    Последняя дата голоса: 06.03.2026 23:28:00
2026-03-15 18:42:16,696 - INFO -    Первая дата: 23.02.2026 18:00:00
2026-03-15 18:42:16,696 - INFO -    Последняя дата: 06.03.2026 23:28:00
2026-03-15 18:42:16,696 - INFO -    ┌─ Интервал #0 [21.02 — 28.02]
2026-03-15 18:42:16,696 - INFO -    │   Голосов в интервале: 31
2026-03-15 18:42:16,696 - INFO -    │   Есть голоса после 28.02: True
2026-03-15 18:42:16,696 - INFO -    │   Статус: ✅ ЗАПОЛНЕН (есть голоса после конца)
2026-03-15 18:42:16,696 - INFO -    └─
2026-03-15 18:42:16,697 - INFO -    ┌─ Интервал #1 [28.02 — 07.03]
2026-03-15 18:42:16,697 - INFO -    │   Голосов в интервале: 27
2026-03-15 18:42:16,697 - INFO -    │   Есть голоса после 07.03: False
2026-03-15 18:42:16,697 - INFO -    │   Статус: ❌ НЕ ЗАПОЛНЕН (нет голосов после конца)
2026-03-15 18:42:16,697 - INFO -    └─
2026-03-15 18:42:16,697 - INFO -    ┌─ Интервал #2 [07.03 — 14.03]
2026-03-15 18:42:16,697 - INFO -    │   Голосов в интервале: 0
2026-03-15 18:42:16,697 - INFO -    │   Есть голоса после 14.03: False
2026-03-15 18:42:16,697 - INFO -    │   Статус: ❌ НЕ ЗАПОЛНЕН (нет голосов после конца)
2026-03-15 18:42:16,697 - INFO -    └─
2026-03-15 18:42:16,697 - INFO - 
================================================================================
2026-03-15 18:42:16,697 - INFO -    КАТЕГОРИЯ 5/7: 'Безопасность и правонарушения'
2026-03-15 18:42:16,697 - INFO - ================================================================================
2026-03-15 18:42:16,697 - INFO -    Всего голосов в категории: 70
2026-03-15 18:42:16,697 - INFO -    Последняя дата голоса: 08.03.2026 14:42:00
2026-03-15 18:42:16,697 - INFO -    Первая дата: 21.02.2026 18:52:00
2026-03-15 18:42:16,697 - INFO -    Последняя дата: 08.03.2026 14:42:00
2026-03-15 18:42:16,697 - INFO -    ┌─ Интервал #0 [21.02 — 28.02]
2026-03-15 18:42:16,697 - INFO -    │   Голосов в интервале: 40
2026-03-15 18:42:16,698 - INFO -    │   Есть голоса после 28.02: True
2026-03-15 18:42:16,698 - INFO -    │   Статус: ✅ ЗАПОЛНЕН (есть голоса после конца)
2026-03-15 18:42:16,698 - INFO -    └─
2026-03-15 18:42:16,698 - INFO -    ┌─ Интервал #1 [28.02 — 07.03]
2026-03-15 18:42:16,698 - INFO -    │   Голосов в интервале: 26
2026-03-15 18:42:16,698 - INFO -    │   Есть голоса после 07.03: True
2026-03-15 18:42:16,698 - INFO -    │   Статус: ✅ ЗАПОЛНЕН (есть голоса после конца)
2026-03-15 18:42:16,698 - INFO -    └─
2026-03-15 18:42:16,698 - INFO -    ┌─ Интервал #2 [07.03 — 14.03]
2026-03-15 18:42:16,698 - INFO -    │   Голосов в интервале: 4
2026-03-15 18:42:16,698 - INFO -    │   Есть голоса после 14.03: False
2026-03-15 18:42:16,698 - INFO -    │   Статус: ❌ НЕ ЗАПОЛНЕН (нет голосов после конца)
2026-03-15 18:42:16,698 - INFO -    └─
2026-03-15 18:42:16,698 - INFO - 
================================================================================
2026-03-15 18:42:16,698 - INFO -    КАТЕГОРИЯ 6/7: 'Здравоохранение и медицинская помощь'
2026-03-15 18:42:16,698 - INFO - ================================================================================
2026-03-15 18:42:16,698 - INFO -    Всего голосов в категории: 70
2026-03-15 18:42:16,698 - INFO -    Последняя дата голоса: 08.03.2026 08:25:00
2026-03-15 18:42:16,698 - INFO -    Первая дата: 25.02.2026 14:17:00
2026-03-15 18:42:16,698 - INFO -    Последняя дата: 08.03.2026 08:25:00
2026-03-15 18:42:16,698 - INFO -    ┌─ Интервал #0 [21.02 — 28.02]
2026-03-15 18:42:16,699 - INFO -    │   Голосов в интервале: 52
2026-03-15 18:42:16,699 - INFO -    │   Есть голоса после 28.02: True
2026-03-15 18:42:16,699 - INFO -    │   Статус: ✅ ЗАПОЛНЕН (есть голоса после конца)
2026-03-15 18:42:16,699 - INFO -    └─
2026-03-15 18:42:16,699 - INFO -    ┌─ Интервал #1 [28.02 — 07.03]
2026-03-15 18:42:16,699 - INFO -    │   Голосов в интервале: 17
2026-03-15 18:42:16,699 - INFO -    │   Есть голоса после 07.03: True
2026-03-15 18:42:16,699 - INFO -    │   Статус: ✅ ЗАПОЛНЕН (есть голоса после конца)
2026-03-15 18:42:16,699 - INFO -    └─
2026-03-15 18:42:16,699 - INFO -    ┌─ Интервал #2 [07.03 — 14.03]
2026-03-15 18:42:16,699 - INFO -    │   Голосов в интервале: 1
2026-03-15 18:42:16,699 - INFO -    │   Есть голоса после 14.03: False
2026-03-15 18:42:16,699 - INFO -    │   Статус: ❌ НЕ ЗАПОЛНЕН (нет голосов после конца)
2026-03-15 18:42:16,699 - INFO -    └─
2026-03-15 18:42:16,699 - INFO - 
================================================================================
2026-03-15 18:42:16,699 - INFO -    КАТЕГОРИЯ 7/7: 'Парковки и размещение автомобилей'
2026-03-15 18:42:16,699 - INFO - ================================================================================
2026-03-15 18:42:16,699 - INFO -    Всего голосов в категории: 72
2026-03-15 18:42:16,699 - INFO -    Последняя дата голоса: 09.03.2026 01:52:00
2026-03-15 18:42:16,700 - INFO -    Первая дата: 24.02.2026 11:41:00
2026-03-15 18:42:16,700 - INFO -    Последняя дата: 09.03.2026 01:52:00
2026-03-15 18:42:16,700 - INFO -    ┌─ Интервал #0 [21.02 — 28.02]
2026-03-15 18:42:16,700 - INFO -    │   Голосов в интервале: 4
2026-03-15 18:42:16,700 - INFO -    │   Есть голоса после 28.02: True
2026-03-15 18:42:16,700 - INFO -    │   Статус: ✅ ЗАПОЛНЕН (есть голоса после конца)
2026-03-15 18:42:16,700 - INFO -    └─
2026-03-15 18:42:16,700 - INFO -    ┌─ Интервал #1 [28.02 — 07.03]
2026-03-15 18:42:16,700 - INFO -    │   Голосов в интервале: 60
2026-03-15 18:42:16,700 - INFO -    │   Есть голоса после 07.03: True
2026-03-15 18:42:16,700 - INFO -    │   Статус: ✅ ЗАПОЛНЕН (есть голоса после конца)
2026-03-15 18:42:16,700 - INFO -    └─
2026-03-15 18:42:16,700 - INFO -    ┌─ Интервал #2 [07.03 — 14.03]
2026-03-15 18:42:16,700 - INFO -    │   Голосов в интервале: 8
2026-03-15 18:42:16,700 - INFO -    │   Есть голоса после 14.03: False
2026-03-15 18:42:16,700 - INFO -    │   Статус: ❌ НЕ ЗАПОЛНЕН (нет голосов после конца)
2026-03-15 18:42:16,700 - INFO -    └─
2026-03-15 18:42:16,700 - INFO - 
====================================================================================================
2026-03-15 18:42:16,701 - INFO - 🔧 ШАГ 6: ДОСТРОЙКА ПОСЛЕДНЕГО ИНТЕРВАЛА (ПО КАТЕГОРИЯМ)
2026-03-15 18:42:16,701 - INFO - ====================================================================================================
2026-03-15 18:42:16,701 - INFO -    Общее количество интервалов: 3
2026-03-15 18:42:16,701 - INFO - 
================================================================================
2026-03-15 18:42:16,701 - INFO -    📁 КАТЕГОРИЯ: 'Уборка снега и содержание территорий'
2026-03-15 18:42:16,701 - INFO - ================================================================================
2026-03-15 18:42:16,701 - INFO - 
   🔍 6.1: ПОИСК ПОСЛЕДНЕГО ИНТЕРВАЛА С ДАННЫМИ
2026-03-15 18:42:16,701 - INFO -    Проверяем интервалы с конца (от 2 до 0):
2026-03-15 18:42:16,701 - INFO -       Интервал #2: 4 голосов → ✅ НАЙДЕНО!
2026-03-15 18:42:16,701 - INFO -       Интервал #1: 38 голосов
2026-03-15 18:42:16,701 - INFO -       Интервал #0: 66 голосов
2026-03-15 18:42:16,701 - INFO - 
   📌 ИТОГ: last_data_idx = 2
2026-03-15 18:42:16,701 - INFO -    📌 Значение в интервале 2: 4 голосов
2026-03-15 18:42:16,701 - INFO - 
   🔍 6.2: ПРОВЕРКА ЗАПОЛНЕННОСТИ ИНТЕРВАЛА 2
2026-03-15 18:42:16,701 - INFO -    Конец интервала 2: 14.03.2026 00:00:00
2026-03-15 18:42:16,701 - INFO -    Голосов после конца интервала: 0
2026-03-15 18:42:16,701 - INFO -    ❌ Интервал НЕ ЗАПОЛНЕН
2026-03-15 18:42:16,701 - INFO - 
   🔧 6.3: ПРИМЕНЕНИЕ ДОСТРОЙКИ
2026-03-15 18:42:16,702 - INFO -    Интервалов с данными (от 0 до 2): 3
2026-03-15 18:42:16,702 - INFO -    Всего интервалов: 3
2026-03-15 18:42:16,702 - INFO -    Формула: multiplier = total_intervals / num_intervals_with_data
2026-03-15 18:42:16,702 - INFO -    Вычисление: 3 / 3 = 1.000000
2026-03-15 18:42:16,702 - INFO - 
   📊 ДОСТРОЙКА ЗНАЧЕНИЯ:
2026-03-15 18:42:16,702 - INFO -    Интервал: #2
2026-03-15 18:42:16,702 - INFO -    Оригинальное значение: 4
2026-03-15 18:42:16,702 - INFO -    Коэффициент: 1.000000
2026-03-15 18:42:16,702 - INFO -    Вычисление: 4 × 1.000000 = 4.00
2026-03-15 18:42:16,702 - INFO -    После округления: 4
2026-03-15 18:42:16,702 - INFO -    ✅ ПРИМЕНЕНО: интервал 2: 4 → 4
2026-03-15 18:42:16,702 - INFO - 
   📋 6.4: ИТОГОВЫЕ ЗНАЧЕНИЯ ПО КАТЕГОРИИ:
2026-03-15 18:42:16,702 - INFO -    Интервал #0: 66 голосов ✅
2026-03-15 18:42:16,702 - INFO -    Интервал #1: 38 голосов ✅
2026-03-15 18:42:16,702 - INFO -    Интервал #2: 4 голосов ❌
2026-03-15 18:42:16,702 - INFO - 
================================================================================
2026-03-15 18:42:16,702 - INFO -    📁 КАТЕГОРИЯ: 'Проблемы с дорогами и дорожным движением'
2026-03-15 18:42:16,702 - INFO - ================================================================================
2026-03-15 18:42:16,702 - INFO - 
   🔍 6.1: ПОИСК ПОСЛЕДНЕГО ИНТЕРВАЛА С ДАННЫМИ
2026-03-15 18:42:16,702 - INFO -    Проверяем интервалы с конца (от 2 до 0):
2026-03-15 18:42:16,702 - INFO -       Интервал #2: 4 голосов → ✅ НАЙДЕНО!
2026-03-15 18:42:16,702 - INFO -       Интервал #1: 41 голосов
2026-03-15 18:42:16,702 - INFO -       Интервал #0: 30 голосов
2026-03-15 18:42:16,702 - INFO - 
   📌 ИТОГ: last_data_idx = 2
2026-03-15 18:42:16,702 - INFO -    📌 Значение в интервале 2: 4 голосов
2026-03-15 18:42:16,702 - INFO - 
   🔍 6.2: ПРОВЕРКА ЗАПОЛНЕННОСТИ ИНТЕРВАЛА 2
2026-03-15 18:42:16,702 - INFO -    Конец интервала 2: 14.03.2026 00:00:00
2026-03-15 18:42:16,702 - INFO -    Голосов после конца интервала: 0
2026-03-15 18:42:16,702 - INFO -    ❌ Интервал НЕ ЗАПОЛНЕН
2026-03-15 18:42:16,703 - INFO - 
   🔧 6.3: ПРИМЕНЕНИЕ ДОСТРОЙКИ
2026-03-15 18:42:16,703 - INFO -    Интервалов с данными (от 0 до 2): 3
2026-03-15 18:42:16,703 - INFO -    Всего интервалов: 3
2026-03-15 18:42:16,703 - INFO -    Формула: multiplier = total_intervals / num_intervals_with_data
2026-03-15 18:42:16,703 - INFO -    Вычисление: 3 / 3 = 1.000000
2026-03-15 18:42:16,703 - INFO - 
   📊 ДОСТРОЙКА ЗНАЧЕНИЯ:
2026-03-15 18:42:16,703 - INFO -    Интервал: #2
2026-03-15 18:42:16,703 - INFO -    Оригинальное значение: 4
2026-03-15 18:42:16,703 - INFO -    Коэффициент: 1.000000
2026-03-15 18:42:16,703 - INFO -    Вычисление: 4 × 1.000000 = 4.00
2026-03-15 18:42:16,703 - INFO -    После округления: 4
2026-03-15 18:42:16,703 - INFO -    ✅ ПРИМЕНЕНО: интервал 2: 4 → 4
2026-03-15 18:42:16,703 - INFO - 
   📋 6.4: ИТОГОВЫЕ ЗНАЧЕНИЯ ПО КАТЕГОРИИ:
2026-03-15 18:42:16,703 - INFO -    Интервал #0: 30 голосов ✅
2026-03-15 18:42:16,703 - INFO -    Интервал #1: 41 голосов ✅
2026-03-15 18:42:16,703 - INFO -    Интервал #2: 4 голосов ❌
2026-03-15 18:42:16,703 - INFO - 
================================================================================
2026-03-15 18:42:16,703 - INFO -    📁 КАТЕГОРИЯ: 'Работа общественного транспорта'
2026-03-15 18:42:16,703 - INFO - ================================================================================
2026-03-15 18:42:16,703 - INFO - 
   🔍 6.1: ПОИСК ПОСЛЕДНЕГО ИНТЕРВАЛА С ДАННЫМИ
2026-03-15 18:42:16,703 - INFO -    Проверяем интервалы с конца (от 2 до 0):
2026-03-15 18:42:16,703 - INFO -       Интервал #2: 5 голосов → ✅ НАЙДЕНО!
2026-03-15 18:42:16,703 - INFO -       Интервал #1: 40 голосов
2026-03-15 18:42:16,703 - INFO -       Интервал #0: 27 голосов
2026-03-15 18:42:16,703 - INFO - 
   📌 ИТОГ: last_data_idx = 2
2026-03-15 18:42:16,703 - INFO -    📌 Значение в интервале 2: 5 голосов
2026-03-15 18:42:16,703 - INFO - 
   🔍 6.2: ПРОВЕРКА ЗАПОЛНЕННОСТИ ИНТЕРВАЛА 2
2026-03-15 18:42:16,703 - INFO -    Конец интервала 2: 14.03.2026 00:00:00
2026-03-15 18:42:16,703 - INFO -    Голосов после конца интервала: 0
2026-03-15 18:42:16,703 - INFO -    ❌ Интервал НЕ ЗАПОЛНЕН
2026-03-15 18:42:16,703 - INFO - 
   🔧 6.3: ПРИМЕНЕНИЕ ДОСТРОЙКИ
2026-03-15 18:42:16,703 - INFO -    Интервалов с данными (от 0 до 2): 3
2026-03-15 18:42:16,703 - INFO -    Всего интервалов: 3
2026-03-15 18:42:16,703 - INFO -    Формула: multiplier = total_intervals / num_intervals_with_data
2026-03-15 18:42:16,703 - INFO -    Вычисление: 3 / 3 = 1.000000
2026-03-15 18:42:16,703 - INFO - 
   📊 ДОСТРОЙКА ЗНАЧЕНИЯ:
2026-03-15 18:42:16,703 - INFO -    Интервал: #2
2026-03-15 18:42:16,703 - INFO -    Оригинальное значение: 5
2026-03-15 18:42:16,704 - INFO -    Коэффициент: 1.000000
2026-03-15 18:42:16,704 - INFO -    Вычисление: 5 × 1.000000 = 5.00
2026-03-15 18:42:16,704 - INFO -    После округления: 5
2026-03-15 18:42:16,704 - INFO -    ✅ ПРИМЕНЕНО: интервал 2: 5 → 5
2026-03-15 18:42:16,704 - INFO - 
   📋 6.4: ИТОГОВЫЕ ЗНАЧЕНИЯ ПО КАТЕГОРИИ:
2026-03-15 18:42:16,704 - INFO -    Интервал #0: 27 голосов ✅
2026-03-15 18:42:16,704 - INFO -    Интервал #1: 40 голосов ✅
2026-03-15 18:42:16,704 - INFO -    Интервал #2: 5 голосов ❌
2026-03-15 18:42:16,704 - INFO - 
================================================================================
2026-03-15 18:42:16,704 - INFO -    📁 КАТЕГОРИЯ: 'Деятельность управляющих компаний и ЖКХ'
2026-03-15 18:42:16,704 - INFO - ================================================================================
2026-03-15 18:42:16,704 - INFO - 
   🔍 6.1: ПОИСК ПОСЛЕДНЕГО ИНТЕРВАЛА С ДАННЫМИ
2026-03-15 18:42:16,704 - INFO -    Проверяем интервалы с конца (от 2 до 0):
2026-03-15 18:42:16,704 - INFO -       Интервал #2: 0 голосов
2026-03-15 18:42:16,704 - INFO -       Интервал #1: 27 голосов → ✅ НАЙДЕНО!
2026-03-15 18:42:16,704 - INFO -       Интервал #0: 31 голосов
2026-03-15 18:42:16,704 - INFO - 
   📌 ИТОГ: last_data_idx = 1
2026-03-15 18:42:16,704 - INFO -    📌 Значение в интервале 1: 27 голосов
2026-03-15 18:42:16,704 - INFO - 
   🔍 6.2: ПРОВЕРКА ЗАПОЛНЕННОСТИ ИНТЕРВАЛА 1
2026-03-15 18:42:16,704 - INFO -    Конец интервала 1: 07.03.2026 00:00:00
2026-03-15 18:42:16,704 - INFO -    Голосов после конца интервала: 0
2026-03-15 18:42:16,704 - INFO -    ❌ Интервал НЕ ЗАПОЛНЕН
2026-03-15 18:42:16,704 - INFO - 
   🔧 6.3: ПРИМЕНЕНИЕ ДОСТРОЙКИ
2026-03-15 18:42:16,704 - INFO -    Интервалов с данными (от 0 до 1): 2
2026-03-15 18:42:16,704 - INFO -    Всего интервалов: 3
2026-03-15 18:42:16,704 - INFO -    Формула: multiplier = total_intervals / num_intervals_with_data
2026-03-15 18:42:16,704 - INFO -    Вычисление: 3 / 2 = 1.500000
2026-03-15 18:42:16,704 - INFO - 
   📊 ДОСТРОЙКА ЗНАЧЕНИЯ:
2026-03-15 18:42:16,704 - INFO -    Интервал: #1
2026-03-15 18:42:16,704 - INFO -    Оригинальное значение: 27
2026-03-15 18:42:16,704 - INFO -    Коэффициент: 1.500000
2026-03-15 18:42:16,704 - INFO -    Вычисление: 27 × 1.500000 = 40.50
2026-03-15 18:42:16,704 - INFO -    После округления: 40
2026-03-15 18:42:16,704 - INFO -    ✅ ПРИМЕНЕНО: интервал 1: 27 → 40
2026-03-15 18:42:16,704 - INFO - 
   📋 6.4: ИТОГОВЫЕ ЗНАЧЕНИЯ ПО КАТЕГОРИИ:
2026-03-15 18:42:16,704 - INFO -    Интервал #0: 31 голосов ✅
2026-03-15 18:42:16,704 - INFO -    Интервал #1: 40 голосов ❌
2026-03-15 18:42:16,705 - INFO -    Интервал #2: 0 голосов ❌
2026-03-15 18:42:16,705 - INFO - 
================================================================================
2026-03-15 18:42:16,705 - INFO -    📁 КАТЕГОРИЯ: 'Безопасность и правонарушения'
2026-03-15 18:42:16,705 - INFO - ================================================================================
2026-03-15 18:42:16,705 - INFO - 
   🔍 6.1: ПОИСК ПОСЛЕДНЕГО ИНТЕРВАЛА С ДАННЫМИ
2026-03-15 18:42:16,705 - INFO -    Проверяем интервалы с конца (от 2 до 0):
2026-03-15 18:42:16,705 - INFO -       Интервал #2: 4 голосов → ✅ НАЙДЕНО!
2026-03-15 18:42:16,705 - INFO -       Интервал #1: 26 голосов
2026-03-15 18:42:16,705 - INFO -       Интервал #0: 40 голосов
2026-03-15 18:42:16,705 - INFO - 
   📌 ИТОГ: last_data_idx = 2
2026-03-15 18:42:16,705 - INFO -    📌 Значение в интервале 2: 4 голосов
2026-03-15 18:42:16,705 - INFO - 
   🔍 6.2: ПРОВЕРКА ЗАПОЛНЕННОСТИ ИНТЕРВАЛА 2
2026-03-15 18:42:16,705 - INFO -    Конец интервала 2: 14.03.2026 00:00:00
2026-03-15 18:42:16,705 - INFO -    Голосов после конца интервала: 0
2026-03-15 18:42:16,705 - INFO -    ❌ Интервал НЕ ЗАПОЛНЕН
2026-03-15 18:42:16,705 - INFO - 
   🔧 6.3: ПРИМЕНЕНИЕ ДОСТРОЙКИ
2026-03-15 18:42:16,705 - INFO -    Интервалов с данными (от 0 до 2): 3
2026-03-15 18:42:16,705 - INFO -    Всего интервалов: 3
2026-03-15 18:42:16,705 - INFO -    Формула: multiplier = total_intervals / num_intervals_with_data
2026-03-15 18:42:16,705 - INFO -    Вычисление: 3 / 3 = 1.000000
2026-03-15 18:42:16,705 - INFO - 
   📊 ДОСТРОЙКА ЗНАЧЕНИЯ:
2026-03-15 18:42:16,705 - INFO -    Интервал: #2
2026-03-15 18:42:16,705 - INFO -    Оригинальное значение: 4
2026-03-15 18:42:16,705 - INFO -    Коэффициент: 1.000000
2026-03-15 18:42:16,705 - INFO -    Вычисление: 4 × 1.000000 = 4.00
2026-03-15 18:42:16,705 - INFO -    После округления: 4
2026-03-15 18:42:16,705 - INFO -    ✅ ПРИМЕНЕНО: интервал 2: 4 → 4
2026-03-15 18:42:16,705 - INFO - 
   📋 6.4: ИТОГОВЫЕ ЗНАЧЕНИЯ ПО КАТЕГОРИИ:
2026-03-15 18:42:16,705 - INFO -    Интервал #0: 40 голосов ✅
2026-03-15 18:42:16,705 - INFO -    Интервал #1: 26 голосов ✅
2026-03-15 18:42:16,705 - INFO -    Интервал #2: 4 голосов ❌
2026-03-15 18:42:16,705 - INFO - 
================================================================================
2026-03-15 18:42:16,705 - INFO -    📁 КАТЕГОРИЯ: 'Здравоохранение и медицинская помощь'
2026-03-15 18:42:16,705 - INFO - ================================================================================
2026-03-15 18:42:16,705 - INFO - 
   🔍 6.1: ПОИСК ПОСЛЕДНЕГО ИНТЕРВАЛА С ДАННЫМИ
2026-03-15 18:42:16,705 - INFO -    Проверяем интервалы с конца (от 2 до 0):
2026-03-15 18:42:16,705 - INFO -       Интервал #2: 1 голосов → ✅ НАЙДЕНО!
2026-03-15 18:42:16,705 - INFO -       Интервал #1: 17 голосов
2026-03-15 18:42:16,705 - INFO -       Интервал #0: 52 голосов
2026-03-15 18:42:16,706 - INFO - 
   📌 ИТОГ: last_data_idx = 2
2026-03-15 18:42:16,706 - INFO -    📌 Значение в интервале 2: 1 голосов
2026-03-15 18:42:16,706 - INFO - 
   🔍 6.2: ПРОВЕРКА ЗАПОЛНЕННОСТИ ИНТЕРВАЛА 2
2026-03-15 18:42:16,706 - INFO -    Конец интервала 2: 14.03.2026 00:00:00
2026-03-15 18:42:16,706 - INFO -    Голосов после конца интервала: 0
2026-03-15 18:42:16,706 - INFO -    ❌ Интервал НЕ ЗАПОЛНЕН
2026-03-15 18:42:16,706 - INFO - 
   🔧 6.3: ПРИМЕНЕНИЕ ДОСТРОЙКИ
2026-03-15 18:42:16,706 - INFO -    Интервалов с данными (от 0 до 2): 3
2026-03-15 18:42:16,706 - INFO -    Всего интервалов: 3
2026-03-15 18:42:16,706 - INFO -    Формула: multiplier = total_intervals / num_intervals_with_data
2026-03-15 18:42:16,706 - INFO -    Вычисление: 3 / 3 = 1.000000
2026-03-15 18:42:16,706 - INFO - 
   📊 ДОСТРОЙКА ЗНАЧЕНИЯ:
2026-03-15 18:42:16,706 - INFO -    Интервал: #2
2026-03-15 18:42:16,706 - INFO -    Оригинальное значение: 1
2026-03-15 18:42:16,706 - INFO -    Коэффициент: 1.000000
2026-03-15 18:42:16,706 - INFO -    Вычисление: 1 × 1.000000 = 1.00
2026-03-15 18:42:16,706 - INFO -    После округления: 1
2026-03-15 18:42:16,706 - INFO -    ✅ ПРИМЕНЕНО: интервал 2: 1 → 1
2026-03-15 18:42:16,706 - INFO - 
   📋 6.4: ИТОГОВЫЕ ЗНАЧЕНИЯ ПО КАТЕГОРИИ:
2026-03-15 18:42:16,706 - INFO -    Интервал #0: 52 голосов ✅
2026-03-15 18:42:16,706 - INFO -    Интервал #1: 17 голосов ✅
2026-03-15 18:42:16,706 - INFO -    Интервал #2: 1 голосов ❌
2026-03-15 18:42:16,706 - INFO - 
================================================================================
2026-03-15 18:42:16,706 - INFO -    📁 КАТЕГОРИЯ: 'Парковки и размещение автомобилей'
2026-03-15 18:42:16,706 - INFO - ================================================================================
2026-03-15 18:42:16,706 - INFO - 
   🔍 6.1: ПОИСК ПОСЛЕДНЕГО ИНТЕРВАЛА С ДАННЫМИ
2026-03-15 18:42:16,706 - INFO -    Проверяем интервалы с конца (от 2 до 0):
2026-03-15 18:42:16,706 - INFO -       Интервал #2: 8 голосов → ✅ НАЙДЕНО!
2026-03-15 18:42:16,706 - INFO -       Интервал #1: 60 голосов
2026-03-15 18:42:16,706 - INFO -       Интервал #0: 4 голосов
2026-03-15 18:42:16,706 - INFO - 
   📌 ИТОГ: last_data_idx = 2
2026-03-15 18:42:16,706 - INFO -    📌 Значение в интервале 2: 8 голосов
2026-03-15 18:42:16,706 - INFO - 
   🔍 6.2: ПРОВЕРКА ЗАПОЛНЕННОСТИ ИНТЕРВАЛА 2
2026-03-15 18:42:16,706 - INFO -    Конец интервала 2: 14.03.2026 00:00:00
2026-03-15 18:42:16,706 - INFO -    Голосов после конца интервала: 0
2026-03-15 18:42:16,706 - INFO -    ❌ Интервал НЕ ЗАПОЛНЕН
2026-03-15 18:42:16,706 - INFO - 
   🔧 6.3: ПРИМЕНЕНИЕ ДОСТРОЙКИ
2026-03-15 18:42:16,707 - INFO -    Интервалов с данными (от 0 до 2): 3
2026-03-15 18:42:16,707 - INFO -    Всего интервалов: 3
2026-03-15 18:42:16,707 - INFO -    Формула: multiplier = total_intervals / num_intervals_with_data
2026-03-15 18:42:16,707 - INFO -    Вычисление: 3 / 3 = 1.000000
2026-03-15 18:42:16,707 - INFO - 
   📊 ДОСТРОЙКА ЗНАЧЕНИЯ:
2026-03-15 18:42:16,707 - INFO -    Интервал: #2
2026-03-15 18:42:16,707 - INFO -    Оригинальное значение: 8
2026-03-15 18:42:16,707 - INFO -    Коэффициент: 1.000000
2026-03-15 18:42:16,707 - INFO -    Вычисление: 8 × 1.000000 = 8.00
2026-03-15 18:42:16,707 - INFO -    После округления: 8
2026-03-15 18:42:16,707 - INFO -    ✅ ПРИМЕНЕНО: интервал 2: 8 → 8
2026-03-15 18:42:16,707 - INFO - 
   📋 6.4: ИТОГОВЫЕ ЗНАЧЕНИЯ ПО КАТЕГОРИИ:
2026-03-15 18:42:16,707 - INFO -    Интервал #0: 4 голосов ✅
2026-03-15 18:42:16,707 - INFO -    Интервал #1: 60 голосов ✅
2026-03-15 18:42:16,707 - INFO -    Интервал #2: 8 голосов ❌
2026-03-15 18:42:16,707 - INFO - 
====================================================================================================
2026-03-15 18:42:16,707 - INFO - 📈 ШАГ 7: ПОДГОТОВКА ДАННЫХ ДЛЯ ГРАФИКА
2026-03-15 18:42:16,707 - INFO - ====================================================================================================
2026-03-15 18:42:16,707 - INFO -    Ось X (индексы): [0, 1, 2]
2026-03-15 18:42:16,707 - INFO -    Подписи оси X: ['21.02-28.02', '28.02-07.03', '07.03-14.03']
2026-03-15 18:42:16,707 - INFO -    Категории: ['Безопасность и правонарушения', 'Деятельность управляющих компаний и ЖКХ', 'Здравоохранение и медицинская помощь', 'Парковки и размещение автомобилей', 'Проблемы с дорогами и дорожным движением', 'Работа общественного транспорта', 'Уборка снега и содержание территорий']
2026-03-15 18:42:16,707 - INFO - 
   📊 ЗНАЧЕНИЯ ДЛЯ ГРАФИКА:
2026-03-15 18:42:16,707 - INFO -    Безопасность и правонарушения: [40, 26, 4]
2026-03-15 18:42:16,707 - INFO -    Деятельность управляющих компаний и ЖКХ: [31, 40, 0]
2026-03-15 18:42:16,707 - INFO -    Здравоохранение и медицинская помощь: [52, 17, 1]
2026-03-15 18:42:16,707 - INFO -    Парковки и размещение автомобилей: [4, 60, 8]
2026-03-15 18:42:16,707 - INFO -    Проблемы с дорогами и дорожным движением: [30, 41, 4]
2026-03-15 18:42:16,707 - INFO -    Работа общественного транспорта: [27, 40, 5]
2026-03-15 18:42:16,707 - INFO -    Уборка снега и содержание территорий: [66, 38, 4]
2026-03-15 18:42:16,707 - INFO - 
====================================================================================================
2026-03-15 18:42:16,707 - INFO - 🎨 ШАГ 8: ПОСТРОЕНИЕ ГРАФИКА
2026-03-15 18:42:16,707 - INFO - ====================================================================================================
2026-03-15 18:42:16,711 - DEBUG - Loaded backend agg version v2.2.
2026-03-15 18:42:16,713 - DEBUG - findfont: Matching sans\-serif:style=normal:variant=normal:weight=normal:stretch=normal:size=10.0.
2026-03-15 18:42:16,713 - DEBUG - findfont: score(FontEntry(fname='/home/hkds/Desktop/PythonPrg/AIChatReviewer/.venv/lib/python3.12/site-packages/matplotlib/mpl-data/fonts/ttf/STIXSizThreeSymReg.ttf', name='STIXSizeThreeSym', style='normal', variant='normal', weight=400, stretch='normal', size='scalable')) = 10.05
2026-03-15 18:42:16,713 - DEBUG - findfont: score(FontEntry(fname='/home/hkds/Desktop/PythonPrg/AIChatReviewer/.venv/lib/python3.12/site-packages/matplotlib/mpl-data/fonts/ttf/DejaVuSansMono.ttf', name='DejaVu Sans Mono', style='normal', variant='normal', weight=400, stretch='normal', size='scalable')) = 10.05
2026-03-15 18:42:16,713 - DEBUG - findfont: score(FontEntry(fname='/home/hkds/Desktop/PythonPrg/AIChatReviewer/.venv/lib/python3.12/site-packages/matplotlib/mpl-data/fonts/ttf/STIXGeneralBolIta.ttf', name='STIXGeneral', style='italic', variant='normal', weight=700, stretch='normal', size='scalable')) = 11.335
2026-03-15 18:42:16,713 - DEBUG - findfont: score(FontEntry(fname='/home/hkds/Desktop/PythonPrg/AIChatReviewer/.venv/lib/python3.12/site-packages/matplotlib/mpl-data/fonts/ttf/DejaVuSansMono-Oblique.ttf', name='DejaVu Sans Mono', style='oblique', variant='normal', weight=400, stretch='normal', size='scalable')) = 11.05
2026-03-15 18:42:16,713 - DEBUG - findfont: score(FontEntry(fname='/home/hkds/Desktop/PythonPrg/AIChatReviewer/.venv/lib/python3.12/site-packages/matplotlib/mpl-data/fonts/ttf/STIXSizTwoSymReg.ttf', name='STIXSizeTwoSym', style='normal', variant='normal', weight=400, stretch='normal', size='scalable')) = 10.05
2026-03-15 18:42:16,713 - DEBUG - findfont: score(FontEntry(fname='/home/hkds/Desktop/PythonPrg/AIChatReviewer/.venv/lib/python3.12/site-packages/matplotlib/mpl-data/fonts/ttf/STIXGeneralBol.ttf', name='STIXGeneral', style='normal', variant='normal', weight=700, stretch='normal', size='scalable')) = 10.335
2026-03-15 18:42:16,713 - DEBUG - findfont: score(FontEntry(fname='/home/hkds/Desktop/PythonPrg/AIChatReviewer/.venv/lib/python3.12/site-packages/matplotlib/mpl-data/fonts/ttf/STIXSizFiveSymReg.ttf', name='STIXSizeFiveSym', style='normal', variant='normal', weight=400, stretch='normal', size='scalable')) = 10.05
2026-03-15 18:42:16,713 - DEBUG - findfont: score(FontEntry(fname='/home/hkds/Desktop/PythonPrg/AIChatReviewer/.venv/lib/python3.12/site-packages/matplotlib/mpl-data/fonts/ttf/DejaVuSansMono-Bold.ttf', name='DejaVu Sans Mono', style='normal', variant='normal', weight=700, stretch='normal', size='scalable')) = 10.335
2026-03-15 18:42:16,713 - DEBUG - findfont: score(FontEntry(fname='/home/hkds/Desktop/PythonPrg/AIChatReviewer/.venv/lib/python3.12/site-packages/matplotlib/mpl-data/fonts/ttf/STIXSizThreeSymBol.ttf', name='STIXSizeThreeSym', style='normal', variant='normal', weight=700, stretch='normal', size='scalable')) = 10.335
2026-03-15 18:42:16,713 - DEBUG - findfont: score(FontEntry(fname='/home/hkds/Desktop/PythonPrg/AIChatReviewer/.venv/lib/python3.12/site-packages/matplotlib/mpl-data/fonts/ttf/DejaVuSans-Bold.ttf', name='DejaVu Sans', style='normal', variant='normal', weight=700, stretch='normal', size='scalable')) = 0.33499999999999996
2026-03-15 18:42:16,713 - DEBUG - findfont: score(FontEntry(fname='/home/hkds/Desktop/PythonPrg/AIChatReviewer/.venv/lib/python3.12/site-packages/matplotlib/mpl-data/fonts/ttf/DejaVuSerif.ttf', name='DejaVu Serif', style='normal', variant='normal', weight=400, stretch='normal', size='scalable')) = 10.05
2026-03-15 18:42:16,713 - DEBUG - findfont: score(FontEntry(fname='/home/hkds/Desktop/PythonPrg/AIChatReviewer/.venv/lib/python3.12/site-packages/matplotlib/mpl-data/fonts/ttf/DejaVuSans-Oblique.ttf', name='DejaVu Sans', style='oblique', variant='normal', weight=400, stretch='normal', size='scalable')) = 1.05
2026-03-15 18:42:16,713 - DEBUG - findfont: score(FontEntry(fname='/home/hkds/Desktop/PythonPrg/AIChatReviewer/.venv/lib/python3.12/site-packages/matplotlib/mpl-data/fonts/ttf/STIXSizFourSymBol.ttf', name='STIXSizeFourSym', style='normal', variant='normal', weight=700, stretch='normal', size='scalable')) = 10.335
2026-03-15 18:42:16,713 - DEBUG - findfont: score(FontEntry(fname='/home/hkds/Desktop/PythonPrg/AIChatReviewer/.venv/lib/python3.12/site-packages/matplotlib/mpl-data/fonts/ttf/DejaVuSerif-Italic.ttf', name='DejaVu Serif', style='italic', variant='normal', weight=400, stretch='normal', size='scalable')) = 11.05
2026-03-15 18:42:16,713 - DEBUG - findfont: score(FontEntry(fname='/home/hkds/Desktop/PythonPrg/AIChatReviewer/.venv/lib/python3.12/site-packages/matplotlib/mpl-data/fonts/ttf/STIXSizTwoSymBol.ttf', name='STIXSizeTwoSym', style='normal', variant='normal', weight=700, stretch='normal', size='scalable')) = 10.335
2026-03-15 18:42:16,714 - DEBUG - findfont: score(FontEntry(fname='/home/hkds/Desktop/PythonPrg/AIChatReviewer/.venv/lib/python3.12/site-packages/matplotlib/mpl-data/fonts/ttf/DejaVuSans-BoldOblique.ttf', name='DejaVu Sans', style='oblique', variant='normal', weight=700, stretch='normal', size='scalable')) = 1.335
2026-03-15 18:42:16,714 - DEBUG - findfont: score(FontEntry(fname='/home/hkds/Desktop/PythonPrg/AIChatReviewer/.venv/lib/python3.12/site-packages/matplotlib/mpl-data/fonts/ttf/DejaVuSerif-Bold.ttf', name='DejaVu Serif', style='normal', variant='normal', weight=700, stretch='normal', size='scalable')) = 10.335
2026-03-15 18:42:16,714 - DEBUG - findfont: score(FontEntry(fname='/home/hkds/Desktop/PythonPrg/AIChatReviewer/.venv/lib/python3.12/site-packages/matplotlib/mpl-data/fonts/ttf/cmmi10.ttf', name='cmmi10', style='normal', variant='normal', weight=400, stretch='normal', size='scalable')) = 10.05
2026-03-15 18:42:16,714 - DEBUG - findfont: score(FontEntry(fname='/home/hkds/Desktop/PythonPrg/AIChatReviewer/.venv/lib/python3.12/site-packages/matplotlib/mpl-data/fonts/ttf/DejaVuSansMono-BoldOblique.ttf', name='DejaVu Sans Mono', style='oblique', variant='normal', weight=700, stretch='normal', size='scalable')) = 11.335
2026-03-15 18:42:16,714 - DEBUG - findfont: score(FontEntry(fname='/home/hkds/Desktop/PythonPrg/AIChatReviewer/.venv/lib/python3.12/site-packages/matplotlib/mpl-data/fonts/ttf/STIXNonUniBol.ttf', name='STIXNonUnicode', style='normal', variant='normal', weight=700, stretch='normal', size='scalable')) = 10.335
2026-03-15 18:42:16,714 - DEBUG - findfont: score(FontEntry(fname='/home/hkds/Desktop/PythonPrg/AIChatReviewer/.venv/lib/python3.12/site-packages/matplotlib/mpl-data/fonts/ttf/STIXSizOneSymReg.ttf', name='STIXSizeOneSym', style='normal', variant='normal', weight=400, stretch='normal', size='scalable')) = 10.05
2026-03-15 18:42:16,714 - DEBUG - findfont: score(FontEntry(fname='/home/hkds/Desktop/PythonPrg/AIChatReviewer/.venv/lib/python3.12/site-packages/matplotlib/mpl-data/fonts/ttf/STIXNonUniBolIta.ttf', name='STIXNonUnicode', style='italic', variant='normal', weight=700, stretch='normal', size='scalable')) = 11.335
2026-03-15 18:42:16,714 - DEBUG - findfont: score(FontEntry(fname='/home/hkds/Desktop/PythonPrg/AIChatReviewer/.venv/lib/python3.12/site-packages/matplotlib/mpl-data/fonts/ttf/cmss10.ttf', name='cmss10', style='normal', variant='normal', weight=400, stretch='normal', size='scalable')) = 10.05
2026-03-15 18:42:16,714 - DEBUG - findfont: score(FontEntry(fname='/home/hkds/Desktop/PythonPrg/AIChatReviewer/.venv/lib/python3.12/site-packages/matplotlib/mpl-data/fonts/ttf/cmtt10.ttf', name='cmtt10', style='normal', variant='normal', weight=400, stretch='normal', size='scalable')) = 10.05
2026-03-15 18:42:16,714 - DEBUG - findfont: score(FontEntry(fname='/home/hkds/Desktop/PythonPrg/AIChatReviewer/.venv/lib/python3.12/site-packages/matplotlib/mpl-data/fonts/ttf/DejaVuSansDisplay.ttf', name='DejaVu Sans Display', style='normal', variant='normal', weight=400, stretch='normal', size='scalable')) = 10.05
2026-03-15 18:42:16,714 - DEBUG - findfont: score(FontEntry(fname='/home/hkds/Desktop/PythonPrg/AIChatReviewer/.venv/lib/python3.12/site-packages/matplotlib/mpl-data/fonts/ttf/DejaVuSerif-BoldItalic.ttf', name='DejaVu Serif', style='italic', variant='normal', weight=700, stretch='normal', size='scalable')) = 11.335
2026-03-15 18:42:16,714 - DEBUG - findfont: score(FontEntry(fname='/home/hkds/Desktop/PythonPrg/AIChatReviewer/.venv/lib/python3.12/site-packages/matplotlib/mpl-data/fonts/ttf/cmb10.ttf', name='cmb10', style='normal', variant='normal', weight=400, stretch='normal', size='scalable')) = 10.05
2026-03-15 18:42:16,714 - DEBUG - findfont: score(FontEntry(fname='/home/hkds/Desktop/PythonPrg/AIChatReviewer/.venv/lib/python3.12/site-packages/matplotlib/mpl-data/fonts/ttf/cmsy10.ttf', name='cmsy10', style='normal', variant='normal', weight=400, stretch='normal', size='scalable')) = 10.05
2026-03-15 18:42:16,714 - DEBUG - findfont: score(FontEntry(fname='/home/hkds/Desktop/PythonPrg/AIChatReviewer/.venv/lib/python3.12/site-packages/matplotlib/mpl-data/fonts/ttf/STIXGeneral.ttf', name='STIXGeneral', style='normal', variant='normal', weight=400, stretch='normal', size='scalable')) = 10.05
2026-03-15 18:42:16,714 - DEBUG - findfont: score(FontEntry(fname='/home/hkds/Desktop/PythonPrg/AIChatReviewer/.venv/lib/python3.12/site-packages/matplotlib/mpl-data/fonts/ttf/STIXSizOneSymBol.ttf', name='STIXSizeOneSym', style='normal', variant='normal', weight=700, stretch='normal', size='scalable')) = 10.335
2026-03-15 18:42:16,714 - DEBUG - findfont: score(FontEntry(fname='/home/hkds/Desktop/PythonPrg/AIChatReviewer/.venv/lib/python3.12/site-packages/matplotlib/mpl-data/fonts/ttf/cmex10.ttf', name='cmex10', style='normal', variant='normal', weight=400, stretch='normal', size='scalable')) = 10.05
2026-03-15 18:42:16,714 - DEBUG - findfont: score(FontEntry(fname='/home/hkds/Desktop/PythonPrg/AIChatReviewer/.venv/lib/python3.12/site-packages/matplotlib/mpl-data/fonts/ttf/STIXSizFourSymReg.ttf', name='STIXSizeFourSym', style='normal', variant='normal', weight=400, stretch='normal', size='scalable')) = 10.05
2026-03-15 18:42:16,714 - DEBUG - findfont: score(FontEntry(fname='/home/hkds/Desktop/PythonPrg/AIChatReviewer/.venv/lib/python3.12/site-packages/matplotlib/mpl-data/fonts/ttf/DejaVuSans.ttf', name='DejaVu Sans', style='normal', variant='normal', weight=400, stretch='normal', size='scalable')) = 0.05
2026-03-15 18:42:16,714 - DEBUG - findfont: score(FontEntry(fname='/home/hkds/Desktop/PythonPrg/AIChatReviewer/.venv/lib/python3.12/site-packages/matplotlib/mpl-data/fonts/ttf/STIXGeneralItalic.ttf', name='STIXGeneral', style='italic', variant='normal', weight=400, stretch='normal', size='scalable')) = 11.05
2026-03-15 18:42:16,714 - DEBUG - findfont: score(FontEntry(fname='/home/hkds/Desktop/PythonPrg/AIChatReviewer/.venv/lib/python3.12/site-packages/matplotlib/mpl-data/fonts/ttf/DejaVuSerifDisplay.ttf', name='DejaVu Serif Display', style='normal', variant='normal', weight=400, stretch='normal', size='scalable')) = 10.05
2026-03-15 18:42:16,714 - DEBUG - findfont: score(FontEntry(fname='/home/hkds/Desktop/PythonPrg/AIChatReviewer/.venv/lib/python3.12/site-packages/matplotlib/mpl-data/fonts/ttf/STIXNonUniIta.ttf', name='STIXNonUnicode', style='italic', variant='normal', weight=400, stretch='normal', size='scalable')) = 11.05
2026-03-15 18:42:16,714 - DEBUG - findfont: score(FontEntry(fname='/home/hkds/Desktop/PythonPrg/AIChatReviewer/.venv/lib/python3.12/site-packages/matplotlib/mpl-data/fonts/ttf/cmr10.ttf', name='cmr10', style='normal', variant='normal', weight=400, stretch='normal', size='scalable')) = 10.05
2026-03-15 18:42:16,714 - DEBUG - findfont: score(FontEntry(fname='/home/hkds/Desktop/PythonPrg/AIChatReviewer/.venv/lib/python3.12/site-packages/matplotlib/mpl-data/fonts/ttf/STIXNonUni.ttf', name='STIXNonUnicode', style='normal', variant='normal', weight=400, stretch='normal', size='scalable')) = 10.05
2026-03-15 18:42:16,714 - DEBUG - findfont: score(FontEntry(fname='/usr/share/fonts/truetype/noto/NotoSansTifinaghAir-Regular.ttf', name='Noto Sans Tifinagh Air', style='normal', variant='normal', weight=400, stretch='normal', size='scalable')) = 10.05
2026-03-15 18:42:16,715 - DEBUG - findfont: score(FontEntry(fname='/usr/share/fonts/truetype/noto/NotoSansMro-Regular.ttf', name='Noto Sans Mro', style='normal', variant='normal', weight=400, stretch='normal', size='scalable')) = 10.05
2026-03-15 18:42:16,715 - DEBUG - findfont: score(FontEntry(fname='/usr/share/fonts/truetype/noto/NotoKufiArabic-Regular.ttf', name='Noto Kufi Arabic', style='normal', variant='normal', weight=400, stretch='normal', size='scalable')) = 10.05
2026-03-15 18:42:16,715 - DEBUG - findfont: score(FontEntry(fname='/usr/share/fonts/truetype/noto/NotoSansTaiTham-Bold.ttf', name='Noto Sans Tai Tham', style='normal', variant='normal', weight=700, stretch='normal', size='scalable')) = 10.335
2026-03-15 18:42:16,715 - DEBUG - findfont: score(FontEntry(fname='/usr/share/fonts/truetype/noto/NotoSansBalinese-Regular.ttf', name='Noto Sans Balinese', style='normal', variant='normal', weight=400, stretch='normal', size='scalable')) = 10.05
2026-03-15 18:42:16,715 - DEBUG - findfont: score(FontEntry(fname='/usr/share/fonts/truetype/noto/NotoSansTelugu-Bold.ttf', name='Noto Sans Telugu', style='normal', variant='normal', weight=700, stretch='normal', size='scalable')) = 10.335
2026-03-15 18:42:16,715 - DEBUG - findfont: score(FontEntry(fname='/usr/share/fonts/truetype/liberation/LiberationSerif-Regular.ttf', name='Liberation Serif', style='normal', variant='normal', weight=400, stretch='normal', size='scalable')) = 10.05
2026-03-15 18:42:16,715 - DEBUG - findfont: score(FontEntry(fname='/usr/share/fonts/truetype/noto/NotoSansBhaiksuki-Regular.ttf', name='Noto Sans Bhaiksuki', style='normal', variant='normal', weight=400, stretch='normal', size='scalable')) = 10.05
2026-03-15 18:42:16,715 - DEBUG - findfont: score(FontEntry(fname='/usr/share/fonts/truetype/dejavu/DejaVuSansMono-BoldOblique.ttf', name='DejaVu Sans Mono', style='oblique', variant='normal', weight=700, stretch='normal', size='scalable')) = 11.335
2026-03-15 18:42:16,715 - DEBUG - findfont: score(FontEntry(fname='/usr/share/fonts/truetype/noto/NotoSansMeeteiMayek-Bold.ttf', name='Noto Sans Meetei Mayek', style='normal', variant='normal', weight=700, stretch='normal', size='scalable')) = 10.335
2026-03-15 18:42:16,715 - DEBUG - findfont: score(FontEntry(fname='/usr/share/fonts/truetype/noto/NotoSansSymbols-Bold.ttf', name='Noto Sans Symbols', style='normal', variant='normal', weight=700, stretch='normal', size='scalable')) = 10.335
2026-03-15 18:42:16,715 - DEBUG - findfont: score(FontEntry(fname='/usr/share/fonts/truetype/noto/NotoSansTaiTham-Regular.ttf', name='Noto Sans Tai Tham', style='normal', variant='normal', weight=400, stretch='normal', size='scalable')) = 10.05
2026-03-15 18:42:16,715 - DEBUG - findfont: score(FontEntry(fname='/usr/share/fonts/truetype/noto/NotoSansOsmanya-Regular.ttf', name='Noto Sans Osmanya', style='normal', variant='normal', weight=400, stretch='normal', size='scalable')) = 10.05
2026-03-15 18:42:16,715 - DEBUG - findfont: score(FontEntry(fname='/usr/share/fonts/truetype/noto/NotoSansImperialAramaic-Regular.ttf', name='Noto Sans Imperial Aramaic', style='normal', variant='normal', weight=400, stretch='normal', size='scalable')) = 10.05
2026-03-15 18:42:16,715 - DEBUG - findfont: score(FontEntry(fname='/usr/share/fonts/opentype/urw-base35/Z003-MediumItalic.otf', name='Z003', style='italic', variant='normal', weight=500, stretch='normal', size='scalable')) = 11.145
2026-03-15 18:42:16,715 - DEBUG - findfont: score(FontEntry(fname='/usr/share/fonts/truetype/noto/NotoSansCypriot-Regular.ttf', name='Noto Sans Cypriot', style='normal', variant='normal', weight=400, stretch='normal', size='scalable')) = 10.05
2026-03-15 18:42:16,715 - DEBUG - findfont: score(FontEntry(fname='/usr/share/fonts/truetype/noto/NotoSansInscriptionalParthian-Regular.ttf', name='Noto Sans Inscriptional Parthian', style='normal', variant='normal', weight=400, stretch='normal', size='scalable')) = 10.05
2026-03-15 18:42:16,715 - DEBUG - findfont: score(FontEntry(fname='/usr/share/fonts/truetype/ubuntu/UbuntuSans-Italic[wdth,wght].ttf', name='Ubuntu Sans', style='italic', variant='normal', weight=400, stretch='normal', size='scalable')) = 11.05
2026-03-15 18:42:16,715 - DEBUG - findfont: score(FontEntry(fname='/usr/share/fonts/truetype/noto/NotoLoopedThai-Bold.ttf', name='Noto Looped Thai', style='normal', variant='normal', weight=700, stretch='normal', size='scalable')) = 10.335
2026-03-15 18:42:16,715 - DEBUG - findfont: score(FontEntry(fname='/usr/share/fonts/truetype/noto/NotoSansDeseret-Regular.ttf', name='Noto Sans Deseret', style='normal', variant='normal', weight=400, stretch='normal', size='scalable')) = 10.05
2026-03-15 18:42:16,715 - DEBUG - findfont: score(FontEntry(fname='/usr/share/fonts/truetype/noto/NotoSansTifinaghAgrawImazighen-Regular.ttf', name='Noto Sans Tifinagh Agraw Imazighen', style='normal', variant='normal', weight=400, stretch='normal', size='scalable')) = 10.05
2026-03-15 18:42:16,715 - DEBUG - findfont: score(FontEntry(fname='/usr/share/fonts/truetype/noto/NotoSansCuneiform-Regular.ttf', name='Noto Sans Cuneiform', style='normal', variant='normal', weight=400, stretch='normal', size='scalable')) = 10.05
2026-03-15 18:42:16,715 - DEBUG - findfont: score(FontEntry(fname='/usr/share/fonts/truetype/noto/NotoSansBuginese-Regular.ttf', name='Noto Sans Buginese', style='normal', variant='normal', weight=400, stretch='normal', size='scalable')) = 10.05
2026-03-15 18:42:16,715 - DEBUG - findfont: score(FontEntry(fname='/usr/share/fonts/truetype/noto/NotoSansTifinaghSIL-Regular.ttf', name='Noto Sans Tifinagh SIL', style='normal', variant='normal', weight=400, stretch='normal', size='scalable')) = 10.05
2026-03-15 18:42:16,715 - DEBUG - findfont: score(FontEntry(fname='/usr/share/fonts/truetype/ubuntu/UbuntuMono-RI.ttf', name='Ubuntu Mono', style='italic', variant='normal', weight=400, stretch='normal', size='scalable')) = 11.05
2026-03-15 18:42:16,715 - DEBUG - findfont: score(FontEntry(fname='/usr/share/fonts/truetype/ubuntu/Ubuntu-MI.ttf', name='Ubuntu', style='italic', variant='normal', weight=400, stretch='normal', size='scalable')) = 11.05
2026-03-15 18:42:16,716 - DEBUG - findfont: score(FontEntry(fname='/usr/share/fonts/truetype/noto/NotoSansDevanagari-Bold.ttf', name='Noto Sans Devanagari', style='normal', variant='normal', weight=700, stretch='normal', size='scalable')) = 10.335
2026-03-15 18:42:16,716 - DEBUG - findfont: score(FontEntry(fname='/usr/share/fonts/truetype/noto/NotoSansGurmukhi-Bold.ttf', name='Noto Sans Gurmukhi', style='normal', variant='normal', weight=700, stretch='normal', size='scalable')) = 10.335
2026-03-15 18:42:16,716 - DEBUG - findfont: score(FontEntry(fname='/usr/share/fonts/truetype/noto/NotoSansNabataean-Regular.ttf', name='Noto Sans Nabataean', style='normal', variant='normal', weight=400, stretch='normal', size='scalable')) = 10.05
2026-03-15 18:42:16,716 - DEBUG - findfont: score(FontEntry(fname='/usr/share/fonts/truetype/noto/NotoSansLydian-Regular.ttf', name='Noto Sans Lydian', style='normal', variant='normal', weight=400, stretch='normal', size='scalable')) = 10.05
2026-03-15 18:42:16,716 - DEBUG - findfont: score(FontEntry(fname='/usr/share/fonts/truetype/noto/NotoSerifYezidi-Regular.ttf', name='Noto Serif Yezidi', style='normal', variant='normal', weight=400, stretch='normal', size='scalable')) = 10.05
2026-03-15 18:42:16,716 - DEBUG - findfont: score(FontEntry(fname='/usr/share/fonts/truetype/noto/NotoSansGujarati-Bold.ttf', name='Noto Sans Gujarati', style='normal', variant='normal', weight=700, stretch='normal', size='scalable')) = 10.335
2026-03-15 18:42:16,716 - DEBUG - findfont: score(FontEntry(fname='/usr/share/fonts/truetype/noto/NotoSansUgaritic-Regular.ttf', name='Noto Sans Ugaritic', style='normal', variant='normal', weight=400, stretch='normal', size='scalable')) = 10.05
2026-03-15 18:42:16,716 - DEBUG - findfont: score(FontEntry(fname='/usr/share/fonts/truetype/noto/NotoSansKannada-Regular.ttf', name='Noto Sans Kannada', style='normal', variant='normal', weight=400, stretch='normal', size='scalable')) = 10.05
2026-03-15 18:42:16,716 - DEBUG - findfont: score(FontEntry(fname='/usr/share/fonts/truetype/ubuntu/Ubuntu-BI.ttf', name='Ubuntu', style='italic', variant='normal', weight=400, stretch='normal', size='scalable')) = 11.05
2026-03-15 18:42:16,716 - DEBUG - findfont: score(FontEntry(fname='/usr/share/fonts/truetype/noto/NotoMono-Regular.ttf', name='Noto Mono', style='normal', variant='normal', weight=400, stretch='normal', size='scalable')) = 10.05
2026-03-15 18:42:16,716 - DEBUG - findfont: score(FontEntry(fname='/usr/share/fonts/truetype/ubuntu/Ubuntu-LI.ttf', name='Ubuntu', style='italic', variant='normal', weight=400, stretch='normal', size='scalable')) = 11.05
2026-03-15 18:42:16,716 - DEBUG - findfont: score(FontEntry(fname='/usr/share/fonts/truetype/noto/NotoSerifKannada-Regular.ttf', name='Noto Serif Kannada', style='normal', variant='normal', weight=400, stretch='normal', size='scalable')) = 10.05
2026-03-15 18:42:16,716 - DEBUG - findfont: score(FontEntry(fname='/usr/share/fonts/truetype/noto/NotoSansKannada-Bold.ttf', name='Noto Sans Kannada', style='normal', variant='normal', weight=700, stretch='normal', size='scalable')) = 10.335
2026-03-15 18:42:16,716 - DEBUG - findfont: score(FontEntry(fname='/usr/share/fonts/truetype/noto/NotoSansMultani-Regular.ttf', name='Noto Sans Multani', style='normal', variant='normal', weight=400, stretch='normal', size='scalable')) = 10.05
2026-03-15 18:42:16,716 - DEBUG - findfont: score(FontEntry(fname='/usr/share/fonts/truetype/noto/NotoSansGothic-Regular.ttf', name='Noto Sans Gothic', style='normal', variant='normal', weight=400, stretch='normal', size='scalable')) = 10.05
2026-03-15 18:42:16,716 - DEBUG - findfont: score(FontEntry(fname='/usr/share/fonts/truetype/noto/NotoSansPhagsPa-Regular.ttf', name='Noto Sans PhagsPa', style='normal', variant='normal', weight=400, stretch='normal', size='scalable')) = 10.05
2026-03-15 18:42:16,716 - DEBUG - findfont: score(FontEntry(fname='/usr/share/fonts/truetype/noto/NotoSansTamilSupplement-Regular.ttf', name='Noto Sans Tamil Supplement', style='normal', variant='normal', weight=400, stretch='normal', size='scalable')) = 10.05
2026-03-15 18:42:16,716 - DEBUG - findfont: score(FontEntry(fname='/usr/share/fonts/opentype/urw-base35/NimbusRoman-Italic.otf', name='Nimbus Roman', style='italic', variant='normal', weight=400, stretch='normal', size='scalable')) = 11.05
2026-03-15 18:42:16,716 - DEBUG - findfont: score(FontEntry(fname='/usr/share/fonts/truetype/noto/NotoSerifNyiakengPuachueHmong-Bold.ttf', name='Noto Serif Hmong Nyiakeng', style='normal', variant='normal', weight=700, stretch='normal', size='scalable')) = 10.335
2026-03-15 18:42:16,716 - DEBUG - findfont: score(FontEntry(fname='/usr/share/fonts/opentype/urw-base35/StandardSymbolsPS.otf', name='Standard Symbols PS', style='normal', variant='normal', weight=400, stretch='normal', size='scalable')) = 10.05
2026-03-15 18:42:16,716 - DEBUG - findfont: score(FontEntry(fname='/usr/share/fonts/truetype/noto/NotoSansIndicSiyaqNumbers-Regular.ttf', name='Noto Sans Indic Siyaq Numbers', style='normal', variant='normal', weight=400, stretch='normal', size='scalable')) = 10.05
2026-03-15 18:42:16,716 - DEBUG - findfont: score(FontEntry(fname='/usr/share/fonts/truetype/noto/NotoSerifSinhala-Bold.ttf', name='Noto Serif Sinhala', style='normal', variant='normal', weight=700, stretch='normal', size='scalable')) = 10.335
2026-03-15 18:42:16,716 - DEBUG - findfont: score(FontEntry(fname='/home/hkds/.fonts/Roboto-Medium.ttf', name='Roboto', style='normal', variant='normal', weight=500, stretch='normal', size='scalable')) = 10.145
2026-03-15 18:42:16,716 - DEBUG - findfont: score(FontEntry(fname='/usr/share/fonts/opentype/urw-base35/URWBookman-LightItalic.otf', name='URW Bookman', style='italic', variant='normal', weight=300, stretch='normal', size='scalable')) = 11.145
2026-03-15 18:42:16,716 - DEBUG - findfont: score(FontEntry(fname='/usr/share/fonts/truetype/noto/NotoSansRejang-Regular.ttf', name='Noto Sans Rejang', style='normal', variant='normal', weight=400, stretch='normal', size='scalable')) = 10.05
2026-03-15 18:42:16,717 - DEBUG - findfont: score(FontEntry(fname='/usr/share/fonts/truetype/liberation/LiberationSans-Regular.ttf', name='Liberation Sans', style='normal', variant='normal', weight=400, stretch='normal', size='scalable')) = 10.05
2026-03-15 18:42:16,717 - DEBUG - findfont: score(FontEntry(fname='/usr/share/fonts/truetype/noto/NotoSerifYezidi-Bold.ttf', name='Noto Serif Yezidi', style='normal', variant='normal', weight=700, stretch='normal', size='scalable')) = 10.335
2026-03-15 18:42:16,717 - DEBUG - findfont: score(FontEntry(fname='/usr/share/fonts/truetype/noto/NotoSansTifinaghRhissaIxa-Regular.ttf', name='Noto Sans Tifinagh Rhissa Ixa', style='normal', variant='normal', weight=400, stretch='normal', size='scalable')) = 10.05
2026-03-15 18:42:16,717 - DEBUG - findfont: score(FontEntry(fname='/usr/share/fonts/truetype/liberation/LiberationMono-Bold.ttf', name='Liberation Mono', style='normal', variant='normal', weight=700, stretch='normal', size='scalable')) = 10.335
2026-03-15 18:42:16,717 - DEBUG - findfont: score(FontEntry(fname='/usr/share/fonts/truetype/noto/NotoLoopedLao-Bold.ttf', name='Noto Looped Lao', style='normal', variant='normal', weight=700, stretch='normal', size='scalable')) = 10.335
2026-03-15 18:42:16,717 - DEBUG - findfont: score(FontEntry(fname='/usr/share/fonts/opentype/urw-base35/NimbusMonoPS-Regular.otf', name='Nimbus Mono PS', style='normal', variant='normal', weight=400, stretch='normal', size='scalable')) = 10.05
2026-03-15 18:42:16,717 - DEBUG - findfont: score(FontEntry(fname='/usr/share/fonts/truetype/noto/NotoSerifLao-Regular.ttf', name='Noto Serif Lao', style='normal', variant='normal', weight=400, stretch='normal', size='scalable')) = 10.05
2026-03-15 18:42:16,717 - DEBUG - findfont: score(FontEntry(fname='/usr/share/fonts/truetype/noto/NotoSansMyanmar-Regular.ttf', name='Noto Sans Myanmar', style='normal', variant='normal', weight=400, stretch='normal', size='scalable')) = 10.05
2026-03-15 18:42:16,717 - DEBUG - findfont: score(FontEntry(fname='/usr/share/fonts/truetype/noto/NotoSerifArmenian-Bold.ttf', name='Noto Serif Armenian', style='normal', variant='normal', weight=700, stretch='normal', size='scalable')) = 10.335
2026-03-15 18:42:16,717 - DEBUG - findfont: score(FontEntry(fname='/usr/share/fonts/truetype/noto/NotoSansMiao-Regular.ttf', name='Noto Sans Miao', style='normal', variant='normal', weight=400, stretch='normal', size='scalable')) = 10.05
2026-03-15 18:42:16,717 - DEBUG - findfont: score(FontEntry(fname='/usr/share/fonts/truetype/noto/NotoSansHebrew-Regular.ttf', name='Noto Sans Hebrew', style='normal', variant='normal', weight=400, stretch='normal', size='scalable')) = 10.05
2026-03-15 18:42:16,717 - DEBUG - findfont: score(FontEntry(fname='/home/hkds/.fonts/CustomTkinter_shapes_font.otf', name='CustomTkinter_shapes_font', style='normal', variant='normal', weight=500, stretch='normal', size='scalable')) = 10.145
2026-03-15 18:42:16,717 - DEBUG - findfont: score(FontEntry(fname='/usr/share/fonts/opentype/noto/NotoSansCJK-Bold.ttc', name='Noto Sans CJK JP', style='normal', variant='normal', weight=700, stretch='normal', size='scalable')) = 10.335
2026-03-15 18:42:16,717 - DEBUG - findfont: score(FontEntry(fname='/usr/share/fonts/truetype/noto/NotoSansSinhala-Bold.ttf', name='Noto Sans Sinhala', style='normal', variant='normal', weight=700, stretch='normal', size='scalable')) = 10.335
2026-03-15 18:42:16,717 - DEBUG - findfont: score(FontEntry(fname='/usr/share/fonts/truetype/noto/NotoSansOriya-Bold.ttf', name='Noto Sans Oriya', style='normal', variant='normal', weight=700, stretch='normal', size='scalable')) = 10.335
2026-03-15 18:42:16,717 - DEBUG - findfont: score(FontEntry(fname='/usr/share/fonts/truetype/noto/NotoSansBengali-Regular.ttf', name='Noto Sans Bengali', style='normal', variant='normal', weight=400, stretch='normal', size='scalable')) = 10.05
2026-03-15 18:42:16,717 - DEBUG - findfont: score(FontEntry(fname='/usr/share/fonts/truetype/noto/NotoSansDuployan-Regular.ttf', name='Noto Sans Duployan', style='normal', variant='normal', weight=400, stretch='normal', size='scalable')) = 10.05
2026-03-15 18:42:16,717 - DEBUG - findfont: score(FontEntry(fname='/usr/share/fonts/truetype/noto/NotoSansEthiopic-Regular.ttf', name='Noto Sans Ethiopic', style='normal', variant='normal', weight=400, stretch='normal', size='scalable')) = 10.05
2026-03-15 18:42:16,717 - DEBUG - findfont: score(FontEntry(fname='/usr/share/fonts/truetype/noto/NotoSansMeroitic-Regular.ttf', name='Noto Sans Meroitic', style='normal', variant='normal', weight=400, stretch='normal', size='scalable')) = 10.05
2026-03-15 18:42:16,717 - DEBUG - findfont: score(FontEntry(fname='/usr/share/fonts/opentype/urw-base35/C059-Bold.otf', name='C059', style='normal', variant='normal', weight=700, stretch='normal', size='scalable')) = 10.335
2026-03-15 18:42:16,717 - DEBUG - findfont: score(FontEntry(fname='/usr/share/fonts/opentype/urw-base35/URWBookman-DemiItalic.otf', name='URW Bookman', style='italic', variant='normal', weight=600, stretch='normal', size='scalable')) = 11.24
2026-03-15 18:42:16,717 - DEBUG - findfont: score(FontEntry(fname='/usr/share/fonts/truetype/noto/NotoSansSinhala-Regular.ttf', name='Noto Sans Sinhala', style='normal', variant='normal', weight=400, stretch='normal', size='scalable')) = 10.05
2026-03-15 18:42:16,717 - DEBUG - findfont: score(FontEntry(fname='/usr/share/fonts/truetype/noto/NotoSerifTamil-Bold.ttf', name='Noto Serif Tamil', style='normal', variant='normal', weight=700, stretch='normal', size='scalable')) = 10.335
2026-03-15 18:42:16,717 - DEBUG - findfont: score(FontEntry(fname='/usr/share/fonts/truetype/noto/NotoSansChakma-Regular.ttf', name='Noto Sans Chakma', style='normal', variant='normal', weight=400, stretch='normal', size='scalable')) = 10.05
2026-03-15 18:42:16,717 - DEBUG - findfont: score(FontEntry(fname='/usr/share/fonts/truetype/noto/NotoSansSundanese-Bold.ttf', name='Noto Sans Sundanese', style='normal', variant='normal', weight=700, stretch='normal', size='scalable')) = 10.335
2026-03-15 18:42:16,717 - DEBUG - findfont: score(FontEntry(fname='/usr/share/fonts/truetype/liberation/LiberationMono-Italic.ttf', name='Liberation Mono', style='italic', variant='normal', weight=400, stretch='normal', size='scalable')) = 11.05
2026-03-15 18:42:16,717 - DEBUG - findfont: score(FontEntry(fname='/usr/share/fonts/truetype/noto/NotoSerifNyiakengPuachueHmong-Regular.ttf', name='Noto Serif Hmong Nyiakeng', style='normal', variant='normal', weight=400, stretch='normal', size='scalable')) = 10.05
2026-03-15 18:42:16,718 - DEBUG - findfont: score(FontEntry(fname='/usr/share/fonts/truetype/noto/NotoSansTifinaghGhat-Regular.ttf', name='Noto Sans Tifinagh Ghat', style='normal', variant='normal', weight=400, stretch='normal', size='scalable')) = 10.05
2026-03-15 18:42:16,718 - DEBUG - findfont: score(FontEntry(fname='/usr/share/fonts/truetype/noto/NotoSerifBengali-Bold.ttf', name='Noto Serif Bengali', style='normal', variant='normal', weight=700, stretch='normal', size='scalable')) = 10.335
2026-03-15 18:42:16,718 - DEBUG - findfont: score(FontEntry(fname='/usr/share/fonts/opentype/urw-base35/NimbusSans-Bold.otf', name='Nimbus Sans', style='normal', variant='normal', weight=700, stretch='normal', size='scalable')) = 10.335
2026-03-15 18:42:16,718 - DEBUG - findfont: score(FontEntry(fname='/usr/share/fonts/truetype/noto/NotoNastaliqUrdu-Bold.ttf', name='Noto Nastaliq Urdu', style='normal', variant='normal', weight=400, stretch='normal', size='scalable')) = 10.05
2026-03-15 18:42:16,718 - DEBUG - findfont: score(FontEntry(fname='/usr/share/fonts/truetype/noto/NotoSansTifinagh-Regular.ttf', name='Noto Sans Tifinagh', style='normal', variant='normal', weight=400, stretch='normal', size='scalable')) = 10.05
2026-03-15 18:42:16,718 - DEBUG - findfont: score(FontEntry(fname='/usr/share/fonts/truetype/noto/NotoSansSharada-Regular.ttf', name='Noto Sans Sharada', style='normal', variant='normal', weight=400, stretch='normal', size='scalable')) = 10.05
2026-03-15 18:42:16,718 - DEBUG - findfont: score(FontEntry(fname='/usr/share/fonts/truetype/ubuntu/UbuntuSansMono-Italic[wght].ttf', name='Ubuntu Sans Mono', style='italic', variant='normal', weight=400, stretch='normal', size='scalable')) = 11.05
2026-03-15 18:42:16,718 - DEBUG - findfont: score(FontEntry(fname='/usr/share/fonts/truetype/noto/NotoSansThai-Regular.ttf', name='Noto Sans Thai', style='normal', variant='normal', weight=400, stretch='normal', size='scalable')) = 10.05
2026-03-15 18:42:16,718 - DEBUG - findfont: score(FontEntry(fname='/usr/share/fonts/opentype/urw-base35/NimbusRoman-Bold.otf', name='Nimbus Roman', style='normal', variant='normal', weight=700, stretch='normal', size='scalable')) = 10.335
2026-03-15 18:42:16,718 - DEBUG - findfont: score(FontEntry(fname='/usr/share/fonts/truetype/liberation/LiberationSansNarrow-Italic.ttf', name='Liberation Sans Narrow', style='italic', variant='normal', weight=400, stretch='condensed', size='scalable')) = 11.25
2026-03-15 18:42:16,718 - DEBUG - findfont: score(FontEntry(fname='/usr/share/fonts/truetype/noto/NotoSansLao-Bold.ttf', name='Noto Sans Lao', style='normal', variant='normal', weight=700, stretch='normal', size='scalable')) = 10.335
2026-03-15 18:42:16,718 - DEBUG - findfont: score(FontEntry(fname='/usr/share/fonts/truetype/noto/NotoSansSymbols-Regular.ttf', name='Noto Sans Symbols', style='normal', variant='normal', weight=400, stretch='normal', size='scalable')) = 10.05
2026-03-15 18:42:16,718 - DEBUG - findfont: score(FontEntry(fname='/usr/share/fonts/truetype/noto/NotoSansJavanese-Bold.ttf', name='Noto Sans Javanese', style='normal', variant='normal', weight=700, stretch='normal', size='scalable')) = 10.335
2026-03-15 18:42:16,718 - DEBUG - findfont: score(FontEntry(fname='/usr/share/fonts/truetype/noto/NotoSansMalayalam-Regular.ttf', name='Noto Sans Malayalam', style='normal', variant='normal', weight=400, stretch='normal', size='scalable')) = 10.05
2026-03-15 18:42:16,718 - DEBUG - findfont: score(FontEntry(fname='/usr/share/fonts/truetype/noto/NotoSerifGrantha-Regular.ttf', name='Noto Serif Grantha', style='normal', variant='normal', weight=400, stretch='normal', size='scalable')) = 10.05
2026-03-15 18:42:16,718 - DEBUG - findfont: score(FontEntry(fname='/usr/share/fonts/truetype/noto/NotoSansBalinese-Bold.ttf', name='Noto Sans Balinese', style='normal', variant='normal', weight=700, stretch='normal', size='scalable')) = 10.335
2026-03-15 18:42:16,718 - DEBUG - findfont: score(FontEntry(fname='/usr/share/fonts/truetype/noto/NotoSansMeeteiMayek-Regular.ttf', name='Noto Sans Meetei Mayek', style='normal', variant='normal', weight=400, stretch='normal', size='scalable')) = 10.05
2026-03-15 18:42:16,718 - DEBUG - findfont: score(FontEntry(fname='/usr/share/fonts/truetype/noto/NotoSerifGeorgian-Bold.ttf', name='Noto Serif Georgian', style='normal', variant='normal', weight=700, stretch='normal', size='scalable')) = 10.335
2026-03-15 18:42:16,718 - DEBUG - findfont: score(FontEntry(fname='/usr/share/fonts/truetype/noto/NotoSansKayahLi-Regular.ttf', name='Noto Sans Kayah Li', style='normal', variant='normal', weight=400, stretch='normal', size='scalable')) = 10.05
2026-03-15 18:42:16,718 - DEBUG - findfont: score(FontEntry(fname='/usr/share/fonts/truetype/noto/NotoRashiHebrew-Regular.ttf', name='Noto Rashi Hebrew', style='normal', variant='normal', weight=400, stretch='normal', size='scalable')) = 10.05
2026-03-15 18:42:16,718 - DEBUG - findfont: score(FontEntry(fname='/usr/share/fonts/truetype/ubuntu/UbuntuMono-BI.ttf', name='Ubuntu Mono', style='italic', variant='normal', weight=400, stretch='normal', size='scalable')) = 11.05
2026-03-15 18:42:16,718 - DEBUG - findfont: score(FontEntry(fname='/usr/share/fonts/truetype/dejavu/DejaVuSans-Bold.ttf', name='DejaVu Sans', style='normal', variant='normal', weight=700, stretch='normal', size='scalable')) = 0.33499999999999996
2026-03-15 18:42:16,718 - DEBUG - findfont: score(FontEntry(fname='/usr/share/fonts/truetype/noto/NotoSansArabic-Bold.ttf', name='Noto Sans Arabic', style='normal', variant='normal', weight=700, stretch='normal', size='scalable')) = 10.335
2026-03-15 18:42:16,718 - DEBUG - findfont: score(FontEntry(fname='/usr/share/fonts/truetype/noto/NotoSerif-Bold.ttf', name='Noto Serif', style='normal', variant='normal', weight=700, stretch='normal', size='scalable')) = 10.335
2026-03-15 18:42:16,718 - DEBUG - findfont: score(FontEntry(fname='/usr/share/fonts/truetype/noto/NotoSansSogdian-Regular.ttf', name='Noto Sans Sogdian', style='normal', variant='normal', weight=400, stretch='normal', size='scalable')) = 10.05
2026-03-15 18:42:16,718 - DEBUG - findfont: score(FontEntry(fname='/usr/share/fonts/truetype/noto/NotoSansLao-Regular.ttf', name='Noto Sans Lao', style='normal', variant='normal', weight=400, stretch='normal', size='scalable')) = 10.05
2026-03-15 18:42:16,719 - DEBUG - findfont: score(FontEntry(fname='/usr/share/fonts/truetype/noto/NotoSansOldItalic-Regular.ttf', name='Noto Sans Old Italic', style='italic', variant='normal', weight=400, stretch='normal', size='scalable')) = 11.05
2026-03-15 18:42:16,719 - DEBUG - findfont: score(FontEntry(fname='/usr/share/fonts/truetype/noto/NotoSansBamum-Regular.ttf', name='Noto Sans Bamum', style='normal', variant='normal', weight=400, stretch='normal', size='scalable')) = 10.05
2026-03-15 18:42:16,719 - DEBUG - findfont: score(FontEntry(fname='/usr/share/fonts/truetype/liberation/LiberationSans-Bold.ttf', name='Liberation Sans', style='normal', variant='normal', weight=700, stretch='normal', size='scalable')) = 10.335
2026-03-15 18:42:16,719 - DEBUG - findfont: score(FontEntry(fname='/usr/share/fonts/truetype/noto/NotoSerifKhmer-Bold.ttf', name='Noto Serif Khmer', style='normal', variant='normal', weight=700, stretch='normal', size='scalable')) = 10.335
2026-03-15 18:42:16,719 - DEBUG - findfont: score(FontEntry(fname='/usr/share/fonts/truetype/noto/NotoSansMongolian-Regular.ttf', name='Noto Sans Mongolian', style='normal', variant='normal', weight=400, stretch='normal', size='scalable')) = 10.05
2026-03-15 18:42:16,719 - DEBUG - findfont: score(FontEntry(fname='/usr/share/fonts/truetype/noto/NotoSerifMyanmar-Regular.ttf', name='Noto Serif Myanmar', style='normal', variant='normal', weight=400, stretch='normal', size='scalable')) = 10.05
2026-03-15 18:42:16,719 - DEBUG - findfont: score(FontEntry(fname='/usr/share/fonts/truetype/noto/NotoSansMendeKikakui-Regular.ttf', name='Noto Sans Mende Kikakui', style='normal', variant='normal', weight=400, stretch='normal', size='scalable')) = 10.05
2026-03-15 18:42:16,719 - DEBUG - findfont: score(FontEntry(fname='/usr/share/fonts/truetype/ubuntu/Ubuntu[wdth,wght].ttf', name='Ubuntu', style='normal', variant='normal', weight=400, stretch='normal', size='scalable')) = 10.05
2026-03-15 18:42:16,719 - DEBUG - findfont: score(FontEntry(fname='/usr/share/fonts/truetype/noto/NotoSansOlChiki-Regular.ttf', name='Noto Sans Ol Chiki', style='normal', variant='normal', weight=400, stretch='normal', size='scalable')) = 10.05
2026-03-15 18:42:16,719 - DEBUG - findfont: score(FontEntry(fname='/usr/share/fonts/truetype/noto/NotoSansMedefaidrin-Bold.ttf', name='Noto Sans Medefaidrin', style='normal', variant='normal', weight=700, stretch='normal', size='scalable')) = 10.335
2026-03-15 18:42:16,719 - DEBUG - findfont: score(FontEntry(fname='/usr/share/fonts/truetype/noto/NotoSansCaucasianAlbanian-Regular.ttf', name='Noto Sans Caucasian Albanian', style='normal', variant='normal', weight=400, stretch='normal', size='scalable')) = 10.05
2026-03-15 18:42:16,719 - DEBUG - findfont: score(FontEntry(fname='/usr/share/fonts/truetype/noto/NotoSansHanifiRohingya-Bold.ttf', name='Noto Sans Hanifi Rohingya', style='normal', variant='normal', weight=700, stretch='normal', size='scalable')) = 10.335
2026-03-15 18:42:16,719 - DEBUG - findfont: score(FontEntry(fname='/usr/share/fonts/truetype/noto/NotoSerifKhojki-Bold.ttf', name='Noto Serif Khojki', style='normal', variant='normal', weight=700, stretch='normal', size='scalable')) = 10.335
2026-03-15 18:42:16,719 - DEBUG - findfont: score(FontEntry(fname='/usr/share/fonts/truetype/noto/NotoSerifKhmer-Regular.ttf', name='Noto Serif Khmer', style='normal', variant='normal', weight=400, stretch='normal', size='scalable')) = 10.05
2026-03-15 18:42:16,719 - DEBUG - findfont: score(FontEntry(fname='/usr/share/fonts/truetype/noto/NotoSerifTelugu-Regular.ttf', name='Noto Serif Telugu', style='normal', variant='normal', weight=400, stretch='normal', size='scalable')) = 10.05
2026-03-15 18:42:16,719 - DEBUG - findfont: score(FontEntry(fname='/usr/share/fonts/truetype/noto/NotoSansMarchen-Regular.ttf', name='Noto Sans Marchen', style='normal', variant='normal', weight=400, stretch='normal', size='scalable')) = 10.05
2026-03-15 18:42:16,719 - DEBUG - findfont: score(FontEntry(fname='/usr/share/fonts/truetype/dejavu/DejaVuSerif.ttf', name='DejaVu Serif', style='normal', variant='normal', weight=400, stretch='normal', size='scalable')) = 10.05
2026-03-15 18:42:16,719 - DEBUG - findfont: score(FontEntry(fname='/usr/share/fonts/truetype/noto/NotoKufiArabic-Bold.ttf', name='Noto Kufi Arabic', style='normal', variant='normal', weight=700, stretch='normal', size='scalable')) = 10.335
2026-03-15 18:42:16,719 - DEBUG - findfont: score(FontEntry(fname='/usr/share/fonts/truetype/noto/NotoSansLepcha-Regular.ttf', name='Noto Sans Lepcha', style='normal', variant='normal', weight=400, stretch='normal', size='scalable')) = 10.05
2026-03-15 18:42:16,719 - DEBUG - findfont: score(FontEntry(fname='/usr/share/fonts/truetype/noto/NotoSansDisplay-Regular.ttf', name='Noto Sans Display', style='normal', variant='normal', weight=400, stretch='normal', size='scalable')) = 10.05
2026-03-15 18:42:16,719 - DEBUG - findfont: score(FontEntry(fname='/usr/share/fonts/truetype/noto/NotoSerifHebrew-Bold.ttf', name='Noto Serif Hebrew', style='normal', variant='normal', weight=700, stretch='normal', size='scalable')) = 10.335
2026-03-15 18:42:16,719 - DEBUG - findfont: score(FontEntry(fname='/usr/share/fonts/truetype/noto/NotoSansNewTaiLue-Regular.ttf', name='Noto Sans New Tai Lue', style='normal', variant='normal', weight=400, stretch='normal', size='scalable')) = 10.05
2026-03-15 18:42:16,719 - DEBUG - findfont: score(FontEntry(fname='/usr/share/fonts/truetype/noto/NotoSerifDisplay-Regular.ttf', name='Noto Serif Display', style='normal', variant='normal', weight=400, stretch='normal', size='scalable')) = 10.05
2026-03-15 18:42:16,719 - DEBUG - findfont: score(FontEntry(fname='/usr/share/fonts/truetype/noto/NotoSansSoraSompeng-Bold.ttf', name='Noto Sans Sora Sompeng', style='normal', variant='normal', weight=700, stretch='normal', size='scalable')) = 10.335
2026-03-15 18:42:16,719 - DEBUG - findfont: score(FontEntry(fname='/usr/share/fonts/truetype/noto/NotoSansMono-Regular.ttf', name='Noto Sans Mono', style='normal', variant='normal', weight=400, stretch='normal', size='scalable')) = 10.05
2026-03-15 18:42:16,719 - DEBUG - findfont: score(FontEntry(fname='/usr/share/fonts/truetype/noto/NotoSansShavian-Regular.ttf', name='Noto Sans Shavian', style='normal', variant='normal', weight=400, stretch='normal', size='scalable')) = 10.05
2026-03-15 18:42:16,720 - DEBUG - findfont: score(FontEntry(fname='/usr/share/fonts/opentype/urw-base35/NimbusRoman-BoldItalic.otf', name='Nimbus Roman', style='italic', variant='normal', weight=700, stretch='normal', size='scalable')) = 11.335
2026-03-15 18:42:16,720 - DEBUG - findfont: score(FontEntry(fname='/usr/share/fonts/truetype/noto/NotoSansOldTurkic-Regular.ttf', name='Noto Sans Old Turkic', style='normal', variant='normal', weight=400, stretch='normal', size='scalable')) = 10.05
2026-03-15 18:42:16,720 - DEBUG - findfont: score(FontEntry(fname='/usr/share/fonts/truetype/noto/NotoSansAdlam-Bold.ttf', name='Noto Sans Adlam', style='normal', variant='normal', weight=700, stretch='normal', size='scalable')) = 10.335
2026-03-15 18:42:16,720 - DEBUG - findfont: score(FontEntry(fname='/usr/share/fonts/truetype/noto/NotoNaskhArabic-Bold.ttf', name='Noto Naskh Arabic', style='normal', variant='normal', weight=700, stretch='normal', size='scalable')) = 10.335
2026-03-15 18:42:16,720 - DEBUG - findfont: score(FontEntry(fname='/usr/share/fonts/truetype/ubuntu/Ubuntu-C.ttf', name='Ubuntu', style='normal', variant='normal', weight=400, stretch='normal', size='scalable')) = 10.05
2026-03-15 18:42:16,720 - DEBUG - findfont: score(FontEntry(fname='/usr/share/fonts/opentype/urw-base35/NimbusMonoPS-Bold.otf', name='Nimbus Mono PS', style='normal', variant='normal', weight=700, stretch='normal', size='scalable')) = 10.335
2026-03-15 18:42:16,720 - DEBUG - findfont: score(FontEntry(fname='/usr/share/fonts/truetype/liberation/LiberationSerif-Italic.ttf', name='Liberation Serif', style='italic', variant='normal', weight=400, stretch='normal', size='scalable')) = 11.05
2026-03-15 18:42:16,720 - DEBUG - findfont: score(FontEntry(fname='/usr/share/fonts/truetype/noto/NotoSansGujarati-Regular.ttf', name='Noto Sans Gujarati', style='normal', variant='normal', weight=400, stretch='normal', size='scalable')) = 10.05
2026-03-15 18:42:16,720 - DEBUG - findfont: score(FontEntry(fname='/usr/share/fonts/truetype/ubuntu/Ubuntu-R.ttf', name='Ubuntu', style='normal', variant='normal', weight=400, stretch='normal', size='scalable')) = 10.05
2026-03-15 18:42:16,720 - DEBUG - findfont: score(FontEntry(fname='/usr/share/fonts/opentype/urw-base35/NimbusMonoPS-Italic.otf', name='Nimbus Mono PS', style='italic', variant='normal', weight=400, stretch='normal', size='scalable')) = 11.05
2026-03-15 18:42:16,720 - DEBUG - findfont: score(FontEntry(fname='/usr/share/fonts/truetype/ubuntu/Ubuntu-M.ttf', name='Ubuntu', style='normal', variant='normal', weight=400, stretch='normal', size='scalable')) = 10.05
2026-03-15 18:42:16,720 - DEBUG - findfont: score(FontEntry(fname='/usr/share/fonts/truetype/noto/NotoSerifKannada-Bold.ttf', name='Noto Serif Kannada', style='normal', variant='normal', weight=700, stretch='normal', size='scalable')) = 10.335
2026-03-15 18:42:16,720 - DEBUG - findfont: score(FontEntry(fname='/usr/share/fonts/truetype/noto/NotoSerifHebrew-Regular.ttf', name='Noto Serif Hebrew', style='normal', variant='normal', weight=400, stretch='normal', size='scalable')) = 10.05
2026-03-15 18:42:16,720 - DEBUG - findfont: score(FontEntry(fname='/usr/share/fonts/truetype/noto/NotoSerifGurmukhi-Regular.ttf', name='Noto Serif Gurmukhi', style='normal', variant='normal', weight=400, stretch='normal', size='scalable')) = 10.05
2026-03-15 18:42:16,720 - DEBUG - findfont: score(FontEntry(fname='/usr/share/fonts/truetype/liberation/LiberationSansNarrow-Regular.ttf', name='Liberation Sans Narrow', style='normal', variant='normal', weight=400, stretch='condensed', size='scalable')) = 10.25
2026-03-15 18:42:16,720 - DEBUG - findfont: score(FontEntry(fname='/usr/share/fonts/opentype/urw-base35/NimbusSans-Italic.otf', name='Nimbus Sans', style='italic', variant='normal', weight=400, stretch='normal', size='scalable')) = 11.05
2026-03-15 18:42:16,720 - DEBUG - findfont: score(FontEntry(fname='/usr/share/fonts/truetype/noto/NotoSansTamil-Regular.ttf', name='Noto Sans Tamil', style='normal', variant='normal', weight=400, stretch='normal', size='scalable')) = 10.05
2026-03-15 18:42:16,720 - DEBUG - findfont: score(FontEntry(fname='/usr/share/fonts/truetype/noto/NotoSansBamum-Bold.ttf', name='Noto Sans Bamum', style='normal', variant='normal', weight=700, stretch='normal', size='scalable')) = 10.335
2026-03-15 18:42:16,720 - DEBUG - findfont: score(FontEntry(fname='/usr/share/fonts/truetype/noto/NotoSansModi-Regular.ttf', name='Noto Sans Modi', style='normal', variant='normal', weight=400, stretch='normal', size='scalable')) = 10.05
2026-03-15 18:42:16,720 - DEBUG - findfont: score(FontEntry(fname='/usr/share/fonts/truetype/noto/NotoSansSaurashtra-Regular.ttf', name='Noto Sans Saurashtra', style='normal', variant='normal', weight=400, stretch='normal', size='scalable')) = 10.05
2026-03-15 18:42:16,720 - DEBUG - findfont: score(FontEntry(fname='/usr/share/fonts/truetype/noto/NotoSerifTibetan-Regular.ttf', name='Noto Serif Tibetan', style='normal', variant='normal', weight=400, stretch='normal', size='scalable')) = 10.05
2026-03-15 18:42:16,720 - DEBUG - findfont: score(FontEntry(fname='/usr/share/fonts/truetype/noto/NotoSansCoptic-Regular.ttf', name='Noto Sans Coptic', style='normal', variant='normal', weight=400, stretch='normal', size='scalable')) = 10.05
2026-03-15 18:42:16,720 - DEBUG - findfont: score(FontEntry(fname='/usr/share/fonts/truetype/noto/NotoSansKhojki-Regular.ttf', name='Noto Sans Khojki', style='normal', variant='normal', weight=400, stretch='normal', size='scalable')) = 10.05
2026-03-15 18:42:16,720 - DEBUG - findfont: score(FontEntry(fname='/usr/share/fonts/truetype/droid/DroidSansFallbackFull.ttf', name='Droid Sans Fallback', style='normal', variant='normal', weight=400, stretch='normal', size='scalable')) = 10.05
2026-03-15 18:42:16,720 - DEBUG - findfont: score(FontEntry(fname='/usr/share/fonts/truetype/ubuntu/Ubuntu-Italic[wdth,wght].ttf', name='Ubuntu', style='italic', variant='normal', weight=400, stretch='normal', size='scalable')) = 11.05
2026-03-15 18:42:16,720 - DEBUG - findfont: score(FontEntry(fname='/usr/share/fonts/truetype/noto/NotoSansNewa-Regular.ttf', name='Noto Sans Newa', style='normal', variant='normal', weight=400, stretch='normal', size='scalable')) = 10.05
2026-03-15 18:42:16,720 - DEBUG - findfont: score(FontEntry(fname='/usr/share/fonts/truetype/noto/NotoSansOldNorthArabian-Regular.ttf', name='Noto Sans Old North Arabian', style='normal', variant='normal', weight=400, stretch='normal', size='scalable')) = 10.05
2026-03-15 18:42:16,721 - DEBUG - findfont: score(FontEntry(fname='/usr/share/fonts/opentype/urw-base35/C059-Italic.otf', name='C059', style='italic', variant='normal', weight=400, stretch='normal', size='scalable')) = 11.05
2026-03-15 18:42:16,721 - DEBUG - findfont: score(FontEntry(fname='/usr/share/fonts/truetype/ubuntu/UbuntuSans[wdth,wght].ttf', name='Ubuntu Sans', style='normal', variant='normal', weight=400, stretch='normal', size='scalable')) = 10.05
2026-03-15 18:42:16,721 - DEBUG - findfont: score(FontEntry(fname='/usr/share/fonts/truetype/noto/NotoSansMedefaidrin-Regular.ttf', name='Noto Sans Medefaidrin', style='normal', variant='normal', weight=400, stretch='normal', size='scalable')) = 10.05
2026-03-15 18:42:16,721 - DEBUG - findfont: score(FontEntry(fname='/usr/share/fonts/truetype/noto/NotoSansTaiViet-Regular.ttf', name='Noto Sans Tai Viet', style='normal', variant='normal', weight=400, stretch='normal', size='scalable')) = 10.05
2026-03-15 18:42:16,721 - DEBUG - findfont: score(FontEntry(fname='/usr/share/fonts/truetype/noto/NotoSansLisu-Bold.ttf', name='Noto Sans Lisu', style='normal', variant='normal', weight=700, stretch='normal', size='scalable')) = 10.335
2026-03-15 18:42:16,721 - DEBUG - findfont: score(FontEntry(fname='/usr/share/fonts/truetype/noto/NotoSans-Regular.ttf', name='Noto Sans', style='normal', variant='normal', weight=400, stretch='normal', size='scalable')) = 10.05
2026-03-15 18:42:16,721 - DEBUG - findfont: score(FontEntry(fname='/home/hkds/.fonts/Roboto-Regular.ttf', name='Roboto', style='normal', variant='normal', weight=400, stretch='normal', size='scalable')) = 10.05
2026-03-15 18:42:16,721 - DEBUG - findfont: score(FontEntry(fname='/usr/share/fonts/truetype/dejavu/DejaVuSerif-Bold.ttf', name='DejaVu Serif', style='normal', variant='normal', weight=700, stretch='normal', size='scalable')) = 10.335
2026-03-15 18:42:16,721 - DEBUG - findfont: score(FontEntry(fname='/usr/share/fonts/truetype/noto/NotoSansKhmer-Bold.ttf', name='Noto Sans Khmer', style='normal', variant='normal', weight=700, stretch='normal', size='scalable')) = 10.335
2026-03-15 18:42:16,721 - DEBUG - findfont: score(FontEntry(fname='/usr/share/fonts/truetype/noto/NotoSansVai-Regular.ttf', name='Noto Sans Vai', style='normal', variant='normal', weight=400, stretch='normal', size='scalable')) = 10.05
2026-03-15 18:42:16,721 - DEBUG - findfont: score(FontEntry(fname='/usr/share/fonts/truetype/noto/NotoSerifThai-Regular.ttf', name='Noto Serif Thai', style='normal', variant='normal', weight=400, stretch='normal', size='scalable')) = 10.05
2026-03-15 18:42:16,721 - DEBUG - findfont: score(FontEntry(fname='/usr/share/fonts/truetype/noto/NotoSansCham-Bold.ttf', name='Noto Sans Cham', style='normal', variant='normal', weight=700, stretch='normal', size='scalable')) = 10.335
2026-03-15 18:42:16,721 - DEBUG - findfont: score(FontEntry(fname='/usr/share/fonts/truetype/noto/NotoSerifGujarati-Regular.ttf', name='Noto Serif Gujarati', style='normal', variant='normal', weight=400, stretch='normal', size='scalable')) = 10.05
2026-03-15 18:42:16,721 - DEBUG - findfont: score(FontEntry(fname='/usr/share/fonts/truetype/noto/NotoSansOgham-Regular.ttf', name='Noto Sans Ogham', style='normal', variant='normal', weight=400, stretch='normal', size='scalable')) = 10.05
2026-03-15 18:42:16,721 - DEBUG - findfont: score(FontEntry(fname='/usr/share/fonts/truetype/noto/NotoSansInscriptionalPahlavi-Regular.ttf', name='Noto Sans Inscriptional Pahlavi', style='normal', variant='normal', weight=400, stretch='normal', size='scalable')) = 10.05
2026-03-15 18:42:16,721 - DEBUG - findfont: score(FontEntry(fname='/usr/share/fonts/truetype/noto/NotoSerif-Italic.ttf', name='Noto Serif', style='italic', variant='normal', weight=400, stretch='normal', size='scalable')) = 11.05
2026-03-15 18:42:16,721 - DEBUG - findfont: score(FontEntry(fname='/usr/share/fonts/truetype/noto/NotoSansMyanmar-Bold.ttf', name='Noto Sans Myanmar', style='normal', variant='normal', weight=700, stretch='normal', size='scalable')) = 10.335
2026-03-15 18:42:16,721 - DEBUG - findfont: score(FontEntry(fname='/usr/share/fonts/truetype/noto/NotoSansLimbu-Regular.ttf', name='Noto Sans Limbu', style='normal', variant='normal', weight=400, stretch='normal', size='scalable')) = 10.05
2026-03-15 18:42:16,721 - DEBUG - findfont: score(FontEntry(fname='/usr/share/fonts/truetype/liberation/LiberationMono-Regular.ttf', name='Liberation Mono', style='normal', variant='normal', weight=400, stretch='normal', size='scalable')) = 10.05
2026-03-15 18:42:16,721 - DEBUG - findfont: score(FontEntry(fname='/usr/share/fonts/truetype/liberation/LiberationSans-BoldItalic.ttf', name='Liberation Sans', style='italic', variant='normal', weight=700, stretch='normal', size='scalable')) = 11.335
2026-03-15 18:42:16,721 - DEBUG - findfont: score(FontEntry(fname='/usr/share/fonts/truetype/noto/NotoSerifMalayalam-Bold.ttf', name='Noto Serif Malayalam', style='normal', variant='normal', weight=700, stretch='normal', size='scalable')) = 10.335
2026-03-15 18:42:16,721 - DEBUG - findfont: score(FontEntry(fname='/usr/share/fonts/truetype/noto/NotoSansEthiopic-Bold.ttf', name='Noto Sans Ethiopic', style='normal', variant='normal', weight=700, stretch='normal', size='scalable')) = 10.335
2026-03-15 18:42:16,721 - DEBUG - findfont: score(FontEntry(fname='/usr/share/fonts/truetype/noto/NotoSansHebrew-Bold.ttf', name='Noto Sans Hebrew', style='normal', variant='normal', weight=700, stretch='normal', size='scalable')) = 10.335
2026-03-15 18:42:16,721 - DEBUG - findfont: score(FontEntry(fname='/usr/share/fonts/truetype/noto/NotoSansTifinaghAzawagh-Regular.ttf', name='Noto Sans Tifinagh Azawagh', style='normal', variant='normal', weight=400, stretch='normal', size='scalable')) = 10.05
2026-03-15 18:42:16,721 - DEBUG - findfont: score(FontEntry(fname='/usr/share/fonts/truetype/noto/NotoSansTakri-Regular.ttf', name='Noto Sans Takri', style='normal', variant='normal', weight=400, stretch='normal', size='scalable')) = 10.05
2026-03-15 18:42:16,721 - DEBUG - findfont: score(FontEntry(fname='/usr/share/fonts/truetype/noto/NotoSansOldPersian-Regular.ttf', name='Noto Sans Old Persian', style='normal', variant='normal', weight=400, stretch='normal', size='scalable')) = 10.05
2026-03-15 18:42:16,721 - DEBUG - findfont: score(FontEntry(fname='/usr/share/fonts/truetype/noto/NotoSansBassaVah-Regular.ttf', name='Noto Sans Bassa Vah', style='normal', variant='normal', weight=400, stretch='normal', size='scalable')) = 10.05
2026-03-15 18:42:16,722 - DEBUG - findfont: score(FontEntry(fname='/usr/share/fonts/truetype/noto/NotoSansArmenian-Bold.ttf', name='Noto Sans Armenian', style='normal', variant='normal', weight=700, stretch='normal', size='scalable')) = 10.335
2026-03-15 18:42:16,722 - DEBUG - findfont: score(FontEntry(fname='/usr/share/fonts/truetype/noto/NotoSansOldSogdian-Regular.ttf', name='Noto Sans Old Sogdian', style='normal', variant='normal', weight=400, stretch='normal', size='scalable')) = 10.05
2026-03-15 18:42:16,722 - DEBUG - findfont: score(FontEntry(fname='/usr/share/fonts/truetype/ubuntu/Ubuntu-L.ttf', name='Ubuntu', style='normal', variant='normal', weight=400, stretch='normal', size='scalable')) = 10.05
2026-03-15 18:42:16,722 - DEBUG - findfont: score(FontEntry(fname='/usr/share/fonts/truetype/liberation/LiberationSerif-BoldItalic.ttf', name='Liberation Serif', style='italic', variant='normal', weight=700, stretch='normal', size='scalable')) = 11.335
2026-03-15 18:42:16,722 - DEBUG - findfont: score(FontEntry(fname='/usr/share/fonts/truetype/noto/NotoSansDisplay-Italic.ttf', name='Noto Sans Display', style='italic', variant='normal', weight=400, stretch='normal', size='scalable')) = 11.05
2026-03-15 18:42:16,722 - DEBUG - findfont: score(FontEntry(fname='/usr/share/fonts/truetype/noto/NotoNaskhArabic-Regular.ttf', name='Noto Naskh Arabic', style='normal', variant='normal', weight=400, stretch='normal', size='scalable')) = 10.05
2026-03-15 18:42:16,722 - DEBUG - findfont: score(FontEntry(fname='/usr/share/fonts/truetype/noto/NotoSansPhoenician-Regular.ttf', name='Noto Sans Phoenician', style='normal', variant='normal', weight=400, stretch='normal', size='scalable')) = 10.05
2026-03-15 18:42:16,722 - DEBUG - findfont: score(FontEntry(fname='/usr/share/fonts/truetype/noto/NotoSansWarangCiti-Regular.ttf', name='Noto Sans Warang Citi', style='normal', variant='normal', weight=400, stretch='normal', size='scalable')) = 10.05
2026-03-15 18:42:16,722 - DEBUG - findfont: score(FontEntry(fname='/usr/share/fonts/truetype/dejavu/DejaVuSansMono.ttf', name='DejaVu Sans Mono', style='normal', variant='normal', weight=400, stretch='normal', size='scalable')) = 10.05
2026-03-15 18:42:16,722 - DEBUG - findfont: score(FontEntry(fname='/usr/share/fonts/truetype/noto/NotoSansAdlamUnjoined-Bold.ttf', name='Noto Sans Adlam Unjoined', style='normal', variant='normal', weight=700, stretch='normal', size='scalable')) = 10.335
2026-03-15 18:42:16,722 - DEBUG - findfont: score(FontEntry(fname='/usr/share/fonts/truetype/noto/NotoSansZanabazarSquare-Regular.ttf', name='Noto Sans Zanabazar Square', style='normal', variant='normal', weight=400, stretch='normal', size='scalable')) = 10.05
2026-03-15 18:42:16,722 - DEBUG - findfont: score(FontEntry(fname='/usr/share/fonts/truetype/noto/NotoSansJavanese-Regular.ttf', name='Noto Sans Javanese', style='normal', variant='normal', weight=400, stretch='normal', size='scalable')) = 10.05
2026-03-15 18:42:16,722 - DEBUG - findfont: score(FontEntry(fname='/usr/share/fonts/truetype/noto/NotoSansPsalterPahlavi-Regular.ttf', name='Noto Sans Psalter Pahlavi', style='normal', variant='normal', weight=400, stretch='normal', size='scalable')) = 10.05
2026-03-15 18:42:16,722 - DEBUG - findfont: score(FontEntry(fname='/usr/share/fonts/truetype/noto/NotoSansSiddham-Regular.ttf', name='Noto Sans Siddham', style='normal', variant='normal', weight=400, stretch='normal', size='scalable')) = 10.05
2026-03-15 18:42:16,722 - DEBUG - findfont: score(FontEntry(fname='/usr/share/fonts/opentype/urw-base35/URWBookman-Demi.otf', name='URW Bookman', style='normal', variant='normal', weight=600, stretch='normal', size='scalable')) = 10.24
2026-03-15 18:42:16,722 - DEBUG - findfont: score(FontEntry(fname='/usr/share/fonts/truetype/noto/NotoSerifDisplay-Bold.ttf', name='Noto Serif Display', style='normal', variant='normal', weight=700, stretch='normal', size='scalable')) = 10.335
2026-03-15 18:42:16,722 - DEBUG - findfont: score(FontEntry(fname='/usr/share/fonts/opentype/urw-base35/NimbusRoman-Regular.otf', name='Nimbus Roman', style='normal', variant='normal', weight=400, stretch='normal', size='scalable')) = 10.05
2026-03-15 18:42:16,722 - DEBUG - findfont: score(FontEntry(fname='/usr/share/fonts/truetype/noto/NotoSansMalayalam-Bold.ttf', name='Noto Sans Malayalam', style='normal', variant='normal', weight=700, stretch='normal', size='scalable')) = 10.335
2026-03-15 18:42:16,722 - DEBUG - findfont: score(FontEntry(fname='/usr/share/fonts/truetype/noto/NotoLoopedThai-Regular.ttf', name='Noto Looped Thai', style='normal', variant='normal', weight=400, stretch='normal', size='scalable')) = 10.05
2026-03-15 18:42:16,722 - DEBUG - findfont: score(FontEntry(fname='/usr/share/fonts/truetype/noto/NotoSansBatak-Regular.ttf', name='Noto Sans Batak', style='normal', variant='normal', weight=400, stretch='normal', size='scalable')) = 10.05
2026-03-15 18:42:16,722 - DEBUG - findfont: score(FontEntry(fname='/usr/share/fonts/truetype/noto/NotoSansPauCinHau-Regular.ttf', name='Noto Sans Pau Cin Hau', style='normal', variant='normal', weight=400, stretch='normal', size='scalable')) = 10.05
2026-03-15 18:42:16,722 - DEBUG - findfont: score(FontEntry(fname='/usr/share/fonts/opentype/urw-base35/URWGothic-DemiOblique.otf', name='URW Gothic', style='oblique', variant='normal', weight=600, stretch='normal', size='scalable')) = 11.24
2026-03-15 18:42:16,722 - DEBUG - findfont: score(FontEntry(fname='/usr/share/fonts/truetype/noto/NotoSerifKhojki-Regular.ttf', name='Noto Serif Khojki', style='normal', variant='normal', weight=400, stretch='normal', size='scalable')) = 10.05
2026-03-15 18:42:16,722 - DEBUG - findfont: score(FontEntry(fname='/usr/share/fonts/truetype/noto/NotoSansTagbanwa-Regular.ttf', name='Noto Sans Tagbanwa', style='normal', variant='normal', weight=400, stretch='normal', size='scalable')) = 10.05
2026-03-15 18:42:16,722 - DEBUG - findfont: score(FontEntry(fname='/usr/share/fonts/truetype/noto/NotoSansGeorgian-Bold.ttf', name='Noto Sans Georgian', style='normal', variant='normal', weight=700, stretch='normal', size='scalable')) = 10.335
2026-03-15 18:42:16,722 - DEBUG - findfont: score(FontEntry(fname='/usr/share/fonts/truetype/noto/NotoSansRunic-Regular.ttf', name='Noto Sans Runic', style='normal', variant='normal', weight=400, stretch='normal', size='scalable')) = 10.05
2026-03-15 18:42:16,722 - DEBUG - findfont: score(FontEntry(fname='/usr/share/fonts/truetype/noto/NotoSansGurmukhi-Regular.ttf', name='Noto Sans Gurmukhi', style='normal', variant='normal', weight=400, stretch='normal', size='scalable')) = 10.05
2026-03-15 18:42:16,723 - DEBUG - findfont: score(FontEntry(fname='/usr/share/fonts/truetype/noto/NotoSansSoraSompeng-Regular.ttf', name='Noto Sans Sora Sompeng', style='normal', variant='normal', weight=400, stretch='normal', size='scalable')) = 10.05
2026-03-15 18:42:16,723 - DEBUG - findfont: score(FontEntry(fname='/usr/share/fonts/truetype/noto/NotoSerifBalinese-Regular.ttf', name='Noto Serif Balinese', style='normal', variant='normal', weight=400, stretch='normal', size='scalable')) = 10.05
2026-03-15 18:42:16,723 - DEBUG - findfont: score(FontEntry(fname='/usr/share/fonts/truetype/noto/NotoSerifTamilSlanted-Regular.ttf', name='Noto Serif Tamil Slanted', style='normal', variant='normal', weight=400, stretch='normal', size='scalable')) = 10.05
2026-03-15 18:42:16,723 - DEBUG - findfont: score(FontEntry(fname='/usr/share/fonts/truetype/dejavu/DejaVuSansMono-Oblique.ttf', name='DejaVu Sans Mono', style='oblique', variant='normal', weight=400, stretch='normal', size='scalable')) = 11.05
2026-03-15 18:42:16,723 - DEBUG - findfont: score(FontEntry(fname='/usr/share/fonts/truetype/noto/NotoSansYi-Regular.ttf', name='Noto Sans Yi', style='normal', variant='normal', weight=400, stretch='normal', size='scalable')) = 10.05
2026-03-15 18:42:16,723 - DEBUG - findfont: score(FontEntry(fname='/usr/share/fonts/opentype/urw-base35/NimbusSansNarrow-Regular.otf', name='Nimbus Sans Narrow', style='normal', variant='normal', weight=400, stretch='condensed', size='scalable')) = 10.25
2026-03-15 18:42:16,723 - DEBUG - findfont: score(FontEntry(fname='/usr/share/fonts/truetype/ubuntu/UbuntuMono-R.ttf', name='Ubuntu Mono', style='normal', variant='normal', weight=400, stretch='normal', size='scalable')) = 10.05
2026-03-15 18:42:16,723 - DEBUG - findfont: score(FontEntry(fname='/usr/share/fonts/truetype/noto/NotoSansBrahmi-Regular.ttf', name='Noto Sans Brahmi', style='normal', variant='normal', weight=400, stretch='normal', size='scalable')) = 10.05
2026-03-15 18:42:16,723 - DEBUG - findfont: score(FontEntry(fname='/usr/share/fonts/truetype/noto/NotoSansOsage-Regular.ttf', name='Noto Sans Osage', style='normal', variant='normal', weight=400, stretch='normal', size='scalable')) = 10.05
2026-03-15 18:42:16,723 - DEBUG - findfont: score(FontEntry(fname='/usr/share/fonts/truetype/noto/NotoSansTamil-Bold.ttf', name='Noto Sans Tamil', style='normal', variant='normal', weight=700, stretch='normal', size='scalable')) = 10.335
2026-03-15 18:42:16,723 - DEBUG - findfont: score(FontEntry(fname='/usr/share/fonts/truetype/noto/NotoSansArmenian-Regular.ttf', name='Noto Sans Armenian', style='normal', variant='normal', weight=400, stretch='normal', size='scalable')) = 10.05
2026-03-15 18:42:16,723 - DEBUG - findfont: score(FontEntry(fname='/usr/share/fonts/opentype/urw-base35/URWBookman-Light.otf', name='URW Bookman', style='normal', variant='normal', weight=300, stretch='normal', size='scalable')) = 10.145
2026-03-15 18:42:16,723 - DEBUG - findfont: score(FontEntry(fname='/usr/share/fonts/truetype/noto/NotoSansMandaic-Regular.ttf', name='Noto Sans Mandaic', style='normal', variant='normal', weight=400, stretch='normal', size='scalable')) = 10.05
2026-03-15 18:42:16,723 - DEBUG - findfont: score(FontEntry(fname='/usr/share/fonts/truetype/noto/NotoSansCarian-Regular.ttf', name='Noto Sans Carian', style='normal', variant='normal', weight=400, stretch='normal', size='scalable')) = 10.05
2026-03-15 18:42:16,723 - DEBUG - findfont: score(FontEntry(fname='/usr/share/fonts/truetype/noto/NotoSansMono-Bold.ttf', name='Noto Sans Mono', style='normal', variant='normal', weight=700, stretch='normal', size='scalable')) = 10.335
2026-03-15 18:42:16,723 - DEBUG - findfont: score(FontEntry(fname='/usr/share/fonts/truetype/noto/NotoSansCherokee-Regular.ttf', name='Noto Sans Cherokee', style='normal', variant='normal', weight=400, stretch='normal', size='scalable')) = 10.05
2026-03-15 18:42:16,723 - DEBUG - findfont: score(FontEntry(fname='/usr/share/fonts/truetype/noto/NotoSansOlChiki-Bold.ttf', name='Noto Sans Ol Chiki', style='normal', variant='normal', weight=700, stretch='normal', size='scalable')) = 10.335
2026-03-15 18:42:16,723 - DEBUG - findfont: score(FontEntry(fname='/usr/share/fonts/truetype/noto/NotoSansHanifiRohingya-Regular.ttf', name='Noto Sans Hanifi Rohingya', style='normal', variant='normal', weight=400, stretch='normal', size='scalable')) = 10.05
2026-03-15 18:42:16,723 - DEBUG - findfont: score(FontEntry(fname='/usr/share/fonts/truetype/noto/NotoSansHanunoo-Regular.ttf', name='Noto Sans Hanunoo', style='normal', variant='normal', weight=400, stretch='normal', size='scalable')) = 10.05
2026-03-15 18:42:16,723 - DEBUG - findfont: score(FontEntry(fname='/usr/share/fonts/truetype/liberation/LiberationSansNarrow-Bold.ttf', name='Liberation Sans Narrow', style='normal', variant='normal', weight=700, stretch='condensed', size='scalable')) = 10.535
2026-03-15 18:42:16,723 - DEBUG - findfont: score(FontEntry(fname='/usr/share/fonts/truetype/noto/NotoSans-Italic.ttf', name='Noto Sans', style='italic', variant='normal', weight=400, stretch='normal', size='scalable')) = 11.05
2026-03-15 18:42:16,723 - DEBUG - findfont: score(FontEntry(fname='/usr/share/fonts/truetype/noto/NotoSansThaana-Bold.ttf', name='Noto Sans Thaana', style='normal', variant='normal', weight=700, stretch='normal', size='scalable')) = 10.335
2026-03-15 18:42:16,723 - DEBUG - findfont: score(FontEntry(fname='/usr/share/fonts/truetype/noto/NotoSansPalmyrene-Regular.ttf', name='Noto Sans Palmyrene', style='normal', variant='normal', weight=400, stretch='normal', size='scalable')) = 10.05
2026-03-15 18:42:16,723 - DEBUG - findfont: score(FontEntry(fname='/usr/share/fonts/opentype/urw-base35/NimbusSansNarrow-BoldOblique.otf', name='Nimbus Sans Narrow', style='oblique', variant='normal', weight=700, stretch='condensed', size='scalable')) = 11.535
2026-03-15 18:42:16,723 - DEBUG - findfont: score(FontEntry(fname='/usr/share/fonts/truetype/noto/NotoSerifSinhala-Regular.ttf', name='Noto Serif Sinhala', style='normal', variant='normal', weight=400, stretch='normal', size='scalable')) = 10.05
2026-03-15 18:42:16,724 - DEBUG - findfont: score(FontEntry(fname='/usr/share/fonts/truetype/noto/NotoSansNushu-Regular.ttf', name='Noto Sans Nushu', style='normal', variant='normal', weight=400, stretch='normal', size='scalable')) = 10.05
2026-03-15 18:42:16,724 - DEBUG - findfont: score(FontEntry(fname='/usr/share/fonts/truetype/noto/NotoSerifArmenian-Regular.ttf', name='Noto Serif Armenian', style='normal', variant='normal', weight=400, stretch='normal', size='scalable')) = 10.05
2026-03-15 18:42:16,724 - DEBUG - findfont: score(FontEntry(fname='/usr/share/fonts/truetype/noto/NotoSansBengali-Bold.ttf', name='Noto Sans Bengali', style='normal', variant='normal', weight=700, stretch='normal', size='scalable')) = 10.335
2026-03-15 18:42:16,724 - DEBUG - findfont: score(FontEntry(fname='/usr/share/fonts/truetype/noto/NotoSerifDevanagari-Bold.ttf', name='Noto Serif Devanagari', style='normal', variant='normal', weight=700, stretch='normal', size='scalable')) = 10.335
2026-03-15 18:42:16,724 - DEBUG - findfont: score(FontEntry(fname='/usr/share/fonts/truetype/ubuntu/UbuntuMono[wght].ttf', name='Ubuntu Mono', style='normal', variant='normal', weight=400, stretch='normal', size='scalable')) = 10.05
2026-03-15 18:42:16,724 - DEBUG - findfont: score(FontEntry(fname='/usr/share/fonts/truetype/noto/NotoSansPahawhHmong-Regular.ttf', name='Noto Sans Pahawh Hmong', style='normal', variant='normal', weight=400, stretch='normal', size='scalable')) = 10.05
2026-03-15 18:42:16,724 - DEBUG - findfont: score(FontEntry(fname='/usr/share/fonts/truetype/noto/NotoSansAdlam-Regular.ttf', name='Noto Sans Adlam', style='normal', variant='normal', weight=400, stretch='normal', size='scalable')) = 10.05
2026-03-15 18:42:16,724 - DEBUG - findfont: score(FontEntry(fname='/usr/share/fonts/truetype/ubuntu/UbuntuMono-B.ttf', name='Ubuntu Mono', style='normal', variant='normal', weight=400, stretch='normal', size='scalable')) = 10.05
2026-03-15 18:42:16,724 - DEBUG - findfont: score(FontEntry(fname='/usr/share/fonts/truetype/noto/NotoSansCham-Regular.ttf', name='Noto Sans Cham', style='normal', variant='normal', weight=400, stretch='normal', size='scalable')) = 10.05
2026-03-15 18:42:16,724 - DEBUG - findfont: score(FontEntry(fname='/usr/share/fonts/opentype/urw-base35/D050000L.otf', name='D050000L', style='normal', variant='normal', weight=400, stretch='normal', size='scalable')) = 10.05
2026-03-15 18:42:16,724 - DEBUG - findfont: score(FontEntry(fname='/usr/share/fonts/truetype/noto/NotoSansCanadianAboriginal-Regular.ttf', name='Noto Sans Canadian Aboriginal', style='normal', variant='normal', weight=400, stretch='normal', size='scalable')) = 10.05
2026-03-15 18:42:16,724 - DEBUG - findfont: score(FontEntry(fname='/usr/share/fonts/truetype/ubuntu/Ubuntu-Th.ttf', name='Ubuntu', style='normal', variant='normal', weight=400, stretch='normal', size='scalable')) = 10.05
2026-03-15 18:42:16,724 - DEBUG - findfont: score(FontEntry(fname='/usr/share/fonts/opentype/urw-base35/URWGothic-BookOblique.otf', name='URW Gothic', style='oblique', variant='normal', weight=400, stretch='normal', size='scalable')) = 11.05
2026-03-15 18:42:16,724 - DEBUG - findfont: score(FontEntry(fname='/usr/share/fonts/opentype/urw-base35/NimbusSansNarrow-Bold.otf', name='Nimbus Sans Narrow', style='normal', variant='normal', weight=700, stretch='condensed', size='scalable')) = 10.535
2026-03-15 18:42:16,724 - DEBUG - findfont: score(FontEntry(fname='/usr/share/fonts/truetype/noto/NotoSansOriya-Regular.ttf', name='Noto Sans Oriya', style='normal', variant='normal', weight=400, stretch='normal', size='scalable')) = 10.05
2026-03-15 18:42:16,724 - DEBUG - findfont: score(FontEntry(fname='/usr/share/fonts/truetype/noto/NotoSansTelugu-Regular.ttf', name='Noto Sans Telugu', style='normal', variant='normal', weight=400, stretch='normal', size='scalable')) = 10.05
2026-03-15 18:42:16,724 - DEBUG - findfont: score(FontEntry(fname='/usr/share/fonts/truetype/noto/NotoSerifTangut-Regular.ttf', name='Noto Serif Tangut', style='normal', variant='normal', weight=400, stretch='normal', size='scalable')) = 10.05
2026-03-15 18:42:16,724 - DEBUG - findfont: score(FontEntry(fname='/usr/share/fonts/truetype/noto/NotoSerifDogra-Regular.ttf', name='Noto Serif Dogra', style='normal', variant='normal', weight=400, stretch='normal', size='scalable')) = 10.05
2026-03-15 18:42:16,724 - DEBUG - findfont: score(FontEntry(fname='/usr/share/fonts/truetype/ubuntu/UbuntuMono-Italic[wght].ttf', name='Ubuntu Mono', style='italic', variant='normal', weight=400, stretch='normal', size='scalable')) = 11.05
2026-03-15 18:42:16,724 - DEBUG - findfont: score(FontEntry(fname='/usr/share/fonts/truetype/noto/NotoSansTifinaghAdrar-Regular.ttf', name='Noto Sans Tifinagh Adrar', style='normal', variant='normal', weight=400, stretch='normal', size='scalable')) = 10.05
2026-03-15 18:42:16,724 - DEBUG - findfont: score(FontEntry(fname='/usr/share/fonts/truetype/noto/NotoSansGunjalaGondi-Regular.ttf', name='Noto Sans Gunjala Gondi', style='normal', variant='normal', weight=400, stretch='normal', size='scalable')) = 10.05
2026-03-15 18:42:16,724 - DEBUG - findfont: score(FontEntry(fname='/usr/share/fonts/opentype/urw-base35/URWGothic-Demi.otf', name='URW Gothic', style='normal', variant='normal', weight=600, stretch='normal', size='scalable')) = 10.24
2026-03-15 18:42:16,724 - DEBUG - findfont: score(FontEntry(fname='/usr/share/fonts/truetype/noto/NotoSerifEthiopic-Bold.ttf', name='Noto Serif Ethiopic', style='normal', variant='normal', weight=700, stretch='normal', size='scalable')) = 10.335
2026-03-15 18:42:16,724 - DEBUG - findfont: score(FontEntry(fname='/usr/share/fonts/truetype/noto/NotoSansTifinaghTawellemmet-Regular.ttf', name='Noto Sans Tifinagh Tawellemmet', style='normal', variant='normal', weight=400, stretch='normal', size='scalable')) = 10.05
2026-03-15 18:42:16,724 - DEBUG - findfont: score(FontEntry(fname='/usr/share/fonts/truetype/noto/NotoSansTagalog-Regular.ttf', name='Noto Sans Tagalog', style='normal', variant='normal', weight=400, stretch='normal', size='scalable')) = 10.05
2026-03-15 18:42:16,724 - DEBUG - findfont: score(FontEntry(fname='/usr/share/fonts/truetype/noto/NotoSansKharoshthi-Regular.ttf', name='Noto Sans Kharoshthi', style='normal', variant='normal', weight=400, stretch='normal', size='scalable')) = 10.05
2026-03-15 18:42:16,725 - DEBUG - findfont: score(FontEntry(fname='/usr/share/fonts/truetype/noto/NotoSansCanadianAboriginal-Bold.ttf', name='Noto Sans Canadian Aboriginal', style='normal', variant='normal', weight=700, stretch='normal', size='scalable')) = 10.335
2026-03-15 18:42:16,725 - DEBUG - findfont: score(FontEntry(fname='/usr/share/fonts/truetype/noto/NotoSerifThai-Bold.ttf', name='Noto Serif Thai', style='normal', variant='normal', weight=700, stretch='normal', size='scalable')) = 10.335
2026-03-15 18:42:16,725 - DEBUG - findfont: score(FontEntry(fname='/usr/share/fonts/truetype/noto/NotoNastaliqUrdu-Regular.ttf', name='Noto Nastaliq Urdu', style='normal', variant='normal', weight=400, stretch='normal', size='scalable')) = 10.05
2026-03-15 18:42:16,725 - DEBUG - findfont: score(FontEntry(fname='/usr/share/fonts/opentype/urw-base35/P052-BoldItalic.otf', name='P052', style='italic', variant='normal', weight=700, stretch='normal', size='scalable')) = 11.335
2026-03-15 18:42:16,725 - DEBUG - findfont: score(FontEntry(fname='/usr/share/fonts/truetype/noto/NotoSerifAhom-Regular.ttf', name='Noto Serif Ahom', style='normal', variant='normal', weight=400, stretch='normal', size='scalable')) = 10.05
2026-03-15 18:42:16,725 - DEBUG - findfont: score(FontEntry(fname='/usr/share/fonts/truetype/noto/NotoSansOldSouthArabian-Regular.ttf', name='Noto Sans Old South Arabian', style='normal', variant='normal', weight=400, stretch='normal', size='scalable')) = 10.05
2026-03-15 18:42:16,725 - DEBUG - findfont: score(FontEntry(fname='/usr/share/fonts/truetype/noto/NotoSerifBengali-Regular.ttf', name='Noto Serif Bengali', style='normal', variant='normal', weight=400, stretch='normal', size='scalable')) = 10.05
2026-03-15 18:42:16,725 - DEBUG - findfont: score(FontEntry(fname='/usr/share/fonts/truetype/noto/NotoSansThaana-Regular.ttf', name='Noto Sans Thaana', style='normal', variant='normal', weight=400, stretch='normal', size='scalable')) = 10.05
2026-03-15 18:42:16,725 - DEBUG - findfont: score(FontEntry(fname='/usr/share/fonts/truetype/noto/NotoTraditionalNushu-Regular.ttf', name='Noto Traditional Nushu', style='normal', variant='normal', weight=400, stretch='normal', size='scalable')) = 10.05
2026-03-15 18:42:16,725 - DEBUG - findfont: score(FontEntry(fname='/usr/share/fonts/opentype/noto/NotoSansCJK-Regular.ttc', name='Noto Sans CJK JP', style='normal', variant='normal', weight=400, stretch='normal', size='scalable')) = 10.05
2026-03-15 18:42:16,725 - DEBUG - findfont: score(FontEntry(fname='/usr/share/fonts/truetype/noto/NotoSansThai-Bold.ttf', name='Noto Sans Thai', style='normal', variant='normal', weight=700, stretch='normal', size='scalable')) = 10.335
2026-03-15 18:42:16,725 - DEBUG - findfont: score(FontEntry(fname='/usr/share/fonts/truetype/noto/NotoSerifEthiopic-Regular.ttf', name='Noto Serif Ethiopic', style='normal', variant='normal', weight=400, stretch='normal', size='scalable')) = 10.05
2026-03-15 18:42:16,725 - DEBUG - findfont: score(FontEntry(fname='/usr/share/fonts/opentype/urw-base35/URWGothic-Book.otf', name='URW Gothic', style='normal', variant='normal', weight=400, stretch='normal', size='scalable')) = 10.05
2026-03-15 18:42:16,725 - DEBUG - findfont: score(FontEntry(fname='/usr/share/fonts/truetype/noto/NotoSansSylotiNagri-Regular.ttf', name='Noto Sans Syloti Nagri', style='normal', variant='normal', weight=400, stretch='normal', size='scalable')) = 10.05
2026-03-15 18:42:16,725 - DEBUG - findfont: score(FontEntry(fname='/usr/share/fonts/truetype/noto/NotoSerifMalayalam-Regular.ttf', name='Noto Serif Malayalam', style='normal', variant='normal', weight=400, stretch='normal', size='scalable')) = 10.05
2026-03-15 18:42:16,725 - DEBUG - findfont: score(FontEntry(fname='/usr/share/fonts/truetype/noto/NotoSansKayahLi-Bold.ttf', name='Noto Sans Kayah Li', style='normal', variant='normal', weight=700, stretch='normal', size='scalable')) = 10.335
2026-03-15 18:42:16,725 - DEBUG - findfont: score(FontEntry(fname='/usr/share/fonts/truetype/noto/NotoSansLinearB-Regular.ttf', name='Noto Sans Linear B', style='normal', variant='normal', weight=400, stretch='normal', size='scalable')) = 10.05
2026-03-15 18:42:16,725 - DEBUG - findfont: score(FontEntry(fname='/usr/share/fonts/truetype/noto/NotoSansHatran-Regular.ttf', name='Noto Sans Hatran', style='normal', variant='normal', weight=400, stretch='normal', size='scalable')) = 10.05
2026-03-15 18:42:16,725 - DEBUG - findfont: score(FontEntry(fname='/usr/share/fonts/truetype/noto/NotoSerifDevanagari-Regular.ttf', name='Noto Serif Devanagari', style='normal', variant='normal', weight=400, stretch='normal', size='scalable')) = 10.05
2026-03-15 18:42:16,725 - DEBUG - findfont: score(FontEntry(fname='/usr/share/fonts/truetype/noto/NotoSansElymaic-Regular.ttf', name='Noto Sans Elymaic', style='normal', variant='normal', weight=400, stretch='normal', size='scalable')) = 10.05
2026-03-15 18:42:16,725 - DEBUG - findfont: score(FontEntry(fname='/usr/share/fonts/truetype/noto/NotoSans-Bold.ttf', name='Noto Sans', style='normal', variant='normal', weight=700, stretch='normal', size='scalable')) = 10.335
2026-03-15 18:42:16,725 - DEBUG - findfont: score(FontEntry(fname='/usr/share/fonts/truetype/noto/NotoSansTifinaghHawad-Regular.ttf', name='Noto Sans Tifinagh Hawad', style='normal', variant='normal', weight=400, stretch='normal', size='scalable')) = 10.05
2026-03-15 18:42:16,725 - DEBUG - findfont: score(FontEntry(fname='/usr/share/fonts/truetype/noto/NotoSansBuhid-Regular.ttf', name='Noto Sans Buhid', style='normal', variant='normal', weight=400, stretch='normal', size='scalable')) = 10.05
2026-03-15 18:42:16,725 - DEBUG - findfont: score(FontEntry(fname='/usr/share/fonts/truetype/noto/NotoSansEgyptianHieroglyphs-Regular.ttf', name='Noto Sans Egyptian Hieroglyphs', style='normal', variant='normal', weight=400, stretch='normal', size='scalable')) = 10.05
2026-03-15 18:42:16,725 - DEBUG - findfont: score(FontEntry(fname='/usr/share/fonts/truetype/noto/NotoSansOldHungarian-Regular.ttf', name='Noto Sans Old Hungarian', style='normal', variant='normal', weight=400, stretch='normal', size='scalable')) = 10.05
2026-03-15 18:42:16,725 - DEBUG - findfont: score(FontEntry(fname='/usr/share/fonts/truetype/noto/NotoSerifTelugu-Bold.ttf', name='Noto Serif Telugu', style='normal', variant='normal', weight=700, stretch='normal', size='scalable')) = 10.335
2026-03-15 18:42:16,725 - DEBUG - findfont: score(FontEntry(fname='/usr/share/fonts/truetype/noto/NotoSans-BoldItalic.ttf', name='Noto Sans', style='italic', variant='normal', weight=700, stretch='normal', size='scalable')) = 11.335
2026-03-15 18:42:16,726 - DEBUG - findfont: score(FontEntry(fname='/usr/share/fonts/truetype/noto/NotoSansTaiLe-Regular.ttf', name='Noto Sans Tai Le', style='normal', variant='normal', weight=400, stretch='normal', size='scalable')) = 10.05
2026-03-15 18:42:16,726 - DEBUG - findfont: score(FontEntry(fname='/usr/share/fonts/truetype/noto/NotoSansSoyombo-Regular.ttf', name='Noto Sans Soyombo', style='normal', variant='normal', weight=400, stretch='normal', size='scalable')) = 10.05
2026-03-15 18:42:16,726 - DEBUG - findfont: score(FontEntry(fname='/usr/share/fonts/truetype/dejavu/DejaVuSansMono-Bold.ttf', name='DejaVu Sans Mono', style='normal', variant='normal', weight=700, stretch='normal', size='scalable')) = 10.335
2026-03-15 18:42:16,726 - DEBUG - findfont: score(FontEntry(fname='/usr/share/fonts/truetype/noto/NotoLoopedLao-Regular.ttf', name='Noto Looped Lao', style='normal', variant='normal', weight=400, stretch='normal', size='scalable')) = 10.05
2026-03-15 18:42:16,726 - DEBUG - findfont: score(FontEntry(fname='/usr/share/fonts/truetype/noto/NotoSansMath-Regular.ttf', name='Noto Sans Math', style='normal', variant='normal', weight=400, stretch='normal', size='scalable')) = 10.05
2026-03-15 18:42:16,726 - DEBUG - findfont: score(FontEntry(fname='/usr/share/fonts/truetype/noto/NotoSerifMyanmar-Bold.ttf', name='Noto Serif Myanmar', style='normal', variant='normal', weight=400, stretch='normal', size='scalable')) = 10.05
2026-03-15 18:42:16,726 - DEBUG - findfont: score(FontEntry(fname='/usr/share/fonts/truetype/noto/NotoSerifGurmukhi-Bold.ttf', name='Noto Serif Gurmukhi', style='normal', variant='normal', weight=700, stretch='normal', size='scalable')) = 10.335
2026-03-15 18:42:16,726 - DEBUG - findfont: score(FontEntry(fname='/usr/share/fonts/opentype/urw-base35/C059-Roman.otf', name='C059', style='normal', variant='normal', weight=400, stretch='normal', size='scalable')) = 10.05
2026-03-15 18:42:16,726 - DEBUG - findfont: score(FontEntry(fname='/usr/share/fonts/truetype/noto/NotoSerifLao-Bold.ttf', name='Noto Serif Lao', style='normal', variant='normal', weight=700, stretch='normal', size='scalable')) = 10.335
2026-03-15 18:42:16,726 - DEBUG - findfont: score(FontEntry(fname='/usr/share/fonts/truetype/noto/NotoSansManichaean-Regular.ttf', name='Noto Sans Manichaean', style='normal', variant='normal', weight=400, stretch='normal', size='scalable')) = 10.05
2026-03-15 18:42:16,726 - DEBUG - findfont: score(FontEntry(fname='/usr/share/fonts/truetype/noto/NotoSansOldPermic-Regular.ttf', name='Noto Sans Old Permic', style='normal', variant='normal', weight=400, stretch='normal', size='scalable')) = 10.05
2026-03-15 18:42:16,726 - DEBUG - findfont: score(FontEntry(fname='/usr/share/fonts/truetype/noto/NotoSansGlagolitic-Regular.ttf', name='Noto Sans Glagolitic', style='normal', variant='normal', weight=400, stretch='normal', size='scalable')) = 10.05
2026-03-15 18:42:16,726 - DEBUG - findfont: score(FontEntry(fname='/usr/share/fonts/truetype/noto/NotoSansTifinaghAhaggar-Regular.ttf', name='Noto Sans Tifinagh Ahaggar', style='normal', variant='normal', weight=400, stretch='normal', size='scalable')) = 10.05
2026-03-15 18:42:16,726 - DEBUG - findfont: score(FontEntry(fname='/usr/share/fonts/truetype/noto/NotoSerif-BoldItalic.ttf', name='Noto Serif', style='italic', variant='normal', weight=700, stretch='normal', size='scalable')) = 11.335
2026-03-15 18:42:16,726 - DEBUG - findfont: score(FontEntry(fname='/usr/share/fonts/truetype/ubuntu/UbuntuSansMono[wght].ttf', name='Ubuntu Sans Mono', style='normal', variant='normal', weight=400, stretch='normal', size='scalable')) = 10.05
2026-03-15 18:42:16,726 - DEBUG - findfont: score(FontEntry(fname='/usr/share/fonts/truetype/noto/NotoSansMahajani-Regular.ttf', name='Noto Sans Mahajani', style='normal', variant='normal', weight=400, stretch='normal', size='scalable')) = 10.05
2026-03-15 18:42:16,726 - DEBUG - findfont: score(FontEntry(fname='/usr/share/fonts/opentype/urw-base35/P052-Roman.otf', name='P052', style='normal', variant='normal', weight=400, stretch='normal', size='scalable')) = 10.05
2026-03-15 18:42:16,726 - DEBUG - findfont: score(FontEntry(fname='/usr/share/fonts/truetype/noto/NotoSansNKo-Regular.ttf', name='Noto Sans NKo', style='normal', variant='normal', weight=400, stretch='normal', size='scalable')) = 10.05
2026-03-15 18:42:16,726 - DEBUG - findfont: score(FontEntry(fname='/usr/share/fonts/truetype/noto/NotoRashiHebrew-Bold.ttf', name='Noto Rashi Hebrew', style='normal', variant='normal', weight=700, stretch='normal', size='scalable')) = 10.335
2026-03-15 18:42:16,726 - DEBUG - findfont: score(FontEntry(fname='/usr/share/fonts/truetype/noto/NotoSansArabic-Regular.ttf', name='Noto Sans Arabic', style='normal', variant='normal', weight=400, stretch='normal', size='scalable')) = 10.05
2026-03-15 18:42:16,726 - DEBUG - findfont: score(FontEntry(fname='/usr/share/fonts/truetype/noto/NotoSansAvestan-Regular.ttf', name='Noto Sans Avestan', style='normal', variant='normal', weight=400, stretch='normal', size='scalable')) = 10.05
2026-03-15 18:42:16,726 - DEBUG - findfont: score(FontEntry(fname='/usr/share/fonts/truetype/noto/NotoSerifTibetan-Bold.ttf', name='Noto Serif Tibetan', style='normal', variant='normal', weight=700, stretch='normal', size='scalable')) = 10.335
2026-03-15 18:42:16,726 - DEBUG - findfont: score(FontEntry(fname='/usr/share/fonts/truetype/noto/NotoSansDisplay-BoldItalic.ttf', name='Noto Sans Display', style='italic', variant='normal', weight=700, stretch='normal', size='scalable')) = 11.335
2026-03-15 18:42:16,726 - DEBUG - findfont: score(FontEntry(fname='/usr/share/fonts/truetype/noto/NotoSansSymbols2-Regular.ttf', name='Noto Sans Symbols2', style='normal', variant='normal', weight=400, stretch='normal', size='scalable')) = 10.05
2026-03-15 18:42:16,726 - DEBUG - findfont: score(FontEntry(fname='/usr/share/fonts/truetype/noto/NotoSansGrantha-Regular.ttf', name='Noto Sans Grantha', style='normal', variant='normal', weight=400, stretch='normal', size='scalable')) = 10.05
2026-03-15 18:42:16,726 - DEBUG - findfont: score(FontEntry(fname='/usr/share/fonts/opentype/urw-base35/C059-BdIta.otf', name='C059', style='italic', variant='normal', weight=700, stretch='normal', size='scalable')) = 11.335
2026-03-15 18:42:16,726 - DEBUG - findfont: score(FontEntry(fname='/usr/share/fonts/truetype/noto/NotoSansMasaramGondi-Regular.ttf', name='Noto Sans Masaram Gondi', style='normal', variant='normal', weight=400, stretch='normal', size='scalable')) = 10.05
2026-03-15 18:42:16,727 - DEBUG - findfont: score(FontEntry(fname='/usr/share/fonts/truetype/noto/NotoMusic-Regular.ttf', name='Noto Music', style='normal', variant='normal', weight=400, stretch='normal', size='scalable')) = 10.05
2026-03-15 18:42:16,727 - DEBUG - findfont: score(FontEntry(fname='/usr/share/fonts/truetype/dejavu/DejaVuSans.ttf', name='DejaVu Sans', style='normal', variant='normal', weight=400, stretch='normal', size='scalable')) = 0.05
2026-03-15 18:42:16,727 - DEBUG - findfont: score(FontEntry(fname='/usr/share/fonts/truetype/noto/NotoSansGeorgian-Regular.ttf', name='Noto Sans Georgian', style='normal', variant='normal', weight=400, stretch='normal', size='scalable')) = 10.05
2026-03-15 18:42:16,727 - DEBUG - findfont: score(FontEntry(fname='/usr/share/fonts/truetype/ubuntu/Ubuntu-B.ttf', name='Ubuntu', style='normal', variant='normal', weight=400, stretch='normal', size='scalable')) = 10.05
2026-03-15 18:42:16,727 - DEBUG - findfont: score(FontEntry(fname='/usr/share/fonts/truetype/noto/NotoSansLycian-Regular.ttf', name='Noto Sans Lycian', style='normal', variant='normal', weight=400, stretch='normal', size='scalable')) = 10.05
2026-03-15 18:42:16,727 - DEBUG - findfont: score(FontEntry(fname='/usr/share/fonts/opentype/urw-base35/NimbusMonoPS-BoldItalic.otf', name='Nimbus Mono PS', style='italic', variant='normal', weight=700, stretch='normal', size='scalable')) = 11.335
2026-03-15 18:42:16,727 - DEBUG - findfont: score(FontEntry(fname='/usr/share/fonts/truetype/liberation/LiberationSansNarrow-BoldItalic.ttf', name='Liberation Sans Narrow', style='italic', variant='normal', weight=700, stretch='condensed', size='scalable')) = 11.535
2026-03-15 18:42:16,727 - DEBUG - findfont: score(FontEntry(fname='/usr/share/fonts/truetype/noto/NotoSansAdlamUnjoined-Regular.ttf', name='Noto Sans Adlam Unjoined', style='normal', variant='normal', weight=400, stretch='normal', size='scalable')) = 10.05
2026-03-15 18:42:16,727 - DEBUG - findfont: score(FontEntry(fname='/usr/share/fonts/truetype/noto/NotoSerifDisplay-Italic.ttf', name='Noto Serif Display', style='italic', variant='normal', weight=400, stretch='normal', size='scalable')) = 11.05
2026-03-15 18:42:16,727 - DEBUG - findfont: score(FontEntry(fname='/usr/share/fonts/truetype/noto/NotoSansSyriac-Regular.ttf', name='Noto Sans Syriac', style='normal', variant='normal', weight=400, stretch='normal', size='scalable')) = 10.05
2026-03-15 18:42:16,727 - DEBUG - findfont: score(FontEntry(fname='/usr/share/fonts/truetype/noto/NotoSansAnatolianHieroglyphs-Regular.ttf', name='Noto Sans Anatolian Hieroglyphs', style='normal', variant='normal', weight=400, stretch='normal', size='scalable')) = 10.05
2026-03-15 18:42:16,727 - DEBUG - findfont: score(FontEntry(fname='/usr/share/fonts/truetype/noto/NotoSansKhudawadi-Regular.ttf', name='Noto Sans Khudawadi', style='normal', variant='normal', weight=400, stretch='normal', size='scalable')) = 10.05
2026-03-15 18:42:16,727 - DEBUG - findfont: score(FontEntry(fname='/usr/share/fonts/opentype/urw-base35/P052-Italic.otf', name='P052', style='italic', variant='normal', weight=400, stretch='normal', size='scalable')) = 11.05
2026-03-15 18:42:16,727 - DEBUG - findfont: score(FontEntry(fname='/usr/share/fonts/truetype/noto/NotoSansMayanNumerals-Regular.ttf', name='Noto Sans Mayan Numerals', style='normal', variant='normal', weight=400, stretch='normal', size='scalable')) = 10.05
2026-03-15 18:42:16,727 - DEBUG - findfont: score(FontEntry(fname='/usr/share/fonts/truetype/noto/NotoSansKhmer-Regular.ttf', name='Noto Sans Khmer', style='normal', variant='normal', weight=400, stretch='normal', size='scalable')) = 10.05
2026-03-15 18:42:16,727 - DEBUG - findfont: score(FontEntry(fname='/usr/share/fonts/opentype/urw-base35/NimbusSansNarrow-Oblique.otf', name='Nimbus Sans Narrow', style='oblique', variant='normal', weight=400, stretch='condensed', size='scalable')) = 11.25
2026-03-15 18:42:16,727 - DEBUG - findfont: score(FontEntry(fname='/usr/share/fonts/opentype/urw-base35/NimbusSans-BoldItalic.otf', name='Nimbus Sans', style='italic', variant='normal', weight=700, stretch='normal', size='scalable')) = 11.335
2026-03-15 18:42:16,727 - DEBUG - findfont: score(FontEntry(fname='/usr/share/fonts/truetype/noto/NotoSerifTamilSlanted-Bold.ttf', name='Noto Serif Tamil Slanted', style='normal', variant='normal', weight=700, stretch='normal', size='scalable')) = 10.335
2026-03-15 18:42:16,727 - DEBUG - findfont: score(FontEntry(fname='/usr/share/fonts/truetype/noto/NotoSerif-Regular.ttf', name='Noto Serif', style='normal', variant='normal', weight=400, stretch='normal', size='scalable')) = 10.05
2026-03-15 18:42:16,727 - DEBUG - findfont: score(FontEntry(fname='/usr/share/fonts/truetype/liberation/LiberationMono-BoldItalic.ttf', name='Liberation Mono', style='italic', variant='normal', weight=700, stretch='normal', size='scalable')) = 11.335
2026-03-15 18:42:16,727 - DEBUG - findfont: score(FontEntry(fname='/usr/share/fonts/opentype/urw-base35/NimbusSans-Regular.otf', name='Nimbus Sans', style='normal', variant='normal', weight=400, stretch='normal', size='scalable')) = 10.05
2026-03-15 18:42:16,727 - DEBUG - findfont: score(FontEntry(fname='/usr/share/fonts/truetype/noto/NotoSansSignWriting-Regular.ttf', name='Noto Sans SignWriting', style='normal', variant='normal', weight=400, stretch='normal', size='scalable')) = 10.05
2026-03-15 18:42:16,727 - DEBUG - findfont: score(FontEntry(fname='/usr/share/fonts/truetype/noto/NotoSerifGeorgian-Regular.ttf', name='Noto Serif Georgian', style='normal', variant='normal', weight=400, stretch='normal', size='scalable')) = 10.05
2026-03-15 18:42:16,727 - DEBUG - findfont: score(FontEntry(fname='/usr/share/fonts/truetype/noto/NotoSansKaithi-Regular.ttf', name='Noto Sans Kaithi', style='normal', variant='normal', weight=400, stretch='normal', size='scalable')) = 10.05
2026-03-15 18:42:16,727 - DEBUG - findfont: score(FontEntry(fname='/usr/share/fonts/truetype/noto/NotoSerifGujarati-Bold.ttf', name='Noto Serif Gujarati', style='normal', variant='normal', weight=700, stretch='normal', size='scalable')) = 10.335
2026-03-15 18:42:16,727 - DEBUG - findfont: score(FontEntry(fname='/usr/share/fonts/opentype/urw-base35/P052-Bold.otf', name='P052', style='normal', variant='normal', weight=700, stretch='normal', size='scalable')) = 10.335
2026-03-15 18:42:16,728 - DEBUG - findfont: score(FontEntry(fname='/usr/share/fonts/truetype/noto/NotoSansLinearA-Regular.ttf', name='Noto Sans Linear A', style='normal', variant='normal', weight=400, stretch='normal', size='scalable')) = 10.05
2026-03-15 18:42:16,728 - DEBUG - findfont: score(FontEntry(fname='/usr/share/fonts/truetype/noto/NotoSerifTamil-Regular.ttf', name='Noto Serif Tamil', style='normal', variant='normal', weight=400, stretch='normal', size='scalable')) = 10.05
2026-03-15 18:42:16,728 - DEBUG - findfont: score(FontEntry(fname='/usr/share/fonts/truetype/liberation/LiberationSerif-Bold.ttf', name='Liberation Serif', style='normal', variant='normal', weight=700, stretch='normal', size='scalable')) = 10.335
2026-03-15 18:42:16,728 - DEBUG - findfont: score(FontEntry(fname='/usr/share/fonts/opentype/noto/NotoSerifCJK-Bold.ttc', name='Noto Serif CJK JP', style='normal', variant='normal', weight=700, stretch='normal', size='scalable')) = 10.335
2026-03-15 18:42:16,728 - DEBUG - findfont: score(FontEntry(fname='/usr/share/fonts/truetype/noto/NotoSansSundanese-Regular.ttf', name='Noto Sans Sundanese', style='normal', variant='normal', weight=400, stretch='normal', size='scalable')) = 10.05
2026-03-15 18:42:16,728 - DEBUG - findfont: score(FontEntry(fname='/usr/share/fonts/truetype/noto/NotoSansCherokee-Bold.ttf', name='Noto Sans Cherokee', style='normal', variant='normal', weight=700, stretch='normal', size='scalable')) = 10.335
2026-03-15 18:42:16,728 - DEBUG - findfont: score(FontEntry(fname='/usr/share/fonts/truetype/noto/NotoSansTirhuta-Regular.ttf', name='Noto Sans Tirhuta', style='normal', variant='normal', weight=400, stretch='normal', size='scalable')) = 10.05
2026-03-15 18:42:16,728 - DEBUG - findfont: score(FontEntry(fname='/usr/share/fonts/truetype/noto/NotoSansElbasan-Regular.ttf', name='Noto Sans Elbasan', style='normal', variant='normal', weight=400, stretch='normal', size='scalable')) = 10.05
2026-03-15 18:42:16,728 - DEBUG - findfont: score(FontEntry(fname='/usr/share/fonts/truetype/noto/NotoSansWancho-Regular.ttf', name='Noto Sans Wancho', style='normal', variant='normal', weight=400, stretch='normal', size='scalable')) = 10.05
2026-03-15 18:42:16,728 - DEBUG - findfont: score(FontEntry(fname='/usr/share/fonts/truetype/liberation/LiberationSans-Italic.ttf', name='Liberation Sans', style='italic', variant='normal', weight=400, stretch='normal', size='scalable')) = 11.05
2026-03-15 18:42:16,728 - DEBUG - findfont: score(FontEntry(fname='/usr/share/fonts/truetype/noto/NotoSansTifinaghAPT-Regular.ttf', name='Noto Sans Tifinagh APT', style='normal', variant='normal', weight=400, stretch='normal', size='scalable')) = 10.05
2026-03-15 18:42:16,728 - DEBUG - findfont: score(FontEntry(fname='/usr/share/fonts/truetype/noto/NotoSansDevanagari-Regular.ttf', name='Noto Sans Devanagari', style='normal', variant='normal', weight=400, stretch='normal', size='scalable')) = 10.05
2026-03-15 18:42:16,728 - DEBUG - findfont: score(FontEntry(fname='/usr/share/fonts/opentype/noto/NotoSerifCJK-Regular.ttc', name='Noto Serif CJK JP', style='normal', variant='normal', weight=400, stretch='normal', size='scalable')) = 10.05
2026-03-15 18:42:16,728 - DEBUG - findfont: score(FontEntry(fname='/usr/share/fonts/truetype/noto/NotoSansSamaritan-Regular.ttf', name='Noto Sans Samaritan', style='normal', variant='normal', weight=400, stretch='normal', size='scalable')) = 10.05
2026-03-15 18:42:16,728 - DEBUG - findfont: score(FontEntry(fname='/usr/share/fonts/truetype/noto/NotoSerifDisplay-BoldItalic.ttf', name='Noto Serif Display', style='italic', variant='normal', weight=700, stretch='normal', size='scalable')) = 11.335
2026-03-15 18:42:16,728 - DEBUG - findfont: score(FontEntry(fname='/usr/share/fonts/truetype/noto/NotoSansLisu-Regular.ttf', name='Noto Sans Lisu', style='normal', variant='normal', weight=400, stretch='normal', size='scalable')) = 10.05
2026-03-15 18:42:16,728 - DEBUG - findfont: score(FontEntry(fname='/usr/share/fonts/truetype/noto/NotoSansDisplay-Bold.ttf', name='Noto Sans Display', style='normal', variant='normal', weight=700, stretch='normal', size='scalable')) = 10.335
2026-03-15 18:42:16,728 - DEBUG - findfont: score(FontEntry(fname='/usr/share/fonts/truetype/ubuntu/Ubuntu-RI.ttf', name='Ubuntu', style='italic', variant='normal', weight=400, stretch='normal', size='scalable')) = 11.05
2026-03-15 18:42:16,728 - DEBUG - findfont: Matching sans\-serif:style=normal:variant=normal:weight=normal:stretch=normal:size=10.0 to DejaVu Sans ('/home/hkds/Desktop/PythonPrg/AIChatReviewer/.venv/lib/python3.12/site-packages/matplotlib/mpl-data/fonts/ttf/DejaVuSans.ttf') with score of 0.050000.
2026-03-15 18:42:16,732 - INFO -    Построена линия для категории 'Безопасность и правонарушения': [40, 26, 4]
2026-03-15 18:42:16,732 - INFO -    Построена линия для категории 'Деятельность управляющих компаний и ЖКХ': [31, 40, 0]
2026-03-15 18:42:16,732 - INFO -    Построена линия для категории 'Здравоохранение и медицинская помощь': [52, 17, 1]
2026-03-15 18:42:16,733 - INFO -    Построена линия для категории 'Парковки и размещение автомобилей': [4, 60, 8]
2026-03-15 18:42:16,733 - INFO -    Построена линия для категории 'Проблемы с дорогами и дорожным движением': [30, 41, 4]
2026-03-15 18:42:16,733 - INFO -    Построена линия для категории 'Работа общественного транспорта': [27, 40, 5]
2026-03-15 18:42:16,733 - INFO -    Построена линия для категории 'Уборка снега и содержание территорий': [66, 38, 4]
2026-03-15 18:42:16,743 - DEBUG - findfont: Matching sans\-serif:style=normal:variant=normal:weight=normal:stretch=normal:size=12.0.
2026-03-15 18:42:16,743 - DEBUG - findfont: score(FontEntry(fname='/home/hkds/Desktop/PythonPrg/AIChatReviewer/.venv/lib/python3.12/site-packages/matplotlib/mpl-data/fonts/ttf/STIXSizThreeSymReg.ttf', name='STIXSizeThreeSym', style='normal', variant='normal', weight=400, stretch='normal', size='scalable')) = 10.05
2026-03-15 18:42:16,743 - DEBUG - findfont: score(FontEntry(fname='/home/hkds/Desktop/PythonPrg/AIChatReviewer/.venv/lib/python3.12/site-packages/matplotlib/mpl-data/fonts/ttf/DejaVuSansMono.ttf', name='DejaVu Sans Mono', style='normal', variant='normal', weight=400, stretch='normal', size='scalable')) = 10.05
2026-03-15 18:42:16,743 - DEBUG - findfont: score(FontEntry(fname='/home/hkds/Desktop/PythonPrg/AIChatReviewer/.venv/lib/python3.12/site-packages/matplotlib/mpl-data/fonts/ttf/STIXGeneralBolIta.ttf', name='STIXGeneral', style='italic', variant='normal', weight=700, stretch='normal', size='scalable')) = 11.335
2026-03-15 18:42:16,743 - DEBUG - findfont: score(FontEntry(fname='/home/hkds/Desktop/PythonPrg/AIChatReviewer/.venv/lib/python3.12/site-packages/matplotlib/mpl-data/fonts/ttf/DejaVuSansMono-Oblique.ttf', name='DejaVu Sans Mono', style='oblique', variant='normal', weight=400, stretch='normal', size='scalable')) = 11.05
2026-03-15 18:42:16,743 - DEBUG - findfont: score(FontEntry(fname='/home/hkds/Desktop/PythonPrg/AIChatReviewer/.venv/lib/python3.12/site-packages/matplotlib/mpl-data/fonts/ttf/STIXSizTwoSymReg.ttf', name='STIXSizeTwoSym', style='normal', variant='normal', weight=400, stretch='normal', size='scalable')) = 10.05
2026-03-15 18:42:16,743 - DEBUG - findfont: score(FontEntry(fname='/home/hkds/Desktop/PythonPrg/AIChatReviewer/.venv/lib/python3.12/site-packages/matplotlib/mpl-data/fonts/ttf/STIXGeneralBol.ttf', name='STIXGeneral', style='normal', variant='normal', weight=700, stretch='normal', size='scalable')) = 10.335
2026-03-15 18:42:16,743 - DEBUG - findfont: score(FontEntry(fname='/home/hkds/Desktop/PythonPrg/AIChatReviewer/.venv/lib/python3.12/site-packages/matplotlib/mpl-data/fonts/ttf/STIXSizFiveSymReg.ttf', name='STIXSizeFiveSym', style='normal', variant='normal', weight=400, stretch='normal', size='scalable')) = 10.05
2026-03-15 18:42:16,743 - DEBUG - findfont: score(FontEntry(fname='/home/hkds/Desktop/PythonPrg/AIChatReviewer/.venv/lib/python3.12/site-packages/matplotlib/mpl-data/fonts/ttf/DejaVuSansMono-Bold.ttf', name='DejaVu Sans Mono', style='normal', variant='normal', weight=700, stretch='normal', size='scalable')) = 10.335
2026-03-15 18:42:16,743 - DEBUG - findfont: score(FontEntry(fname='/home/hkds/Desktop/PythonPrg/AIChatReviewer/.venv/lib/python3.12/site-packages/matplotlib/mpl-data/fonts/ttf/STIXSizThreeSymBol.ttf', name='STIXSizeThreeSym', style='normal', variant='normal', weight=700, stretch='normal', size='scalable')) = 10.335
2026-03-15 18:42:16,743 - DEBUG - findfont: score(FontEntry(fname='/home/hkds/Desktop/PythonPrg/AIChatReviewer/.venv/lib/python3.12/site-packages/matplotlib/mpl-data/fonts/ttf/DejaVuSans-Bold.ttf', name='DejaVu Sans', style='normal', variant='normal', weight=700, stretch='normal', size='scalable')) = 0.33499999999999996
2026-03-15 18:42:16,743 - DEBUG - findfont: score(FontEntry(fname='/home/hkds/Desktop/PythonPrg/AIChatReviewer/.venv/lib/python3.12/site-packages/matplotlib/mpl-data/fonts/ttf/DejaVuSerif.ttf', name='DejaVu Serif', style='normal', variant='normal', weight=400, stretch='normal', size='scalable')) = 10.05
2026-03-15 18:42:16,743 - DEBUG - findfont: score(FontEntry(fname='/home/hkds/Desktop/PythonPrg/AIChatReviewer/.venv/lib/python3.12/site-packages/matplotlib/mpl-data/fonts/ttf/DejaVuSans-Oblique.ttf', name='DejaVu Sans', style='oblique', variant='normal', weight=400, stretch='normal', size='scalable')) = 1.05
2026-03-15 18:42:16,743 - DEBUG - findfont: score(FontEntry(fname='/home/hkds/Desktop/PythonPrg/AIChatReviewer/.venv/lib/python3.12/site-packages/matplotlib/mpl-data/fonts/ttf/STIXSizFourSymBol.ttf', name='STIXSizeFourSym', style='normal', variant='normal', weight=700, stretch='normal', size='scalable')) = 10.335
2026-03-15 18:42:16,743 - DEBUG - findfont: score(FontEntry(fname='/home/hkds/Desktop/PythonPrg/AIChatReviewer/.venv/lib/python3.12/site-packages/matplotlib/mpl-data/fonts/ttf/DejaVuSerif-Italic.ttf', name='DejaVu Serif', style='italic', variant='normal', weight=400, stretch='normal', size='scalable')) = 11.05
2026-03-15 18:42:16,743 - DEBUG - findfont: score(FontEntry(fname='/home/hkds/Desktop/PythonPrg/AIChatReviewer/.venv/lib/python3.12/site-packages/matplotlib/mpl-data/fonts/ttf/STIXSizTwoSymBol.ttf', name='STIXSizeTwoSym', style='normal', variant='normal', weight=700, stretch='normal', size='scalable')) = 10.335
2026-03-15 18:42:16,743 - DEBUG - findfont: score(FontEntry(fname='/home/hkds/Desktop/PythonPrg/AIChatReviewer/.venv/lib/python3.12/site-packages/matplotlib/mpl-data/fonts/ttf/DejaVuSans-BoldOblique.ttf', name='DejaVu Sans', style='oblique', variant='normal', weight=700, stretch='normal', size='scalable')) = 1.335
2026-03-15 18:42:16,743 - DEBUG - findfont: score(FontEntry(fname='/home/hkds/Desktop/PythonPrg/AIChatReviewer/.venv/lib/python3.12/site-packages/matplotlib/mpl-data/fonts/ttf/DejaVuSerif-Bold.ttf', name='DejaVu Serif', style='normal', variant='normal', weight=700, stretch='normal', size='scalable')) = 10.335
2026-03-15 18:42:16,743 - DEBUG - findfont: score(FontEntry(fname='/home/hkds/Desktop/PythonPrg/AIChatReviewer/.venv/lib/python3.12/site-packages/matplotlib/mpl-data/fonts/ttf/cmmi10.ttf', name='cmmi10', style='normal', variant='normal', weight=400, stretch='normal', size='scalable')) = 10.05
2026-03-15 18:42:16,743 - DEBUG - findfont: score(FontEntry(fname='/home/hkds/Desktop/PythonPrg/AIChatReviewer/.venv/lib/python3.12/site-packages/matplotlib/mpl-data/fonts/ttf/DejaVuSansMono-BoldOblique.ttf', name='DejaVu Sans Mono', style='oblique', variant='normal', weight=700, stretch='normal', size='scalable')) = 11.335
2026-03-15 18:42:16,743 - DEBUG - findfont: score(FontEntry(fname='/home/hkds/Desktop/PythonPrg/AIChatReviewer/.venv/lib/python3.12/site-packages/matplotlib/mpl-data/fonts/ttf/STIXNonUniBol.ttf', name='STIXNonUnicode', style='normal', variant='normal', weight=700, stretch='normal', size='scalable')) = 10.335
2026-03-15 18:42:16,744 - DEBUG - findfont: score(FontEntry(fname='/home/hkds/Desktop/PythonPrg/AIChatReviewer/.venv/lib/python3.12/site-packages/matplotlib/mpl-data/fonts/ttf/STIXSizOneSymReg.ttf', name='STIXSizeOneSym', style='normal', variant='normal', weight=400, stretch='normal', size='scalable')) = 10.05
2026-03-15 18:42:16,744 - DEBUG - findfont: score(FontEntry(fname='/home/hkds/Desktop/PythonPrg/AIChatReviewer/.venv/lib/python3.12/site-packages/matplotlib/mpl-data/fonts/ttf/STIXNonUniBolIta.ttf', name='STIXNonUnicode', style='italic', variant='normal', weight=700, stretch='normal', size='scalable')) = 11.335
2026-03-15 18:42:16,744 - DEBUG - findfont: score(FontEntry(fname='/home/hkds/Desktop/PythonPrg/AIChatReviewer/.venv/lib/python3.12/site-packages/matplotlib/mpl-data/fonts/ttf/cmss10.ttf', name='cmss10', style='normal', variant='normal', weight=400, stretch='normal', size='scalable')) = 10.05
2026-03-15 18:42:16,744 - DEBUG - findfont: score(FontEntry(fname='/home/hkds/Desktop/PythonPrg/AIChatReviewer/.venv/lib/python3.12/site-packages/matplotlib/mpl-data/fonts/ttf/cmtt10.ttf', name='cmtt10', style='normal', variant='normal', weight=400, stretch='normal', size='scalable')) = 10.05
2026-03-15 18:42:16,744 - DEBUG - findfont: score(FontEntry(fname='/home/hkds/Desktop/PythonPrg/AIChatReviewer/.venv/lib/python3.12/site-packages/matplotlib/mpl-data/fonts/ttf/DejaVuSansDisplay.ttf', name='DejaVu Sans Display', style='normal', variant='normal', weight=400, stretch='normal', size='scalable')) = 10.05
2026-03-15 18:42:16,744 - DEBUG - findfont: score(FontEntry(fname='/home/hkds/Desktop/PythonPrg/AIChatReviewer/.venv/lib/python3.12/site-packages/matplotlib/mpl-data/fonts/ttf/DejaVuSerif-BoldItalic.ttf', name='DejaVu Serif', style='italic', variant='normal', weight=700, stretch='normal', size='scalable')) = 11.335
2026-03-15 18:42:16,744 - DEBUG - findfont: score(FontEntry(fname='/home/hkds/Desktop/PythonPrg/AIChatReviewer/.venv/lib/python3.12/site-packages/matplotlib/mpl-data/fonts/ttf/cmb10.ttf', name='cmb10', style='normal', variant='normal', weight=400, stretch='normal', size='scalable')) = 10.05
2026-03-15 18:42:16,744 - DEBUG - findfont: score(FontEntry(fname='/home/hkds/Desktop/PythonPrg/AIChatReviewer/.venv/lib/python3.12/site-packages/matplotlib/mpl-data/fonts/ttf/cmsy10.ttf', name='cmsy10', style='normal', variant='normal', weight=400, stretch='normal', size='scalable')) = 10.05
2026-03-15 18:42:16,744 - DEBUG - findfont: score(FontEntry(fname='/home/hkds/Desktop/PythonPrg/AIChatReviewer/.venv/lib/python3.12/site-packages/matplotlib/mpl-data/fonts/ttf/STIXGeneral.ttf', name='STIXGeneral', style='normal', variant='normal', weight=400, stretch='normal', size='scalable')) = 10.05
2026-03-15 18:42:16,744 - DEBUG - findfont: score(FontEntry(fname='/home/hkds/Desktop/PythonPrg/AIChatReviewer/.venv/lib/python3.12/site-packages/matplotlib/mpl-data/fonts/ttf/STIXSizOneSymBol.ttf', name='STIXSizeOneSym', style='normal', variant='normal', weight=700, stretch='normal', size='scalable')) = 10.335
2026-03-15 18:42:16,744 - DEBUG - findfont: score(FontEntry(fname='/home/hkds/Desktop/PythonPrg/AIChatReviewer/.venv/lib/python3.12/site-packages/matplotlib/mpl-data/fonts/ttf/cmex10.ttf', name='cmex10', style='normal', variant='normal', weight=400, stretch='normal', size='scalable')) = 10.05
2026-03-15 18:42:16,744 - DEBUG - findfont: score(FontEntry(fname='/home/hkds/Desktop/PythonPrg/AIChatReviewer/.venv/lib/python3.12/site-packages/matplotlib/mpl-data/fonts/ttf/STIXSizFourSymReg.ttf', name='STIXSizeFourSym', style='normal', variant='normal', weight=400, stretch='normal', size='scalable')) = 10.05
2026-03-15 18:42:16,744 - DEBUG - findfont: score(FontEntry(fname='/home/hkds/Desktop/PythonPrg/AIChatReviewer/.venv/lib/python3.12/site-packages/matplotlib/mpl-data/fonts/ttf/DejaVuSans.ttf', name='DejaVu Sans', style='normal', variant='normal', weight=400, stretch='normal', size='scalable')) = 0.05
2026-03-15 18:42:16,744 - DEBUG - findfont: score(FontEntry(fname='/home/hkds/Desktop/PythonPrg/AIChatReviewer/.venv/lib/python3.12/site-packages/matplotlib/mpl-data/fonts/ttf/STIXGeneralItalic.ttf', name='STIXGeneral', style='italic', variant='normal', weight=400, stretch='normal', size='scalable')) = 11.05
2026-03-15 18:42:16,744 - DEBUG - findfont: score(FontEntry(fname='/home/hkds/Desktop/PythonPrg/AIChatReviewer/.venv/lib/python3.12/site-packages/matplotlib/mpl-data/fonts/ttf/DejaVuSerifDisplay.ttf', name='DejaVu Serif Display', style='normal', variant='normal', weight=400, stretch='normal', size='scalable')) = 10.05
2026-03-15 18:42:16,744 - DEBUG - findfont: score(FontEntry(fname='/home/hkds/Desktop/PythonPrg/AIChatReviewer/.venv/lib/python3.12/site-packages/matplotlib/mpl-data/fonts/ttf/STIXNonUniIta.ttf', name='STIXNonUnicode', style='italic', variant='normal', weight=400, stretch='normal', size='scalable')) = 11.05
2026-03-15 18:42:16,744 - DEBUG - findfont: score(FontEntry(fname='/home/hkds/Desktop/PythonPrg/AIChatReviewer/.venv/lib/python3.12/site-packages/matplotlib/mpl-data/fonts/ttf/cmr10.ttf', name='cmr10', style='normal', variant='normal', weight=400, stretch='normal', size='scalable')) = 10.05
2026-03-15 18:42:16,744 - DEBUG - findfont: score(FontEntry(fname='/home/hkds/Desktop/PythonPrg/AIChatReviewer/.venv/lib/python3.12/site-packages/matplotlib/mpl-data/fonts/ttf/STIXNonUni.ttf', name='STIXNonUnicode', style='normal', variant='normal', weight=400, stretch='normal', size='scalable')) = 10.05
2026-03-15 18:42:16,744 - DEBUG - findfont: score(FontEntry(fname='/usr/share/fonts/truetype/noto/NotoSansTifinaghAir-Regular.ttf', name='Noto Sans Tifinagh Air', style='normal', variant='normal', weight=400, stretch='normal', size='scalable')) = 10.05
2026-03-15 18:42:16,744 - DEBUG - findfont: score(FontEntry(fname='/usr/share/fonts/truetype/noto/NotoSansMro-Regular.ttf', name='Noto Sans Mro', style='normal', variant='normal', weight=400, stretch='normal', size='scalable')) = 10.05
2026-03-15 18:42:16,744 - DEBUG - findfont: score(FontEntry(fname='/usr/share/fonts/truetype/noto/NotoKufiArabic-Regular.ttf', name='Noto Kufi Arabic', style='normal', variant='normal', weight=400, stretch='normal', size='scalable')) = 10.05
2026-03-15 18:42:16,744 - DEBUG - findfont: score(FontEntry(fname='/usr/share/fonts/truetype/noto/NotoSansTaiTham-Bold.ttf', name='Noto Sans Tai Tham', style='normal', variant='normal', weight=700, stretch='normal', size='scalable')) = 10.335
2026-03-15 18:42:16,744 - DEBUG - findfont: score(FontEntry(fname='/usr/share/fonts/truetype/noto/NotoSansBalinese-Regular.ttf', name='Noto Sans Balinese', style='normal', variant='normal', weight=400, stretch='normal', size='scalable')) = 10.05
2026-03-15 18:42:16,744 - DEBUG - findfont: score(FontEntry(fname='/usr/share/fonts/truetype/noto/NotoSansTelugu-Bold.ttf', name='Noto Sans Telugu', style='normal', variant='normal', weight=700, stretch='normal', size='scalable')) = 10.335
2026-03-15 18:42:16,744 - DEBUG - findfont: score(FontEntry(fname='/usr/share/fonts/truetype/liberation/LiberationSerif-Regular.ttf', name='Liberation Serif', style='normal', variant='normal', weight=400, stretch='normal', size='scalable')) = 10.05
2026-03-15 18:42:16,745 - DEBUG - findfont: score(FontEntry(fname='/usr/share/fonts/truetype/noto/NotoSansBhaiksuki-Regular.ttf', name='Noto Sans Bhaiksuki', style='normal', variant='normal', weight=400, stretch='normal', size='scalable')) = 10.05
2026-03-15 18:42:16,745 - DEBUG - findfont: score(FontEntry(fname='/usr/share/fonts/truetype/dejavu/DejaVuSansMono-BoldOblique.ttf', name='DejaVu Sans Mono', style='oblique', variant='normal', weight=700, stretch='normal', size='scalable')) = 11.335
2026-03-15 18:42:16,745 - DEBUG - findfont: score(FontEntry(fname='/usr/share/fonts/truetype/noto/NotoSansMeeteiMayek-Bold.ttf', name='Noto Sans Meetei Mayek', style='normal', variant='normal', weight=700, stretch='normal', size='scalable')) = 10.335
2026-03-15 18:42:16,745 - DEBUG - findfont: score(FontEntry(fname='/usr/share/fonts/truetype/noto/NotoSansSymbols-Bold.ttf', name='Noto Sans Symbols', style='normal', variant='normal', weight=700, stretch='normal', size='scalable')) = 10.335
2026-03-15 18:42:16,745 - DEBUG - findfont: score(FontEntry(fname='/usr/share/fonts/truetype/noto/NotoSansTaiTham-Regular.ttf', name='Noto Sans Tai Tham', style='normal', variant='normal', weight=400, stretch='normal', size='scalable')) = 10.05
2026-03-15 18:42:16,745 - DEBUG - findfont: score(FontEntry(fname='/usr/share/fonts/truetype/noto/NotoSansOsmanya-Regular.ttf', name='Noto Sans Osmanya', style='normal', variant='normal', weight=400, stretch='normal', size='scalable')) = 10.05
2026-03-15 18:42:16,745 - DEBUG - findfont: score(FontEntry(fname='/usr/share/fonts/truetype/noto/NotoSansImperialAramaic-Regular.ttf', name='Noto Sans Imperial Aramaic', style='normal', variant='normal', weight=400, stretch='normal', size='scalable')) = 10.05
2026-03-15 18:42:16,745 - DEBUG - findfont: score(FontEntry(fname='/usr/share/fonts/opentype/urw-base35/Z003-MediumItalic.otf', name='Z003', style='italic', variant='normal', weight=500, stretch='normal', size='scalable')) = 11.145
2026-03-15 18:42:16,745 - DEBUG - findfont: score(FontEntry(fname='/usr/share/fonts/truetype/noto/NotoSansCypriot-Regular.ttf', name='Noto Sans Cypriot', style='normal', variant='normal', weight=400, stretch='normal', size='scalable')) = 10.05
2026-03-15 18:42:16,745 - DEBUG - findfont: score(FontEntry(fname='/usr/share/fonts/truetype/noto/NotoSansInscriptionalParthian-Regular.ttf', name='Noto Sans Inscriptional Parthian', style='normal', variant='normal', weight=400, stretch='normal', size='scalable')) = 10.05
2026-03-15 18:42:16,745 - DEBUG - findfont: score(FontEntry(fname='/usr/share/fonts/truetype/ubuntu/UbuntuSans-Italic[wdth,wght].ttf', name='Ubuntu Sans', style='italic', variant='normal', weight=400, stretch='normal', size='scalable')) = 11.05
2026-03-15 18:42:16,745 - DEBUG - findfont: score(FontEntry(fname='/usr/share/fonts/truetype/noto/NotoLoopedThai-Bold.ttf', name='Noto Looped Thai', style='normal', variant='normal', weight=700, stretch='normal', size='scalable')) = 10.335
2026-03-15 18:42:16,745 - DEBUG - findfont: score(FontEntry(fname='/usr/share/fonts/truetype/noto/NotoSansDeseret-Regular.ttf', name='Noto Sans Deseret', style='normal', variant='normal', weight=400, stretch='normal', size='scalable')) = 10.05
2026-03-15 18:42:16,745 - DEBUG - findfont: score(FontEntry(fname='/usr/share/fonts/truetype/noto/NotoSansTifinaghAgrawImazighen-Regular.ttf', name='Noto Sans Tifinagh Agraw Imazighen', style='normal', variant='normal', weight=400, stretch='normal', size='scalable')) = 10.05
2026-03-15 18:42:16,745 - DEBUG - findfont: score(FontEntry(fname='/usr/share/fonts/truetype/noto/NotoSansCuneiform-Regular.ttf', name='Noto Sans Cuneiform', style='normal', variant='normal', weight=400, stretch='normal', size='scalable')) = 10.05
2026-03-15 18:42:16,745 - DEBUG - findfont: score(FontEntry(fname='/usr/share/fonts/truetype/noto/NotoSansBuginese-Regular.ttf', name='Noto Sans Buginese', style='normal', variant='normal', weight=400, stretch='normal', size='scalable')) = 10.05
2026-03-15 18:42:16,745 - DEBUG - findfont: score(FontEntry(fname='/usr/share/fonts/truetype/noto/NotoSansTifinaghSIL-Regular.ttf', name='Noto Sans Tifinagh SIL', style='normal', variant='normal', weight=400, stretch='normal', size='scalable')) = 10.05
2026-03-15 18:42:16,745 - DEBUG - findfont: score(FontEntry(fname='/usr/share/fonts/truetype/ubuntu/UbuntuMono-RI.ttf', name='Ubuntu Mono', style='italic', variant='normal', weight=400, stretch='normal', size='scalable')) = 11.05
2026-03-15 18:42:16,745 - DEBUG - findfont: score(FontEntry(fname='/usr/share/fonts/truetype/ubuntu/Ubuntu-MI.ttf', name='Ubuntu', style='italic', variant='normal', weight=400, stretch='normal', size='scalable')) = 11.05
2026-03-15 18:42:16,745 - DEBUG - findfont: score(FontEntry(fname='/usr/share/fonts/truetype/noto/NotoSansDevanagari-Bold.ttf', name='Noto Sans Devanagari', style='normal', variant='normal', weight=700, stretch='normal', size='scalable')) = 10.335
2026-03-15 18:42:16,745 - DEBUG - findfont: score(FontEntry(fname='/usr/share/fonts/truetype/noto/NotoSansGurmukhi-Bold.ttf', name='Noto Sans Gurmukhi', style='normal', variant='normal', weight=700, stretch='normal', size='scalable')) = 10.335
2026-03-15 18:42:16,745 - DEBUG - findfont: score(FontEntry(fname='/usr/share/fonts/truetype/noto/NotoSansNabataean-Regular.ttf', name='Noto Sans Nabataean', style='normal', variant='normal', weight=400, stretch='normal', size='scalable')) = 10.05
2026-03-15 18:42:16,745 - DEBUG - findfont: score(FontEntry(fname='/usr/share/fonts/truetype/noto/NotoSansLydian-Regular.ttf', name='Noto Sans Lydian', style='normal', variant='normal', weight=400, stretch='normal', size='scalable')) = 10.05
2026-03-15 18:42:16,745 - DEBUG - findfont: score(FontEntry(fname='/usr/share/fonts/truetype/noto/NotoSerifYezidi-Regular.ttf', name='Noto Serif Yezidi', style='normal', variant='normal', weight=400, stretch='normal', size='scalable')) = 10.05
2026-03-15 18:42:16,745 - DEBUG - findfont: score(FontEntry(fname='/usr/share/fonts/truetype/noto/NotoSansGujarati-Bold.ttf', name='Noto Sans Gujarati', style='normal', variant='normal', weight=700, stretch='normal', size='scalable')) = 10.335
2026-03-15 18:42:16,746 - DEBUG - findfont: score(FontEntry(fname='/usr/share/fonts/truetype/noto/NotoSansUgaritic-Regular.ttf', name='Noto Sans Ugaritic', style='normal', variant='normal', weight=400, stretch='normal', size='scalable')) = 10.05
2026-03-15 18:42:16,746 - DEBUG - findfont: score(FontEntry(fname='/usr/share/fonts/truetype/noto/NotoSansKannada-Regular.ttf', name='Noto Sans Kannada', style='normal', variant='normal', weight=400, stretch='normal', size='scalable')) = 10.05
2026-03-15 18:42:16,746 - DEBUG - findfont: score(FontEntry(fname='/usr/share/fonts/truetype/ubuntu/Ubuntu-BI.ttf', name='Ubuntu', style='italic', variant='normal', weight=400, stretch='normal', size='scalable')) = 11.05
2026-03-15 18:42:16,746 - DEBUG - findfont: score(FontEntry(fname='/usr/share/fonts/truetype/noto/NotoMono-Regular.ttf', name='Noto Mono', style='normal', variant='normal', weight=400, stretch='normal', size='scalable')) = 10.05
2026-03-15 18:42:16,746 - DEBUG - findfont: score(FontEntry(fname='/usr/share/fonts/truetype/ubuntu/Ubuntu-LI.ttf', name='Ubuntu', style='italic', variant='normal', weight=400, stretch='normal', size='scalable')) = 11.05
2026-03-15 18:42:16,746 - DEBUG - findfont: score(FontEntry(fname='/usr/share/fonts/truetype/noto/NotoSerifKannada-Regular.ttf', name='Noto Serif Kannada', style='normal', variant='normal', weight=400, stretch='normal', size='scalable')) = 10.05
2026-03-15 18:42:16,746 - DEBUG - findfont: score(FontEntry(fname='/usr/share/fonts/truetype/noto/NotoSansKannada-Bold.ttf', name='Noto Sans Kannada', style='normal', variant='normal', weight=700, stretch='normal', size='scalable')) = 10.335
2026-03-15 18:42:16,746 - DEBUG - findfont: score(FontEntry(fname='/usr/share/fonts/truetype/noto/NotoSansMultani-Regular.ttf', name='Noto Sans Multani', style='normal', variant='normal', weight=400, stretch='normal', size='scalable')) = 10.05
2026-03-15 18:42:16,746 - DEBUG - findfont: score(FontEntry(fname='/usr/share/fonts/truetype/noto/NotoSansGothic-Regular.ttf', name='Noto Sans Gothic', style='normal', variant='normal', weight=400, stretch='normal', size='scalable')) = 10.05
2026-03-15 18:42:16,746 - DEBUG - findfont: score(FontEntry(fname='/usr/share/fonts/truetype/noto/NotoSansPhagsPa-Regular.ttf', name='Noto Sans PhagsPa', style='normal', variant='normal', weight=400, stretch='normal', size='scalable')) = 10.05
2026-03-15 18:42:16,746 - DEBUG - findfont: score(FontEntry(fname='/usr/share/fonts/truetype/noto/NotoSansTamilSupplement-Regular.ttf', name='Noto Sans Tamil Supplement', style='normal', variant='normal', weight=400, stretch='normal', size='scalable')) = 10.05
2026-03-15 18:42:16,746 - DEBUG - findfont: score(FontEntry(fname='/usr/share/fonts/opentype/urw-base35/NimbusRoman-Italic.otf', name='Nimbus Roman', style='italic', variant='normal', weight=400, stretch='normal', size='scalable')) = 11.05
2026-03-15 18:42:16,746 - DEBUG - findfont: score(FontEntry(fname='/usr/share/fonts/truetype/noto/NotoSerifNyiakengPuachueHmong-Bold.ttf', name='Noto Serif Hmong Nyiakeng', style='normal', variant='normal', weight=700, stretch='normal', size='scalable')) = 10.335
2026-03-15 18:42:16,746 - DEBUG - findfont: score(FontEntry(fname='/usr/share/fonts/opentype/urw-base35/StandardSymbolsPS.otf', name='Standard Symbols PS', style='normal', variant='normal', weight=400, stretch='normal', size='scalable')) = 10.05
2026-03-15 18:42:16,746 - DEBUG - findfont: score(FontEntry(fname='/usr/share/fonts/truetype/noto/NotoSansIndicSiyaqNumbers-Regular.ttf', name='Noto Sans Indic Siyaq Numbers', style='normal', variant='normal', weight=400, stretch='normal', size='scalable')) = 10.05
2026-03-15 18:42:16,746 - DEBUG - findfont: score(FontEntry(fname='/usr/share/fonts/truetype/noto/NotoSerifSinhala-Bold.ttf', name='Noto Serif Sinhala', style='normal', variant='normal', weight=700, stretch='normal', size='scalable')) = 10.335
2026-03-15 18:42:16,746 - DEBUG - findfont: score(FontEntry(fname='/home/hkds/.fonts/Roboto-Medium.ttf', name='Roboto', style='normal', variant='normal', weight=500, stretch='normal', size='scalable')) = 10.145
2026-03-15 18:42:16,746 - DEBUG - findfont: score(FontEntry(fname='/usr/share/fonts/opentype/urw-base35/URWBookman-LightItalic.otf', name='URW Bookman', style='italic', variant='normal', weight=300, stretch='normal', size='scalable')) = 11.145
2026-03-15 18:42:16,746 - DEBUG - findfont: score(FontEntry(fname='/usr/share/fonts/truetype/noto/NotoSansRejang-Regular.ttf', name='Noto Sans Rejang', style='normal', variant='normal', weight=400, stretch='normal', size='scalable')) = 10.05
2026-03-15 18:42:16,746 - DEBUG - findfont: score(FontEntry(fname='/usr/share/fonts/truetype/liberation/LiberationSans-Regular.ttf', name='Liberation Sans', style='normal', variant='normal', weight=400, stretch='normal', size='scalable')) = 10.05
2026-03-15 18:42:16,746 - DEBUG - findfont: score(FontEntry(fname='/usr/share/fonts/truetype/noto/NotoSerifYezidi-Bold.ttf', name='Noto Serif Yezidi', style='normal', variant='normal', weight=700, stretch='normal', size='scalable')) = 10.335
2026-03-15 18:42:16,746 - DEBUG - findfont: score(FontEntry(fname='/usr/share/fonts/truetype/noto/NotoSansTifinaghRhissaIxa-Regular.ttf', name='Noto Sans Tifinagh Rhissa Ixa', style='normal', variant='normal', weight=400, stretch='normal', size='scalable')) = 10.05
2026-03-15 18:42:16,746 - DEBUG - findfont: score(FontEntry(fname='/usr/share/fonts/truetype/liberation/LiberationMono-Bold.ttf', name='Liberation Mono', style='normal', variant='normal', weight=700, stretch='normal', size='scalable')) = 10.335
2026-03-15 18:42:16,746 - DEBUG - findfont: score(FontEntry(fname='/usr/share/fonts/truetype/noto/NotoLoopedLao-Bold.ttf', name='Noto Looped Lao', style='normal', variant='normal', weight=700, stretch='normal', size='scalable')) = 10.335
2026-03-15 18:42:16,746 - DEBUG - findfont: score(FontEntry(fname='/usr/share/fonts/opentype/urw-base35/NimbusMonoPS-Regular.otf', name='Nimbus Mono PS', style='normal', variant='normal', weight=400, stretch='normal', size='scalable')) = 10.05
2026-03-15 18:42:16,746 - DEBUG - findfont: score(FontEntry(fname='/usr/share/fonts/truetype/noto/NotoSerifLao-Regular.ttf', name='Noto Serif Lao', style='normal', variant='normal', weight=400, stretch='normal', size='scalable')) = 10.05
2026-03-15 18:42:16,747 - DEBUG - findfont: score(FontEntry(fname='/usr/share/fonts/truetype/noto/NotoSansMyanmar-Regular.ttf', name='Noto Sans Myanmar', style='normal', variant='normal', weight=400, stretch='normal', size='scalable')) = 10.05
2026-03-15 18:42:16,747 - DEBUG - findfont: score(FontEntry(fname='/usr/share/fonts/truetype/noto/NotoSerifArmenian-Bold.ttf', name='Noto Serif Armenian', style='normal', variant='normal', weight=700, stretch='normal', size='scalable')) = 10.335
2026-03-15 18:42:16,747 - DEBUG - findfont: score(FontEntry(fname='/usr/share/fonts/truetype/noto/NotoSansMiao-Regular.ttf', name='Noto Sans Miao', style='normal', variant='normal', weight=400, stretch='normal', size='scalable')) = 10.05
2026-03-15 18:42:16,747 - DEBUG - findfont: score(FontEntry(fname='/usr/share/fonts/truetype/noto/NotoSansHebrew-Regular.ttf', name='Noto Sans Hebrew', style='normal', variant='normal', weight=400, stretch='normal', size='scalable')) = 10.05
2026-03-15 18:42:16,747 - DEBUG - findfont: score(FontEntry(fname='/home/hkds/.fonts/CustomTkinter_shapes_font.otf', name='CustomTkinter_shapes_font', style='normal', variant='normal', weight=500, stretch='normal', size='scalable')) = 10.145
2026-03-15 18:42:16,747 - DEBUG - findfont: score(FontEntry(fname='/usr/share/fonts/opentype/noto/NotoSansCJK-Bold.ttc', name='Noto Sans CJK JP', style='normal', variant='normal', weight=700, stretch='normal', size='scalable')) = 10.335
2026-03-15 18:42:16,747 - DEBUG - findfont: score(FontEntry(fname='/usr/share/fonts/truetype/noto/NotoSansSinhala-Bold.ttf', name='Noto Sans Sinhala', style='normal', variant='normal', weight=700, stretch='normal', size='scalable')) = 10.335
2026-03-15 18:42:16,747 - DEBUG - findfont: score(FontEntry(fname='/usr/share/fonts/truetype/noto/NotoSansOriya-Bold.ttf', name='Noto Sans Oriya', style='normal', variant='normal', weight=700, stretch='normal', size='scalable')) = 10.335
2026-03-15 18:42:16,747 - DEBUG - findfont: score(FontEntry(fname='/usr/share/fonts/truetype/noto/NotoSansBengali-Regular.ttf', name='Noto Sans Bengali', style='normal', variant='normal', weight=400, stretch='normal', size='scalable')) = 10.05
2026-03-15 18:42:16,747 - DEBUG - findfont: score(FontEntry(fname='/usr/share/fonts/truetype/noto/NotoSansDuployan-Regular.ttf', name='Noto Sans Duployan', style='normal', variant='normal', weight=400, stretch='normal', size='scalable')) = 10.05
2026-03-15 18:42:16,747 - DEBUG - findfont: score(FontEntry(fname='/usr/share/fonts/truetype/noto/NotoSansEthiopic-Regular.ttf', name='Noto Sans Ethiopic', style='normal', variant='normal', weight=400, stretch='normal', size='scalable')) = 10.05
2026-03-15 18:42:16,747 - DEBUG - findfont: score(FontEntry(fname='/usr/share/fonts/truetype/noto/NotoSansMeroitic-Regular.ttf', name='Noto Sans Meroitic', style='normal', variant='normal', weight=400, stretch='normal', size='scalable')) = 10.05
2026-03-15 18:42:16,747 - DEBUG - findfont: score(FontEntry(fname='/usr/share/fonts/opentype/urw-base35/C059-Bold.otf', name='C059', style='normal', variant='normal', weight=700, stretch='normal', size='scalable')) = 10.335
2026-03-15 18:42:16,747 - DEBUG - findfont: score(FontEntry(fname='/usr/share/fonts/opentype/urw-base35/URWBookman-DemiItalic.otf', name='URW Bookman', style='italic', variant='normal', weight=600, stretch='normal', size='scalable')) = 11.24
2026-03-15 18:42:16,747 - DEBUG - findfont: score(FontEntry(fname='/usr/share/fonts/truetype/noto/NotoSansSinhala-Regular.ttf', name='Noto Sans Sinhala', style='normal', variant='normal', weight=400, stretch='normal', size='scalable')) = 10.05
2026-03-15 18:42:16,747 - DEBUG - findfont: score(FontEntry(fname='/usr/share/fonts/truetype/noto/NotoSerifTamil-Bold.ttf', name='Noto Serif Tamil', style='normal', variant='normal', weight=700, stretch='normal', size='scalable')) = 10.335
2026-03-15 18:42:16,747 - DEBUG - findfont: score(FontEntry(fname='/usr/share/fonts/truetype/noto/NotoSansChakma-Regular.ttf', name='Noto Sans Chakma', style='normal', variant='normal', weight=400, stretch='normal', size='scalable')) = 10.05
2026-03-15 18:42:16,747 - DEBUG - findfont: score(FontEntry(fname='/usr/share/fonts/truetype/noto/NotoSansSundanese-Bold.ttf', name='Noto Sans Sundanese', style='normal', variant='normal', weight=700, stretch='normal', size='scalable')) = 10.335
2026-03-15 18:42:16,747 - DEBUG - findfont: score(FontEntry(fname='/usr/share/fonts/truetype/liberation/LiberationMono-Italic.ttf', name='Liberation Mono', style='italic', variant='normal', weight=400, stretch='normal', size='scalable')) = 11.05
2026-03-15 18:42:16,747 - DEBUG - findfont: score(FontEntry(fname='/usr/share/fonts/truetype/noto/NotoSerifNyiakengPuachueHmong-Regular.ttf', name='Noto Serif Hmong Nyiakeng', style='normal', variant='normal', weight=400, stretch='normal', size='scalable')) = 10.05
2026-03-15 18:42:16,747 - DEBUG - findfont: score(FontEntry(fname='/usr/share/fonts/truetype/noto/NotoSansTifinaghGhat-Regular.ttf', name='Noto Sans Tifinagh Ghat', style='normal', variant='normal', weight=400, stretch='normal', size='scalable')) = 10.05
2026-03-15 18:42:16,747 - DEBUG - findfont: score(FontEntry(fname='/usr/share/fonts/truetype/noto/NotoSerifBengali-Bold.ttf', name='Noto Serif Bengali', style='normal', variant='normal', weight=700, stretch='normal', size='scalable')) = 10.335
2026-03-15 18:42:16,747 - DEBUG - findfont: score(FontEntry(fname='/usr/share/fonts/opentype/urw-base35/NimbusSans-Bold.otf', name='Nimbus Sans', style='normal', variant='normal', weight=700, stretch='normal', size='scalable')) = 10.335
2026-03-15 18:42:16,747 - DEBUG - findfont: score(FontEntry(fname='/usr/share/fonts/truetype/noto/NotoNastaliqUrdu-Bold.ttf', name='Noto Nastaliq Urdu', style='normal', variant='normal', weight=400, stretch='normal', size='scalable')) = 10.05
2026-03-15 18:42:16,747 - DEBUG - findfont: score(FontEntry(fname='/usr/share/fonts/truetype/noto/NotoSansTifinagh-Regular.ttf', name='Noto Sans Tifinagh', style='normal', variant='normal', weight=400, stretch='normal', size='scalable')) = 10.05
2026-03-15 18:42:16,748 - DEBUG - findfont: score(FontEntry(fname='/usr/share/fonts/truetype/noto/NotoSansSharada-Regular.ttf', name='Noto Sans Sharada', style='normal', variant='normal', weight=400, stretch='normal', size='scalable')) = 10.05
2026-03-15 18:42:16,748 - DEBUG - findfont: score(FontEntry(fname='/usr/share/fonts/truetype/ubuntu/UbuntuSansMono-Italic[wght].ttf', name='Ubuntu Sans Mono', style='italic', variant='normal', weight=400, stretch='normal', size='scalable')) = 11.05
2026-03-15 18:42:16,748 - DEBUG - findfont: score(FontEntry(fname='/usr/share/fonts/truetype/noto/NotoSansThai-Regular.ttf', name='Noto Sans Thai', style='normal', variant='normal', weight=400, stretch='normal', size='scalable')) = 10.05
2026-03-15 18:42:16,748 - DEBUG - findfont: score(FontEntry(fname='/usr/share/fonts/opentype/urw-base35/NimbusRoman-Bold.otf', name='Nimbus Roman', style='normal', variant='normal', weight=700, stretch='normal', size='scalable')) = 10.335
2026-03-15 18:42:16,748 - DEBUG - findfont: score(FontEntry(fname='/usr/share/fonts/truetype/liberation/LiberationSansNarrow-Italic.ttf', name='Liberation Sans Narrow', style='italic', variant='normal', weight=400, stretch='condensed', size='scalable')) = 11.25
2026-03-15 18:42:16,748 - DEBUG - findfont: score(FontEntry(fname='/usr/share/fonts/truetype/noto/NotoSansLao-Bold.ttf', name='Noto Sans Lao', style='normal', variant='normal', weight=700, stretch='normal', size='scalable')) = 10.335
2026-03-15 18:42:16,748 - DEBUG - findfont: score(FontEntry(fname='/usr/share/fonts/truetype/noto/NotoSansSymbols-Regular.ttf', name='Noto Sans Symbols', style='normal', variant='normal', weight=400, stretch='normal', size='scalable')) = 10.05
2026-03-15 18:42:16,748 - DEBUG - findfont: score(FontEntry(fname='/usr/share/fonts/truetype/noto/NotoSansJavanese-Bold.ttf', name='Noto Sans Javanese', style='normal', variant='normal', weight=700, stretch='normal', size='scalable')) = 10.335
2026-03-15 18:42:16,748 - DEBUG - findfont: score(FontEntry(fname='/usr/share/fonts/truetype/noto/NotoSansMalayalam-Regular.ttf', name='Noto Sans Malayalam', style='normal', variant='normal', weight=400, stretch='normal', size='scalable')) = 10.05
2026-03-15 18:42:16,748 - DEBUG - findfont: score(FontEntry(fname='/usr/share/fonts/truetype/noto/NotoSerifGrantha-Regular.ttf', name='Noto Serif Grantha', style='normal', variant='normal', weight=400, stretch='normal', size='scalable')) = 10.05
2026-03-15 18:42:16,748 - DEBUG - findfont: score(FontEntry(fname='/usr/share/fonts/truetype/noto/NotoSansBalinese-Bold.ttf', name='Noto Sans Balinese', style='normal', variant='normal', weight=700, stretch='normal', size='scalable')) = 10.335
2026-03-15 18:42:16,748 - DEBUG - findfont: score(FontEntry(fname='/usr/share/fonts/truetype/noto/NotoSansMeeteiMayek-Regular.ttf', name='Noto Sans Meetei Mayek', style='normal', variant='normal', weight=400, stretch='normal', size='scalable')) = 10.05
2026-03-15 18:42:16,748 - DEBUG - findfont: score(FontEntry(fname='/usr/share/fonts/truetype/noto/NotoSerifGeorgian-Bold.ttf', name='Noto Serif Georgian', style='normal', variant='normal', weight=700, stretch='normal', size='scalable')) = 10.335
2026-03-15 18:42:16,748 - DEBUG - findfont: score(FontEntry(fname='/usr/share/fonts/truetype/noto/NotoSansKayahLi-Regular.ttf', name='Noto Sans Kayah Li', style='normal', variant='normal', weight=400, stretch='normal', size='scalable')) = 10.05
2026-03-15 18:42:16,748 - DEBUG - findfont: score(FontEntry(fname='/usr/share/fonts/truetype/noto/NotoRashiHebrew-Regular.ttf', name='Noto Rashi Hebrew', style='normal', variant='normal', weight=400, stretch='normal', size='scalable')) = 10.05
2026-03-15 18:42:16,748 - DEBUG - findfont: score(FontEntry(fname='/usr/share/fonts/truetype/ubuntu/UbuntuMono-BI.ttf', name='Ubuntu Mono', style='italic', variant='normal', weight=400, stretch='normal', size='scalable')) = 11.05
2026-03-15 18:42:16,748 - DEBUG - findfont: score(FontEntry(fname='/usr/share/fonts/truetype/dejavu/DejaVuSans-Bold.ttf', name='DejaVu Sans', style='normal', variant='normal', weight=700, stretch='normal', size='scalable')) = 0.33499999999999996
2026-03-15 18:42:16,748 - DEBUG - findfont: score(FontEntry(fname='/usr/share/fonts/truetype/noto/NotoSansArabic-Bold.ttf', name='Noto Sans Arabic', style='normal', variant='normal', weight=700, stretch='normal', size='scalable')) = 10.335
2026-03-15 18:42:16,748 - DEBUG - findfont: score(FontEntry(fname='/usr/share/fonts/truetype/noto/NotoSerif-Bold.ttf', name='Noto Serif', style='normal', variant='normal', weight=700, stretch='normal', size='scalable')) = 10.335
2026-03-15 18:42:16,748 - DEBUG - findfont: score(FontEntry(fname='/usr/share/fonts/truetype/noto/NotoSansSogdian-Regular.ttf', name='Noto Sans Sogdian', style='normal', variant='normal', weight=400, stretch='normal', size='scalable')) = 10.05
2026-03-15 18:42:16,748 - DEBUG - findfont: score(FontEntry(fname='/usr/share/fonts/truetype/noto/NotoSansLao-Regular.ttf', name='Noto Sans Lao', style='normal', variant='normal', weight=400, stretch='normal', size='scalable')) = 10.05
2026-03-15 18:42:16,748 - DEBUG - findfont: score(FontEntry(fname='/usr/share/fonts/truetype/noto/NotoSansOldItalic-Regular.ttf', name='Noto Sans Old Italic', style='italic', variant='normal', weight=400, stretch='normal', size='scalable')) = 11.05
2026-03-15 18:42:16,748 - DEBUG - findfont: score(FontEntry(fname='/usr/share/fonts/truetype/noto/NotoSansBamum-Regular.ttf', name='Noto Sans Bamum', style='normal', variant='normal', weight=400, stretch='normal', size='scalable')) = 10.05
2026-03-15 18:42:16,748 - DEBUG - findfont: score(FontEntry(fname='/usr/share/fonts/truetype/liberation/LiberationSans-Bold.ttf', name='Liberation Sans', style='normal', variant='normal', weight=700, stretch='normal', size='scalable')) = 10.335
2026-03-15 18:42:16,748 - DEBUG - findfont: score(FontEntry(fname='/usr/share/fonts/truetype/noto/NotoSerifKhmer-Bold.ttf', name='Noto Serif Khmer', style='normal', variant='normal', weight=700, stretch='normal', size='scalable')) = 10.335
2026-03-15 18:42:16,748 - DEBUG - findfont: score(FontEntry(fname='/usr/share/fonts/truetype/noto/NotoSansMongolian-Regular.ttf', name='Noto Sans Mongolian', style='normal', variant='normal', weight=400, stretch='normal', size='scalable')) = 10.05
2026-03-15 18:42:16,749 - DEBUG - findfont: score(FontEntry(fname='/usr/share/fonts/truetype/noto/NotoSerifMyanmar-Regular.ttf', name='Noto Serif Myanmar', style='normal', variant='normal', weight=400, stretch='normal', size='scalable')) = 10.05
2026-03-15 18:42:16,749 - DEBUG - findfont: score(FontEntry(fname='/usr/share/fonts/truetype/noto/NotoSansMendeKikakui-Regular.ttf', name='Noto Sans Mende Kikakui', style='normal', variant='normal', weight=400, stretch='normal', size='scalable')) = 10.05
2026-03-15 18:42:16,749 - DEBUG - findfont: score(FontEntry(fname='/usr/share/fonts/truetype/ubuntu/Ubuntu[wdth,wght].ttf', name='Ubuntu', style='normal', variant='normal', weight=400, stretch='normal', size='scalable')) = 10.05
2026-03-15 18:42:16,749 - DEBUG - findfont: score(FontEntry(fname='/usr/share/fonts/truetype/noto/NotoSansOlChiki-Regular.ttf', name='Noto Sans Ol Chiki', style='normal', variant='normal', weight=400, stretch='normal', size='scalable')) = 10.05
2026-03-15 18:42:16,749 - DEBUG - findfont: score(FontEntry(fname='/usr/share/fonts/truetype/noto/NotoSansMedefaidrin-Bold.ttf', name='Noto Sans Medefaidrin', style='normal', variant='normal', weight=700, stretch='normal', size='scalable')) = 10.335
2026-03-15 18:42:16,749 - DEBUG - findfont: score(FontEntry(fname='/usr/share/fonts/truetype/noto/NotoSansCaucasianAlbanian-Regular.ttf', name='Noto Sans Caucasian Albanian', style='normal', variant='normal', weight=400, stretch='normal', size='scalable')) = 10.05
2026-03-15 18:42:16,749 - DEBUG - findfont: score(FontEntry(fname='/usr/share/fonts/truetype/noto/NotoSansHanifiRohingya-Bold.ttf', name='Noto Sans Hanifi Rohingya', style='normal', variant='normal', weight=700, stretch='normal', size='scalable')) = 10.335
2026-03-15 18:42:16,749 - DEBUG - findfont: score(FontEntry(fname='/usr/share/fonts/truetype/noto/NotoSerifKhojki-Bold.ttf', name='Noto Serif Khojki', style='normal', variant='normal', weight=700, stretch='normal', size='scalable')) = 10.335
2026-03-15 18:42:16,749 - DEBUG - findfont: score(FontEntry(fname='/usr/share/fonts/truetype/noto/NotoSerifKhmer-Regular.ttf', name='Noto Serif Khmer', style='normal', variant='normal', weight=400, stretch='normal', size='scalable')) = 10.05
2026-03-15 18:42:16,749 - DEBUG - findfont: score(FontEntry(fname='/usr/share/fonts/truetype/noto/NotoSerifTelugu-Regular.ttf', name='Noto Serif Telugu', style='normal', variant='normal', weight=400, stretch='normal', size='scalable')) = 10.05
2026-03-15 18:42:16,749 - DEBUG - findfont: score(FontEntry(fname='/usr/share/fonts/truetype/noto/NotoSansMarchen-Regular.ttf', name='Noto Sans Marchen', style='normal', variant='normal', weight=400, stretch='normal', size='scalable')) = 10.05
2026-03-15 18:42:16,749 - DEBUG - findfont: score(FontEntry(fname='/usr/share/fonts/truetype/dejavu/DejaVuSerif.ttf', name='DejaVu Serif', style='normal', variant='normal', weight=400, stretch='normal', size='scalable')) = 10.05
2026-03-15 18:42:16,749 - DEBUG - findfont: score(FontEntry(fname='/usr/share/fonts/truetype/noto/NotoKufiArabic-Bold.ttf', name='Noto Kufi Arabic', style='normal', variant='normal', weight=700, stretch='normal', size='scalable')) = 10.335
2026-03-15 18:42:16,749 - DEBUG - findfont: score(FontEntry(fname='/usr/share/fonts/truetype/noto/NotoSansLepcha-Regular.ttf', name='Noto Sans Lepcha', style='normal', variant='normal', weight=400, stretch='normal', size='scalable')) = 10.05
2026-03-15 18:42:16,749 - DEBUG - findfont: score(FontEntry(fname='/usr/share/fonts/truetype/noto/NotoSansDisplay-Regular.ttf', name='Noto Sans Display', style='normal', variant='normal', weight=400, stretch='normal', size='scalable')) = 10.05
2026-03-15 18:42:16,749 - DEBUG - findfont: score(FontEntry(fname='/usr/share/fonts/truetype/noto/NotoSerifHebrew-Bold.ttf', name='Noto Serif Hebrew', style='normal', variant='normal', weight=700, stretch='normal', size='scalable')) = 10.335
2026-03-15 18:42:16,749 - DEBUG - findfont: score(FontEntry(fname='/usr/share/fonts/truetype/noto/NotoSansNewTaiLue-Regular.ttf', name='Noto Sans New Tai Lue', style='normal', variant='normal', weight=400, stretch='normal', size='scalable')) = 10.05
2026-03-15 18:42:16,749 - DEBUG - findfont: score(FontEntry(fname='/usr/share/fonts/truetype/noto/NotoSerifDisplay-Regular.ttf', name='Noto Serif Display', style='normal', variant='normal', weight=400, stretch='normal', size='scalable')) = 10.05
2026-03-15 18:42:16,749 - DEBUG - findfont: score(FontEntry(fname='/usr/share/fonts/truetype/noto/NotoSansSoraSompeng-Bold.ttf', name='Noto Sans Sora Sompeng', style='normal', variant='normal', weight=700, stretch='normal', size='scalable')) = 10.335
2026-03-15 18:42:16,749 - DEBUG - findfont: score(FontEntry(fname='/usr/share/fonts/truetype/noto/NotoSansMono-Regular.ttf', name='Noto Sans Mono', style='normal', variant='normal', weight=400, stretch='normal', size='scalable')) = 10.05
2026-03-15 18:42:16,749 - DEBUG - findfont: score(FontEntry(fname='/usr/share/fonts/truetype/noto/NotoSansShavian-Regular.ttf', name='Noto Sans Shavian', style='normal', variant='normal', weight=400, stretch='normal', size='scalable')) = 10.05
2026-03-15 18:42:16,749 - DEBUG - findfont: score(FontEntry(fname='/usr/share/fonts/opentype/urw-base35/NimbusRoman-BoldItalic.otf', name='Nimbus Roman', style='italic', variant='normal', weight=700, stretch='normal', size='scalable')) = 11.335
2026-03-15 18:42:16,749 - DEBUG - findfont: score(FontEntry(fname='/usr/share/fonts/truetype/noto/NotoSansOldTurkic-Regular.ttf', name='Noto Sans Old Turkic', style='normal', variant='normal', weight=400, stretch='normal', size='scalable')) = 10.05
2026-03-15 18:42:16,749 - DEBUG - findfont: score(FontEntry(fname='/usr/share/fonts/truetype/noto/NotoSansAdlam-Bold.ttf', name='Noto Sans Adlam', style='normal', variant='normal', weight=700, stretch='normal', size='scalable')) = 10.335
2026-03-15 18:42:16,749 - DEBUG - findfont: score(FontEntry(fname='/usr/share/fonts/truetype/noto/NotoNaskhArabic-Bold.ttf', name='Noto Naskh Arabic', style='normal', variant='normal', weight=700, stretch='normal', size='scalable')) = 10.335
2026-03-15 18:42:16,749 - DEBUG - findfont: score(FontEntry(fname='/usr/share/fonts/truetype/ubuntu/Ubuntu-C.ttf', name='Ubuntu', style='normal', variant='normal', weight=400, stretch='normal', size='scalable')) = 10.05
2026-03-15 18:42:16,750 - DEBUG - findfont: score(FontEntry(fname='/usr/share/fonts/opentype/urw-base35/NimbusMonoPS-Bold.otf', name='Nimbus Mono PS', style='normal', variant='normal', weight=700, stretch='normal', size='scalable')) = 10.335
2026-03-15 18:42:16,750 - DEBUG - findfont: score(FontEntry(fname='/usr/share/fonts/truetype/liberation/LiberationSerif-Italic.ttf', name='Liberation Serif', style='italic', variant='normal', weight=400, stretch='normal', size='scalable')) = 11.05
2026-03-15 18:42:16,750 - DEBUG - findfont: score(FontEntry(fname='/usr/share/fonts/truetype/noto/NotoSansGujarati-Regular.ttf', name='Noto Sans Gujarati', style='normal', variant='normal', weight=400, stretch='normal', size='scalable')) = 10.05
2026-03-15 18:42:16,750 - DEBUG - findfont: score(FontEntry(fname='/usr/share/fonts/truetype/ubuntu/Ubuntu-R.ttf', name='Ubuntu', style='normal', variant='normal', weight=400, stretch='normal', size='scalable')) = 10.05
2026-03-15 18:42:16,750 - DEBUG - findfont: score(FontEntry(fname='/usr/share/fonts/opentype/urw-base35/NimbusMonoPS-Italic.otf', name='Nimbus Mono PS', style='italic', variant='normal', weight=400, stretch='normal', size='scalable')) = 11.05
2026-03-15 18:42:16,750 - DEBUG - findfont: score(FontEntry(fname='/usr/share/fonts/truetype/ubuntu/Ubuntu-M.ttf', name='Ubuntu', style='normal', variant='normal', weight=400, stretch='normal', size='scalable')) = 10.05
2026-03-15 18:42:16,750 - DEBUG - findfont: score(FontEntry(fname='/usr/share/fonts/truetype/noto/NotoSerifKannada-Bold.ttf', name='Noto Serif Kannada', style='normal', variant='normal', weight=700, stretch='normal', size='scalable')) = 10.335
2026-03-15 18:42:16,750 - DEBUG - findfont: score(FontEntry(fname='/usr/share/fonts/truetype/noto/NotoSerifHebrew-Regular.ttf', name='Noto Serif Hebrew', style='normal', variant='normal', weight=400, stretch='normal', size='scalable')) = 10.05
2026-03-15 18:42:16,750 - DEBUG - findfont: score(FontEntry(fname='/usr/share/fonts/truetype/noto/NotoSerifGurmukhi-Regular.ttf', name='Noto Serif Gurmukhi', style='normal', variant='normal', weight=400, stretch='normal', size='scalable')) = 10.05
2026-03-15 18:42:16,750 - DEBUG - findfont: score(FontEntry(fname='/usr/share/fonts/truetype/liberation/LiberationSansNarrow-Regular.ttf', name='Liberation Sans Narrow', style='normal', variant='normal', weight=400, stretch='condensed', size='scalable')) = 10.25
2026-03-15 18:42:16,750 - DEBUG - findfont: score(FontEntry(fname='/usr/share/fonts/opentype/urw-base35/NimbusSans-Italic.otf', name='Nimbus Sans', style='italic', variant='normal', weight=400, stretch='normal', size='scalable')) = 11.05
2026-03-15 18:42:16,750 - DEBUG - findfont: score(FontEntry(fname='/usr/share/fonts/truetype/noto/NotoSansTamil-Regular.ttf', name='Noto Sans Tamil', style='normal', variant='normal', weight=400, stretch='normal', size='scalable')) = 10.05
2026-03-15 18:42:16,750 - DEBUG - findfont: score(FontEntry(fname='/usr/share/fonts/truetype/noto/NotoSansBamum-Bold.ttf', name='Noto Sans Bamum', style='normal', variant='normal', weight=700, stretch='normal', size='scalable')) = 10.335
2026-03-15 18:42:16,750 - DEBUG - findfont: score(FontEntry(fname='/usr/share/fonts/truetype/noto/NotoSansModi-Regular.ttf', name='Noto Sans Modi', style='normal', variant='normal', weight=400, stretch='normal', size='scalable')) = 10.05
2026-03-15 18:42:16,750 - DEBUG - findfont: score(FontEntry(fname='/usr/share/fonts/truetype/noto/NotoSansSaurashtra-Regular.ttf', name='Noto Sans Saurashtra', style='normal', variant='normal', weight=400, stretch='normal', size='scalable')) = 10.05
2026-03-15 18:42:16,750 - DEBUG - findfont: score(FontEntry(fname='/usr/share/fonts/truetype/noto/NotoSerifTibetan-Regular.ttf', name='Noto Serif Tibetan', style='normal', variant='normal', weight=400, stretch='normal', size='scalable')) = 10.05
2026-03-15 18:42:16,750 - DEBUG - findfont: score(FontEntry(fname='/usr/share/fonts/truetype/noto/NotoSansCoptic-Regular.ttf', name='Noto Sans Coptic', style='normal', variant='normal', weight=400, stretch='normal', size='scalable')) = 10.05
2026-03-15 18:42:16,750 - DEBUG - findfont: score(FontEntry(fname='/usr/share/fonts/truetype/noto/NotoSansKhojki-Regular.ttf', name='Noto Sans Khojki', style='normal', variant='normal', weight=400, stretch='normal', size='scalable')) = 10.05
2026-03-15 18:42:16,750 - DEBUG - findfont: score(FontEntry(fname='/usr/share/fonts/truetype/droid/DroidSansFallbackFull.ttf', name='Droid Sans Fallback', style='normal', variant='normal', weight=400, stretch='normal', size='scalable')) = 10.05
2026-03-15 18:42:16,750 - DEBUG - findfont: score(FontEntry(fname='/usr/share/fonts/truetype/ubuntu/Ubuntu-Italic[wdth,wght].ttf', name='Ubuntu', style='italic', variant='normal', weight=400, stretch='normal', size='scalable')) = 11.05
2026-03-15 18:42:16,750 - DEBUG - findfont: score(FontEntry(fname='/usr/share/fonts/truetype/noto/NotoSansNewa-Regular.ttf', name='Noto Sans Newa', style='normal', variant='normal', weight=400, stretch='normal', size='scalable')) = 10.05
2026-03-15 18:42:16,750 - DEBUG - findfont: score(FontEntry(fname='/usr/share/fonts/truetype/noto/NotoSansOldNorthArabian-Regular.ttf', name='Noto Sans Old North Arabian', style='normal', variant='normal', weight=400, stretch='normal', size='scalable')) = 10.05
2026-03-15 18:42:16,750 - DEBUG - findfont: score(FontEntry(fname='/usr/share/fonts/opentype/urw-base35/C059-Italic.otf', name='C059', style='italic', variant='normal', weight=400, stretch='normal', size='scalable')) = 11.05
2026-03-15 18:42:16,750 - DEBUG - findfont: score(FontEntry(fname='/usr/share/fonts/truetype/ubuntu/UbuntuSans[wdth,wght].ttf', name='Ubuntu Sans', style='normal', variant='normal', weight=400, stretch='normal', size='scalable')) = 10.05
2026-03-15 18:42:16,750 - DEBUG - findfont: score(FontEntry(fname='/usr/share/fonts/truetype/noto/NotoSansMedefaidrin-Regular.ttf', name='Noto Sans Medefaidrin', style='normal', variant='normal', weight=400, stretch='normal', size='scalable')) = 10.05
2026-03-15 18:42:16,750 - DEBUG - findfont: score(FontEntry(fname='/usr/share/fonts/truetype/noto/NotoSansTaiViet-Regular.ttf', name='Noto Sans Tai Viet', style='normal', variant='normal', weight=400, stretch='normal', size='scalable')) = 10.05
2026-03-15 18:42:16,751 - DEBUG - findfont: score(FontEntry(fname='/usr/share/fonts/truetype/noto/NotoSansLisu-Bold.ttf', name='Noto Sans Lisu', style='normal', variant='normal', weight=700, stretch='normal', size='scalable')) = 10.335
2026-03-15 18:42:16,751 - DEBUG - findfont: score(FontEntry(fname='/usr/share/fonts/truetype/noto/NotoSans-Regular.ttf', name='Noto Sans', style='normal', variant='normal', weight=400, stretch='normal', size='scalable')) = 10.05
2026-03-15 18:42:16,751 - DEBUG - findfont: score(FontEntry(fname='/home/hkds/.fonts/Roboto-Regular.ttf', name='Roboto', style='normal', variant='normal', weight=400, stretch='normal', size='scalable')) = 10.05
2026-03-15 18:42:16,751 - DEBUG - findfont: score(FontEntry(fname='/usr/share/fonts/truetype/dejavu/DejaVuSerif-Bold.ttf', name='DejaVu Serif', style='normal', variant='normal', weight=700, stretch='normal', size='scalable')) = 10.335
2026-03-15 18:42:16,751 - DEBUG - findfont: score(FontEntry(fname='/usr/share/fonts/truetype/noto/NotoSansKhmer-Bold.ttf', name='Noto Sans Khmer', style='normal', variant='normal', weight=700, stretch='normal', size='scalable')) = 10.335
2026-03-15 18:42:16,751 - DEBUG - findfont: score(FontEntry(fname='/usr/share/fonts/truetype/noto/NotoSansVai-Regular.ttf', name='Noto Sans Vai', style='normal', variant='normal', weight=400, stretch='normal', size='scalable')) = 10.05
2026-03-15 18:42:16,751 - DEBUG - findfont: score(FontEntry(fname='/usr/share/fonts/truetype/noto/NotoSerifThai-Regular.ttf', name='Noto Serif Thai', style='normal', variant='normal', weight=400, stretch='normal', size='scalable')) = 10.05
2026-03-15 18:42:16,751 - DEBUG - findfont: score(FontEntry(fname='/usr/share/fonts/truetype/noto/NotoSansCham-Bold.ttf', name='Noto Sans Cham', style='normal', variant='normal', weight=700, stretch='normal', size='scalable')) = 10.335
2026-03-15 18:42:16,751 - DEBUG - findfont: score(FontEntry(fname='/usr/share/fonts/truetype/noto/NotoSerifGujarati-Regular.ttf', name='Noto Serif Gujarati', style='normal', variant='normal', weight=400, stretch='normal', size='scalable')) = 10.05
2026-03-15 18:42:16,751 - DEBUG - findfont: score(FontEntry(fname='/usr/share/fonts/truetype/noto/NotoSansOgham-Regular.ttf', name='Noto Sans Ogham', style='normal', variant='normal', weight=400, stretch='normal', size='scalable')) = 10.05
2026-03-15 18:42:16,751 - DEBUG - findfont: score(FontEntry(fname='/usr/share/fonts/truetype/noto/NotoSansInscriptionalPahlavi-Regular.ttf', name='Noto Sans Inscriptional Pahlavi', style='normal', variant='normal', weight=400, stretch='normal', size='scalable')) = 10.05
2026-03-15 18:42:16,751 - DEBUG - findfont: score(FontEntry(fname='/usr/share/fonts/truetype/noto/NotoSerif-Italic.ttf', name='Noto Serif', style='italic', variant='normal', weight=400, stretch='normal', size='scalable')) = 11.05
2026-03-15 18:42:16,751 - DEBUG - findfont: score(FontEntry(fname='/usr/share/fonts/truetype/noto/NotoSansMyanmar-Bold.ttf', name='Noto Sans Myanmar', style='normal', variant='normal', weight=700, stretch='normal', size='scalable')) = 10.335
2026-03-15 18:42:16,751 - DEBUG - findfont: score(FontEntry(fname='/usr/share/fonts/truetype/noto/NotoSansLimbu-Regular.ttf', name='Noto Sans Limbu', style='normal', variant='normal', weight=400, stretch='normal', size='scalable')) = 10.05
2026-03-15 18:42:16,751 - DEBUG - findfont: score(FontEntry(fname='/usr/share/fonts/truetype/liberation/LiberationMono-Regular.ttf', name='Liberation Mono', style='normal', variant='normal', weight=400, stretch='normal', size='scalable')) = 10.05
2026-03-15 18:42:16,751 - DEBUG - findfont: score(FontEntry(fname='/usr/share/fonts/truetype/liberation/LiberationSans-BoldItalic.ttf', name='Liberation Sans', style='italic', variant='normal', weight=700, stretch='normal', size='scalable')) = 11.335
2026-03-15 18:42:16,751 - DEBUG - findfont: score(FontEntry(fname='/usr/share/fonts/truetype/noto/NotoSerifMalayalam-Bold.ttf', name='Noto Serif Malayalam', style='normal', variant='normal', weight=700, stretch='normal', size='scalable')) = 10.335
2026-03-15 18:42:16,751 - DEBUG - findfont: score(FontEntry(fname='/usr/share/fonts/truetype/noto/NotoSansEthiopic-Bold.ttf', name='Noto Sans Ethiopic', style='normal', variant='normal', weight=700, stretch='normal', size='scalable')) = 10.335
2026-03-15 18:42:16,751 - DEBUG - findfont: score(FontEntry(fname='/usr/share/fonts/truetype/noto/NotoSansHebrew-Bold.ttf', name='Noto Sans Hebrew', style='normal', variant='normal', weight=700, stretch='normal', size='scalable')) = 10.335
2026-03-15 18:42:16,751 - DEBUG - findfont: score(FontEntry(fname='/usr/share/fonts/truetype/noto/NotoSansTifinaghAzawagh-Regular.ttf', name='Noto Sans Tifinagh Azawagh', style='normal', variant='normal', weight=400, stretch='normal', size='scalable')) = 10.05
2026-03-15 18:42:16,751 - DEBUG - findfont: score(FontEntry(fname='/usr/share/fonts/truetype/noto/NotoSansTakri-Regular.ttf', name='Noto Sans Takri', style='normal', variant='normal', weight=400, stretch='normal', size='scalable')) = 10.05
2026-03-15 18:42:16,751 - DEBUG - findfont: score(FontEntry(fname='/usr/share/fonts/truetype/noto/NotoSansOldPersian-Regular.ttf', name='Noto Sans Old Persian', style='normal', variant='normal', weight=400, stretch='normal', size='scalable')) = 10.05
2026-03-15 18:42:16,751 - DEBUG - findfont: score(FontEntry(fname='/usr/share/fonts/truetype/noto/NotoSansBassaVah-Regular.ttf', name='Noto Sans Bassa Vah', style='normal', variant='normal', weight=400, stretch='normal', size='scalable')) = 10.05
2026-03-15 18:42:16,751 - DEBUG - findfont: score(FontEntry(fname='/usr/share/fonts/truetype/noto/NotoSansArmenian-Bold.ttf', name='Noto Sans Armenian', style='normal', variant='normal', weight=700, stretch='normal', size='scalable')) = 10.335
2026-03-15 18:42:16,751 - DEBUG - findfont: score(FontEntry(fname='/usr/share/fonts/truetype/noto/NotoSansOldSogdian-Regular.ttf', name='Noto Sans Old Sogdian', style='normal', variant='normal', weight=400, stretch='normal', size='scalable')) = 10.05
2026-03-15 18:42:16,751 - DEBUG - findfont: score(FontEntry(fname='/usr/share/fonts/truetype/ubuntu/Ubuntu-L.ttf', name='Ubuntu', style='normal', variant='normal', weight=400, stretch='normal', size='scalable')) = 10.05
2026-03-15 18:42:16,752 - DEBUG - findfont: score(FontEntry(fname='/usr/share/fonts/truetype/liberation/LiberationSerif-BoldItalic.ttf', name='Liberation Serif', style='italic', variant='normal', weight=700, stretch='normal', size='scalable')) = 11.335
2026-03-15 18:42:16,752 - DEBUG - findfont: score(FontEntry(fname='/usr/share/fonts/truetype/noto/NotoSansDisplay-Italic.ttf', name='Noto Sans Display', style='italic', variant='normal', weight=400, stretch='normal', size='scalable')) = 11.05
2026-03-15 18:42:16,752 - DEBUG - findfont: score(FontEntry(fname='/usr/share/fonts/truetype/noto/NotoNaskhArabic-Regular.ttf', name='Noto Naskh Arabic', style='normal', variant='normal', weight=400, stretch='normal', size='scalable')) = 10.05
2026-03-15 18:42:16,752 - DEBUG - findfont: score(FontEntry(fname='/usr/share/fonts/truetype/noto/NotoSansPhoenician-Regular.ttf', name='Noto Sans Phoenician', style='normal', variant='normal', weight=400, stretch='normal', size='scalable')) = 10.05
2026-03-15 18:42:16,752 - DEBUG - findfont: score(FontEntry(fname='/usr/share/fonts/truetype/noto/NotoSansWarangCiti-Regular.ttf', name='Noto Sans Warang Citi', style='normal', variant='normal', weight=400, stretch='normal', size='scalable')) = 10.05
2026-03-15 18:42:16,752 - DEBUG - findfont: score(FontEntry(fname='/usr/share/fonts/truetype/dejavu/DejaVuSansMono.ttf', name='DejaVu Sans Mono', style='normal', variant='normal', weight=400, stretch='normal', size='scalable')) = 10.05
2026-03-15 18:42:16,752 - DEBUG - findfont: score(FontEntry(fname='/usr/share/fonts/truetype/noto/NotoSansAdlamUnjoined-Bold.ttf', name='Noto Sans Adlam Unjoined', style='normal', variant='normal', weight=700, stretch='normal', size='scalable')) = 10.335
2026-03-15 18:42:16,752 - DEBUG - findfont: score(FontEntry(fname='/usr/share/fonts/truetype/noto/NotoSansZanabazarSquare-Regular.ttf', name='Noto Sans Zanabazar Square', style='normal', variant='normal', weight=400, stretch='normal', size='scalable')) = 10.05
2026-03-15 18:42:16,752 - DEBUG - findfont: score(FontEntry(fname='/usr/share/fonts/truetype/noto/NotoSansJavanese-Regular.ttf', name='Noto Sans Javanese', style='normal', variant='normal', weight=400, stretch='normal', size='scalable')) = 10.05
2026-03-15 18:42:16,752 - DEBUG - findfont: score(FontEntry(fname='/usr/share/fonts/truetype/noto/NotoSansPsalterPahlavi-Regular.ttf', name='Noto Sans Psalter Pahlavi', style='normal', variant='normal', weight=400, stretch='normal', size='scalable')) = 10.05
2026-03-15 18:42:16,752 - DEBUG - findfont: score(FontEntry(fname='/usr/share/fonts/truetype/noto/NotoSansSiddham-Regular.ttf', name='Noto Sans Siddham', style='normal', variant='normal', weight=400, stretch='normal', size='scalable')) = 10.05
2026-03-15 18:42:16,752 - DEBUG - findfont: score(FontEntry(fname='/usr/share/fonts/opentype/urw-base35/URWBookman-Demi.otf', name='URW Bookman', style='normal', variant='normal', weight=600, stretch='normal', size='scalable')) = 10.24
2026-03-15 18:42:16,752 - DEBUG - findfont: score(FontEntry(fname='/usr/share/fonts/truetype/noto/NotoSerifDisplay-Bold.ttf', name='Noto Serif Display', style='normal', variant='normal', weight=700, stretch='normal', size='scalable')) = 10.335
2026-03-15 18:42:16,752 - DEBUG - findfont: score(FontEntry(fname='/usr/share/fonts/opentype/urw-base35/NimbusRoman-Regular.otf', name='Nimbus Roman', style='normal', variant='normal', weight=400, stretch='normal', size='scalable')) = 10.05
2026-03-15 18:42:16,752 - DEBUG - findfont: score(FontEntry(fname='/usr/share/fonts/truetype/noto/NotoSansMalayalam-Bold.ttf', name='Noto Sans Malayalam', style='normal', variant='normal', weight=700, stretch='normal', size='scalable')) = 10.335
2026-03-15 18:42:16,752 - DEBUG - findfont: score(FontEntry(fname='/usr/share/fonts/truetype/noto/NotoLoopedThai-Regular.ttf', name='Noto Looped Thai', style='normal', variant='normal', weight=400, stretch='normal', size='scalable')) = 10.05
2026-03-15 18:42:16,752 - DEBUG - findfont: score(FontEntry(fname='/usr/share/fonts/truetype/noto/NotoSansBatak-Regular.ttf', name='Noto Sans Batak', style='normal', variant='normal', weight=400, stretch='normal', size='scalable')) = 10.05
2026-03-15 18:42:16,752 - DEBUG - findfont: score(FontEntry(fname='/usr/share/fonts/truetype/noto/NotoSansPauCinHau-Regular.ttf', name='Noto Sans Pau Cin Hau', style='normal', variant='normal', weight=400, stretch='normal', size='scalable')) = 10.05
2026-03-15 18:42:16,752 - DEBUG - findfont: score(FontEntry(fname='/usr/share/fonts/opentype/urw-base35/URWGothic-DemiOblique.otf', name='URW Gothic', style='oblique', variant='normal', weight=600, stretch='normal', size='scalable')) = 11.24
2026-03-15 18:42:16,752 - DEBUG - findfont: score(FontEntry(fname='/usr/share/fonts/truetype/noto/NotoSerifKhojki-Regular.ttf', name='Noto Serif Khojki', style='normal', variant='normal', weight=400, stretch='normal', size='scalable')) = 10.05
2026-03-15 18:42:16,752 - DEBUG - findfont: score(FontEntry(fname='/usr/share/fonts/truetype/noto/NotoSansTagbanwa-Regular.ttf', name='Noto Sans Tagbanwa', style='normal', variant='normal', weight=400, stretch='normal', size='scalable')) = 10.05
2026-03-15 18:42:16,752 - DEBUG - findfont: score(FontEntry(fname='/usr/share/fonts/truetype/noto/NotoSansGeorgian-Bold.ttf', name='Noto Sans Georgian', style='normal', variant='normal', weight=700, stretch='normal', size='scalable')) = 10.335
2026-03-15 18:42:16,752 - DEBUG - findfont: score(FontEntry(fname='/usr/share/fonts/truetype/noto/NotoSansRunic-Regular.ttf', name='Noto Sans Runic', style='normal', variant='normal', weight=400, stretch='normal', size='scalable')) = 10.05
2026-03-15 18:42:16,752 - DEBUG - findfont: score(FontEntry(fname='/usr/share/fonts/truetype/noto/NotoSansGurmukhi-Regular.ttf', name='Noto Sans Gurmukhi', style='normal', variant='normal', weight=400, stretch='normal', size='scalable')) = 10.05
2026-03-15 18:42:16,752 - DEBUG - findfont: score(FontEntry(fname='/usr/share/fonts/truetype/noto/NotoSansSoraSompeng-Regular.ttf', name='Noto Sans Sora Sompeng', style='normal', variant='normal', weight=400, stretch='normal', size='scalable')) = 10.05
2026-03-15 18:42:16,752 - DEBUG - findfont: score(FontEntry(fname='/usr/share/fonts/truetype/noto/NotoSerifBalinese-Regular.ttf', name='Noto Serif Balinese', style='normal', variant='normal', weight=400, stretch='normal', size='scalable')) = 10.05
2026-03-15 18:42:16,752 - DEBUG - findfont: score(FontEntry(fname='/usr/share/fonts/truetype/noto/NotoSerifTamilSlanted-Regular.ttf', name='Noto Serif Tamil Slanted', style='normal', variant='normal', weight=400, stretch='normal', size='scalable')) = 10.05
2026-03-15 18:42:16,753 - DEBUG - findfont: score(FontEntry(fname='/usr/share/fonts/truetype/dejavu/DejaVuSansMono-Oblique.ttf', name='DejaVu Sans Mono', style='oblique', variant='normal', weight=400, stretch='normal', size='scalable')) = 11.05
2026-03-15 18:42:16,753 - DEBUG - findfont: score(FontEntry(fname='/usr/share/fonts/truetype/noto/NotoSansYi-Regular.ttf', name='Noto Sans Yi', style='normal', variant='normal', weight=400, stretch='normal', size='scalable')) = 10.05
2026-03-15 18:42:16,753 - DEBUG - findfont: score(FontEntry(fname='/usr/share/fonts/opentype/urw-base35/NimbusSansNarrow-Regular.otf', name='Nimbus Sans Narrow', style='normal', variant='normal', weight=400, stretch='condensed', size='scalable')) = 10.25
2026-03-15 18:42:16,753 - DEBUG - findfont: score(FontEntry(fname='/usr/share/fonts/truetype/ubuntu/UbuntuMono-R.ttf', name='Ubuntu Mono', style='normal', variant='normal', weight=400, stretch='normal', size='scalable')) = 10.05
2026-03-15 18:42:16,753 - DEBUG - findfont: score(FontEntry(fname='/usr/share/fonts/truetype/noto/NotoSansBrahmi-Regular.ttf', name='Noto Sans Brahmi', style='normal', variant='normal', weight=400, stretch='normal', size='scalable')) = 10.05
2026-03-15 18:42:16,753 - DEBUG - findfont: score(FontEntry(fname='/usr/share/fonts/truetype/noto/NotoSansOsage-Regular.ttf', name='Noto Sans Osage', style='normal', variant='normal', weight=400, stretch='normal', size='scalable')) = 10.05
2026-03-15 18:42:16,753 - DEBUG - findfont: score(FontEntry(fname='/usr/share/fonts/truetype/noto/NotoSansTamil-Bold.ttf', name='Noto Sans Tamil', style='normal', variant='normal', weight=700, stretch='normal', size='scalable')) = 10.335
2026-03-15 18:42:16,753 - DEBUG - findfont: score(FontEntry(fname='/usr/share/fonts/truetype/noto/NotoSansArmenian-Regular.ttf', name='Noto Sans Armenian', style='normal', variant='normal', weight=400, stretch='normal', size='scalable')) = 10.05
2026-03-15 18:42:16,753 - DEBUG - findfont: score(FontEntry(fname='/usr/share/fonts/opentype/urw-base35/URWBookman-Light.otf', name='URW Bookman', style='normal', variant='normal', weight=300, stretch='normal', size='scalable')) = 10.145
2026-03-15 18:42:16,753 - DEBUG - findfont: score(FontEntry(fname='/usr/share/fonts/truetype/noto/NotoSansMandaic-Regular.ttf', name='Noto Sans Mandaic', style='normal', variant='normal', weight=400, stretch='normal', size='scalable')) = 10.05
2026-03-15 18:42:16,753 - DEBUG - findfont: score(FontEntry(fname='/usr/share/fonts/truetype/noto/NotoSansCarian-Regular.ttf', name='Noto Sans Carian', style='normal', variant='normal', weight=400, stretch='normal', size='scalable')) = 10.05
2026-03-15 18:42:16,753 - DEBUG - findfont: score(FontEntry(fname='/usr/share/fonts/truetype/noto/NotoSansMono-Bold.ttf', name='Noto Sans Mono', style='normal', variant='normal', weight=700, stretch='normal', size='scalable')) = 10.335
2026-03-15 18:42:16,753 - DEBUG - findfont: score(FontEntry(fname='/usr/share/fonts/truetype/noto/NotoSansCherokee-Regular.ttf', name='Noto Sans Cherokee', style='normal', variant='normal', weight=400, stretch='normal', size='scalable')) = 10.05
2026-03-15 18:42:16,753 - DEBUG - findfont: score(FontEntry(fname='/usr/share/fonts/truetype/noto/NotoSansOlChiki-Bold.ttf', name='Noto Sans Ol Chiki', style='normal', variant='normal', weight=700, stretch='normal', size='scalable')) = 10.335
2026-03-15 18:42:16,753 - DEBUG - findfont: score(FontEntry(fname='/usr/share/fonts/truetype/noto/NotoSansHanifiRohingya-Regular.ttf', name='Noto Sans Hanifi Rohingya', style='normal', variant='normal', weight=400, stretch='normal', size='scalable')) = 10.05
2026-03-15 18:42:16,753 - DEBUG - findfont: score(FontEntry(fname='/usr/share/fonts/truetype/noto/NotoSansHanunoo-Regular.ttf', name='Noto Sans Hanunoo', style='normal', variant='normal', weight=400, stretch='normal', size='scalable')) = 10.05
2026-03-15 18:42:16,753 - DEBUG - findfont: score(FontEntry(fname='/usr/share/fonts/truetype/liberation/LiberationSansNarrow-Bold.ttf', name='Liberation Sans Narrow', style='normal', variant='normal', weight=700, stretch='condensed', size='scalable')) = 10.535
2026-03-15 18:42:16,753 - DEBUG - findfont: score(FontEntry(fname='/usr/share/fonts/truetype/noto/NotoSans-Italic.ttf', name='Noto Sans', style='italic', variant='normal', weight=400, stretch='normal', size='scalable')) = 11.05
2026-03-15 18:42:16,753 - DEBUG - findfont: score(FontEntry(fname='/usr/share/fonts/truetype/noto/NotoSansThaana-Bold.ttf', name='Noto Sans Thaana', style='normal', variant='normal', weight=700, stretch='normal', size='scalable')) = 10.335
2026-03-15 18:42:16,753 - DEBUG - findfont: score(FontEntry(fname='/usr/share/fonts/truetype/noto/NotoSansPalmyrene-Regular.ttf', name='Noto Sans Palmyrene', style='normal', variant='normal', weight=400, stretch='normal', size='scalable')) = 10.05
2026-03-15 18:42:16,753 - DEBUG - findfont: score(FontEntry(fname='/usr/share/fonts/opentype/urw-base35/NimbusSansNarrow-BoldOblique.otf', name='Nimbus Sans Narrow', style='oblique', variant='normal', weight=700, stretch='condensed', size='scalable')) = 11.535
2026-03-15 18:42:16,753 - DEBUG - findfont: score(FontEntry(fname='/usr/share/fonts/truetype/noto/NotoSerifSinhala-Regular.ttf', name='Noto Serif Sinhala', style='normal', variant='normal', weight=400, stretch='normal', size='scalable')) = 10.05
2026-03-15 18:42:16,753 - DEBUG - findfont: score(FontEntry(fname='/usr/share/fonts/truetype/noto/NotoSansNushu-Regular.ttf', name='Noto Sans Nushu', style='normal', variant='normal', weight=400, stretch='normal', size='scalable')) = 10.05
2026-03-15 18:42:16,753 - DEBUG - findfont: score(FontEntry(fname='/usr/share/fonts/truetype/noto/NotoSerifArmenian-Regular.ttf', name='Noto Serif Armenian', style='normal', variant='normal', weight=400, stretch='normal', size='scalable')) = 10.05
2026-03-15 18:42:16,753 - DEBUG - findfont: score(FontEntry(fname='/usr/share/fonts/truetype/noto/NotoSansBengali-Bold.ttf', name='Noto Sans Bengali', style='normal', variant='normal', weight=700, stretch='normal', size='scalable')) = 10.335
2026-03-15 18:42:16,753 - DEBUG - findfont: score(FontEntry(fname='/usr/share/fonts/truetype/noto/NotoSerifDevanagari-Bold.ttf', name='Noto Serif Devanagari', style='normal', variant='normal', weight=700, stretch='normal', size='scalable')) = 10.335
2026-03-15 18:42:16,754 - DEBUG - findfont: score(FontEntry(fname='/usr/share/fonts/truetype/ubuntu/UbuntuMono[wght].ttf', name='Ubuntu Mono', style='normal', variant='normal', weight=400, stretch='normal', size='scalable')) = 10.05
2026-03-15 18:42:16,754 - DEBUG - findfont: score(FontEntry(fname='/usr/share/fonts/truetype/noto/NotoSansPahawhHmong-Regular.ttf', name='Noto Sans Pahawh Hmong', style='normal', variant='normal', weight=400, stretch='normal', size='scalable')) = 10.05
2026-03-15 18:42:16,754 - DEBUG - findfont: score(FontEntry(fname='/usr/share/fonts/truetype/noto/NotoSansAdlam-Regular.ttf', name='Noto Sans Adlam', style='normal', variant='normal', weight=400, stretch='normal', size='scalable')) = 10.05
2026-03-15 18:42:16,754 - DEBUG - findfont: score(FontEntry(fname='/usr/share/fonts/truetype/ubuntu/UbuntuMono-B.ttf', name='Ubuntu Mono', style='normal', variant='normal', weight=400, stretch='normal', size='scalable')) = 10.05
2026-03-15 18:42:16,754 - DEBUG - findfont: score(FontEntry(fname='/usr/share/fonts/truetype/noto/NotoSansCham-Regular.ttf', name='Noto Sans Cham', style='normal', variant='normal', weight=400, stretch='normal', size='scalable')) = 10.05
2026-03-15 18:42:16,754 - DEBUG - findfont: score(FontEntry(fname='/usr/share/fonts/opentype/urw-base35/D050000L.otf', name='D050000L', style='normal', variant='normal', weight=400, stretch='normal', size='scalable')) = 10.05
2026-03-15 18:42:16,754 - DEBUG - findfont: score(FontEntry(fname='/usr/share/fonts/truetype/noto/NotoSansCanadianAboriginal-Regular.ttf', name='Noto Sans Canadian Aboriginal', style='normal', variant='normal', weight=400, stretch='normal', size='scalable')) = 10.05
2026-03-15 18:42:16,754 - DEBUG - findfont: score(FontEntry(fname='/usr/share/fonts/truetype/ubuntu/Ubuntu-Th.ttf', name='Ubuntu', style='normal', variant='normal', weight=400, stretch='normal', size='scalable')) = 10.05
2026-03-15 18:42:16,754 - DEBUG - findfont: score(FontEntry(fname='/usr/share/fonts/opentype/urw-base35/URWGothic-BookOblique.otf', name='URW Gothic', style='oblique', variant='normal', weight=400, stretch='normal', size='scalable')) = 11.05
2026-03-15 18:42:16,754 - DEBUG - findfont: score(FontEntry(fname='/usr/share/fonts/opentype/urw-base35/NimbusSansNarrow-Bold.otf', name='Nimbus Sans Narrow', style='normal', variant='normal', weight=700, stretch='condensed', size='scalable')) = 10.535
2026-03-15 18:42:16,754 - DEBUG - findfont: score(FontEntry(fname='/usr/share/fonts/truetype/noto/NotoSansOriya-Regular.ttf', name='Noto Sans Oriya', style='normal', variant='normal', weight=400, stretch='normal', size='scalable')) = 10.05
2026-03-15 18:42:16,754 - DEBUG - findfont: score(FontEntry(fname='/usr/share/fonts/truetype/noto/NotoSansTelugu-Regular.ttf', name='Noto Sans Telugu', style='normal', variant='normal', weight=400, stretch='normal', size='scalable')) = 10.05
2026-03-15 18:42:16,754 - DEBUG - findfont: score(FontEntry(fname='/usr/share/fonts/truetype/noto/NotoSerifTangut-Regular.ttf', name='Noto Serif Tangut', style='normal', variant='normal', weight=400, stretch='normal', size='scalable')) = 10.05
2026-03-15 18:42:16,754 - DEBUG - findfont: score(FontEntry(fname='/usr/share/fonts/truetype/noto/NotoSerifDogra-Regular.ttf', name='Noto Serif Dogra', style='normal', variant='normal', weight=400, stretch='normal', size='scalable')) = 10.05
2026-03-15 18:42:16,754 - DEBUG - findfont: score(FontEntry(fname='/usr/share/fonts/truetype/ubuntu/UbuntuMono-Italic[wght].ttf', name='Ubuntu Mono', style='italic', variant='normal', weight=400, stretch='normal', size='scalable')) = 11.05
2026-03-15 18:42:16,754 - DEBUG - findfont: score(FontEntry(fname='/usr/share/fonts/truetype/noto/NotoSansTifinaghAdrar-Regular.ttf', name='Noto Sans Tifinagh Adrar', style='normal', variant='normal', weight=400, stretch='normal', size='scalable')) = 10.05
2026-03-15 18:42:16,754 - DEBUG - findfont: score(FontEntry(fname='/usr/share/fonts/truetype/noto/NotoSansGunjalaGondi-Regular.ttf', name='Noto Sans Gunjala Gondi', style='normal', variant='normal', weight=400, stretch='normal', size='scalable')) = 10.05
2026-03-15 18:42:16,754 - DEBUG - findfont: score(FontEntry(fname='/usr/share/fonts/opentype/urw-base35/URWGothic-Demi.otf', name='URW Gothic', style='normal', variant='normal', weight=600, stretch='normal', size='scalable')) = 10.24
2026-03-15 18:42:16,754 - DEBUG - findfont: score(FontEntry(fname='/usr/share/fonts/truetype/noto/NotoSerifEthiopic-Bold.ttf', name='Noto Serif Ethiopic', style='normal', variant='normal', weight=700, stretch='normal', size='scalable')) = 10.335
2026-03-15 18:42:16,754 - DEBUG - findfont: score(FontEntry(fname='/usr/share/fonts/truetype/noto/NotoSansTifinaghTawellemmet-Regular.ttf', name='Noto Sans Tifinagh Tawellemmet', style='normal', variant='normal', weight=400, stretch='normal', size='scalable')) = 10.05
2026-03-15 18:42:16,754 - DEBUG - findfont: score(FontEntry(fname='/usr/share/fonts/truetype/noto/NotoSansTagalog-Regular.ttf', name='Noto Sans Tagalog', style='normal', variant='normal', weight=400, stretch='normal', size='scalable')) = 10.05
2026-03-15 18:42:16,754 - DEBUG - findfont: score(FontEntry(fname='/usr/share/fonts/truetype/noto/NotoSansKharoshthi-Regular.ttf', name='Noto Sans Kharoshthi', style='normal', variant='normal', weight=400, stretch='normal', size='scalable')) = 10.05
2026-03-15 18:42:16,754 - DEBUG - findfont: score(FontEntry(fname='/usr/share/fonts/truetype/noto/NotoSansCanadianAboriginal-Bold.ttf', name='Noto Sans Canadian Aboriginal', style='normal', variant='normal', weight=700, stretch='normal', size='scalable')) = 10.335
2026-03-15 18:42:16,754 - DEBUG - findfont: score(FontEntry(fname='/usr/share/fonts/truetype/noto/NotoSerifThai-Bold.ttf', name='Noto Serif Thai', style='normal', variant='normal', weight=700, stretch='normal', size='scalable')) = 10.335
2026-03-15 18:42:16,754 - DEBUG - findfont: score(FontEntry(fname='/usr/share/fonts/truetype/noto/NotoNastaliqUrdu-Regular.ttf', name='Noto Nastaliq Urdu', style='normal', variant='normal', weight=400, stretch='normal', size='scalable')) = 10.05
2026-03-15 18:42:16,754 - DEBUG - findfont: score(FontEntry(fname='/usr/share/fonts/opentype/urw-base35/P052-BoldItalic.otf', name='P052', style='italic', variant='normal', weight=700, stretch='normal', size='scalable')) = 11.335
2026-03-15 18:42:16,755 - DEBUG - findfont: score(FontEntry(fname='/usr/share/fonts/truetype/noto/NotoSerifAhom-Regular.ttf', name='Noto Serif Ahom', style='normal', variant='normal', weight=400, stretch='normal', size='scalable')) = 10.05
2026-03-15 18:42:16,755 - DEBUG - findfont: score(FontEntry(fname='/usr/share/fonts/truetype/noto/NotoSansOldSouthArabian-Regular.ttf', name='Noto Sans Old South Arabian', style='normal', variant='normal', weight=400, stretch='normal', size='scalable')) = 10.05
2026-03-15 18:42:16,755 - DEBUG - findfont: score(FontEntry(fname='/usr/share/fonts/truetype/noto/NotoSerifBengali-Regular.ttf', name='Noto Serif Bengali', style='normal', variant='normal', weight=400, stretch='normal', size='scalable')) = 10.05
2026-03-15 18:42:16,755 - DEBUG - findfont: score(FontEntry(fname='/usr/share/fonts/truetype/noto/NotoSansThaana-Regular.ttf', name='Noto Sans Thaana', style='normal', variant='normal', weight=400, stretch='normal', size='scalable')) = 10.05
2026-03-15 18:42:16,755 - DEBUG - findfont: score(FontEntry(fname='/usr/share/fonts/truetype/noto/NotoTraditionalNushu-Regular.ttf', name='Noto Traditional Nushu', style='normal', variant='normal', weight=400, stretch='normal', size='scalable')) = 10.05
2026-03-15 18:42:16,755 - DEBUG - findfont: score(FontEntry(fname='/usr/share/fonts/opentype/noto/NotoSansCJK-Regular.ttc', name='Noto Sans CJK JP', style='normal', variant='normal', weight=400, stretch='normal', size='scalable')) = 10.05
2026-03-15 18:42:16,755 - DEBUG - findfont: score(FontEntry(fname='/usr/share/fonts/truetype/noto/NotoSansThai-Bold.ttf', name='Noto Sans Thai', style='normal', variant='normal', weight=700, stretch='normal', size='scalable')) = 10.335
2026-03-15 18:42:16,755 - DEBUG - findfont: score(FontEntry(fname='/usr/share/fonts/truetype/noto/NotoSerifEthiopic-Regular.ttf', name='Noto Serif Ethiopic', style='normal', variant='normal', weight=400, stretch='normal', size='scalable')) = 10.05
2026-03-15 18:42:16,755 - DEBUG - findfont: score(FontEntry(fname='/usr/share/fonts/opentype/urw-base35/URWGothic-Book.otf', name='URW Gothic', style='normal', variant='normal', weight=400, stretch='normal', size='scalable')) = 10.05
2026-03-15 18:42:16,755 - DEBUG - findfont: score(FontEntry(fname='/usr/share/fonts/truetype/noto/NotoSansSylotiNagri-Regular.ttf', name='Noto Sans Syloti Nagri', style='normal', variant='normal', weight=400, stretch='normal', size='scalable')) = 10.05
2026-03-15 18:42:16,755 - DEBUG - findfont: score(FontEntry(fname='/usr/share/fonts/truetype/noto/NotoSerifMalayalam-Regular.ttf', name='Noto Serif Malayalam', style='normal', variant='normal', weight=400, stretch='normal', size='scalable')) = 10.05
2026-03-15 18:42:16,755 - DEBUG - findfont: score(FontEntry(fname='/usr/share/fonts/truetype/noto/NotoSansKayahLi-Bold.ttf', name='Noto Sans Kayah Li', style='normal', variant='normal', weight=700, stretch='normal', size='scalable')) = 10.335
2026-03-15 18:42:16,755 - DEBUG - findfont: score(FontEntry(fname='/usr/share/fonts/truetype/noto/NotoSansLinearB-Regular.ttf', name='Noto Sans Linear B', style='normal', variant='normal', weight=400, stretch='normal', size='scalable')) = 10.05
2026-03-15 18:42:16,755 - DEBUG - findfont: score(FontEntry(fname='/usr/share/fonts/truetype/noto/NotoSansHatran-Regular.ttf', name='Noto Sans Hatran', style='normal', variant='normal', weight=400, stretch='normal', size='scalable')) = 10.05
2026-03-15 18:42:16,755 - DEBUG - findfont: score(FontEntry(fname='/usr/share/fonts/truetype/noto/NotoSerifDevanagari-Regular.ttf', name='Noto Serif Devanagari', style='normal', variant='normal', weight=400, stretch='normal', size='scalable')) = 10.05
2026-03-15 18:42:16,755 - DEBUG - findfont: score(FontEntry(fname='/usr/share/fonts/truetype/noto/NotoSansElymaic-Regular.ttf', name='Noto Sans Elymaic', style='normal', variant='normal', weight=400, stretch='normal', size='scalable')) = 10.05
2026-03-15 18:42:16,755 - DEBUG - findfont: score(FontEntry(fname='/usr/share/fonts/truetype/noto/NotoSans-Bold.ttf', name='Noto Sans', style='normal', variant='normal', weight=700, stretch='normal', size='scalable')) = 10.335
2026-03-15 18:42:16,755 - DEBUG - findfont: score(FontEntry(fname='/usr/share/fonts/truetype/noto/NotoSansTifinaghHawad-Regular.ttf', name='Noto Sans Tifinagh Hawad', style='normal', variant='normal', weight=400, stretch='normal', size='scalable')) = 10.05
2026-03-15 18:42:16,755 - DEBUG - findfont: score(FontEntry(fname='/usr/share/fonts/truetype/noto/NotoSansBuhid-Regular.ttf', name='Noto Sans Buhid', style='normal', variant='normal', weight=400, stretch='normal', size='scalable')) = 10.05
2026-03-15 18:42:16,755 - DEBUG - findfont: score(FontEntry(fname='/usr/share/fonts/truetype/noto/NotoSansEgyptianHieroglyphs-Regular.ttf', name='Noto Sans Egyptian Hieroglyphs', style='normal', variant='normal', weight=400, stretch='normal', size='scalable')) = 10.05
2026-03-15 18:42:16,755 - DEBUG - findfont: score(FontEntry(fname='/usr/share/fonts/truetype/noto/NotoSansOldHungarian-Regular.ttf', name='Noto Sans Old Hungarian', style='normal', variant='normal', weight=400, stretch='normal', size='scalable')) = 10.05
2026-03-15 18:42:16,755 - DEBUG - findfont: score(FontEntry(fname='/usr/share/fonts/truetype/noto/NotoSerifTelugu-Bold.ttf', name='Noto Serif Telugu', style='normal', variant='normal', weight=700, stretch='normal', size='scalable')) = 10.335
2026-03-15 18:42:16,755 - DEBUG - findfont: score(FontEntry(fname='/usr/share/fonts/truetype/noto/NotoSans-BoldItalic.ttf', name='Noto Sans', style='italic', variant='normal', weight=700, stretch='normal', size='scalable')) = 11.335
2026-03-15 18:42:16,755 - DEBUG - findfont: score(FontEntry(fname='/usr/share/fonts/truetype/noto/NotoSansTaiLe-Regular.ttf', name='Noto Sans Tai Le', style='normal', variant='normal', weight=400, stretch='normal', size='scalable')) = 10.05
2026-03-15 18:42:16,755 - DEBUG - findfont: score(FontEntry(fname='/usr/share/fonts/truetype/noto/NotoSansSoyombo-Regular.ttf', name='Noto Sans Soyombo', style='normal', variant='normal', weight=400, stretch='normal', size='scalable')) = 10.05
2026-03-15 18:42:16,755 - DEBUG - findfont: score(FontEntry(fname='/usr/share/fonts/truetype/dejavu/DejaVuSansMono-Bold.ttf', name='DejaVu Sans Mono', style='normal', variant='normal', weight=700, stretch='normal', size='scalable')) = 10.335
2026-03-15 18:42:16,756 - DEBUG - findfont: score(FontEntry(fname='/usr/share/fonts/truetype/noto/NotoLoopedLao-Regular.ttf', name='Noto Looped Lao', style='normal', variant='normal', weight=400, stretch='normal', size='scalable')) = 10.05
2026-03-15 18:42:16,756 - DEBUG - findfont: score(FontEntry(fname='/usr/share/fonts/truetype/noto/NotoSansMath-Regular.ttf', name='Noto Sans Math', style='normal', variant='normal', weight=400, stretch='normal', size='scalable')) = 10.05
2026-03-15 18:42:16,756 - DEBUG - findfont: score(FontEntry(fname='/usr/share/fonts/truetype/noto/NotoSerifMyanmar-Bold.ttf', name='Noto Serif Myanmar', style='normal', variant='normal', weight=400, stretch='normal', size='scalable')) = 10.05
2026-03-15 18:42:16,756 - DEBUG - findfont: score(FontEntry(fname='/usr/share/fonts/truetype/noto/NotoSerifGurmukhi-Bold.ttf', name='Noto Serif Gurmukhi', style='normal', variant='normal', weight=700, stretch='normal', size='scalable')) = 10.335
2026-03-15 18:42:16,756 - DEBUG - findfont: score(FontEntry(fname='/usr/share/fonts/opentype/urw-base35/C059-Roman.otf', name='C059', style='normal', variant='normal', weight=400, stretch='normal', size='scalable')) = 10.05
2026-03-15 18:42:16,756 - DEBUG - findfont: score(FontEntry(fname='/usr/share/fonts/truetype/noto/NotoSerifLao-Bold.ttf', name='Noto Serif Lao', style='normal', variant='normal', weight=700, stretch='normal', size='scalable')) = 10.335
2026-03-15 18:42:16,756 - DEBUG - findfont: score(FontEntry(fname='/usr/share/fonts/truetype/noto/NotoSansManichaean-Regular.ttf', name='Noto Sans Manichaean', style='normal', variant='normal', weight=400, stretch='normal', size='scalable')) = 10.05
2026-03-15 18:42:16,756 - DEBUG - findfont: score(FontEntry(fname='/usr/share/fonts/truetype/noto/NotoSansOldPermic-Regular.ttf', name='Noto Sans Old Permic', style='normal', variant='normal', weight=400, stretch='normal', size='scalable')) = 10.05
2026-03-15 18:42:16,756 - DEBUG - findfont: score(FontEntry(fname='/usr/share/fonts/truetype/noto/NotoSansGlagolitic-Regular.ttf', name='Noto Sans Glagolitic', style='normal', variant='normal', weight=400, stretch='normal', size='scalable')) = 10.05
2026-03-15 18:42:16,756 - DEBUG - findfont: score(FontEntry(fname='/usr/share/fonts/truetype/noto/NotoSansTifinaghAhaggar-Regular.ttf', name='Noto Sans Tifinagh Ahaggar', style='normal', variant='normal', weight=400, stretch='normal', size='scalable')) = 10.05
2026-03-15 18:42:16,756 - DEBUG - findfont: score(FontEntry(fname='/usr/share/fonts/truetype/noto/NotoSerif-BoldItalic.ttf', name='Noto Serif', style='italic', variant='normal', weight=700, stretch='normal', size='scalable')) = 11.335
2026-03-15 18:42:16,756 - DEBUG - findfont: score(FontEntry(fname='/usr/share/fonts/truetype/ubuntu/UbuntuSansMono[wght].ttf', name='Ubuntu Sans Mono', style='normal', variant='normal', weight=400, stretch='normal', size='scalable')) = 10.05
2026-03-15 18:42:16,756 - DEBUG - findfont: score(FontEntry(fname='/usr/share/fonts/truetype/noto/NotoSansMahajani-Regular.ttf', name='Noto Sans Mahajani', style='normal', variant='normal', weight=400, stretch='normal', size='scalable')) = 10.05
2026-03-15 18:42:16,756 - DEBUG - findfont: score(FontEntry(fname='/usr/share/fonts/opentype/urw-base35/P052-Roman.otf', name='P052', style='normal', variant='normal', weight=400, stretch='normal', size='scalable')) = 10.05
2026-03-15 18:42:16,756 - DEBUG - findfont: score(FontEntry(fname='/usr/share/fonts/truetype/noto/NotoSansNKo-Regular.ttf', name='Noto Sans NKo', style='normal', variant='normal', weight=400, stretch='normal', size='scalable')) = 10.05
2026-03-15 18:42:16,756 - DEBUG - findfont: score(FontEntry(fname='/usr/share/fonts/truetype/noto/NotoRashiHebrew-Bold.ttf', name='Noto Rashi Hebrew', style='normal', variant='normal', weight=700, stretch='normal', size='scalable')) = 10.335
2026-03-15 18:42:16,756 - DEBUG - findfont: score(FontEntry(fname='/usr/share/fonts/truetype/noto/NotoSansArabic-Regular.ttf', name='Noto Sans Arabic', style='normal', variant='normal', weight=400, stretch='normal', size='scalable')) = 10.05
2026-03-15 18:42:16,756 - DEBUG - findfont: score(FontEntry(fname='/usr/share/fonts/truetype/noto/NotoSansAvestan-Regular.ttf', name='Noto Sans Avestan', style='normal', variant='normal', weight=400, stretch='normal', size='scalable')) = 10.05
2026-03-15 18:42:16,756 - DEBUG - findfont: score(FontEntry(fname='/usr/share/fonts/truetype/noto/NotoSerifTibetan-Bold.ttf', name='Noto Serif Tibetan', style='normal', variant='normal', weight=700, stretch='normal', size='scalable')) = 10.335
2026-03-15 18:42:16,756 - DEBUG - findfont: score(FontEntry(fname='/usr/share/fonts/truetype/noto/NotoSansDisplay-BoldItalic.ttf', name='Noto Sans Display', style='italic', variant='normal', weight=700, stretch='normal', size='scalable')) = 11.335
2026-03-15 18:42:16,756 - DEBUG - findfont: score(FontEntry(fname='/usr/share/fonts/truetype/noto/NotoSansSymbols2-Regular.ttf', name='Noto Sans Symbols2', style='normal', variant='normal', weight=400, stretch='normal', size='scalable')) = 10.05
2026-03-15 18:42:16,756 - DEBUG - findfont: score(FontEntry(fname='/usr/share/fonts/truetype/noto/NotoSansGrantha-Regular.ttf', name='Noto Sans Grantha', style='normal', variant='normal', weight=400, stretch='normal', size='scalable')) = 10.05
2026-03-15 18:42:16,756 - DEBUG - findfont: score(FontEntry(fname='/usr/share/fonts/opentype/urw-base35/C059-BdIta.otf', name='C059', style='italic', variant='normal', weight=700, stretch='normal', size='scalable')) = 11.335
2026-03-15 18:42:16,756 - DEBUG - findfont: score(FontEntry(fname='/usr/share/fonts/truetype/noto/NotoSansMasaramGondi-Regular.ttf', name='Noto Sans Masaram Gondi', style='normal', variant='normal', weight=400, stretch='normal', size='scalable')) = 10.05
2026-03-15 18:42:16,756 - DEBUG - findfont: score(FontEntry(fname='/usr/share/fonts/truetype/noto/NotoMusic-Regular.ttf', name='Noto Music', style='normal', variant='normal', weight=400, stretch='normal', size='scalable')) = 10.05
2026-03-15 18:42:16,756 - DEBUG - findfont: score(FontEntry(fname='/usr/share/fonts/truetype/dejavu/DejaVuSans.ttf', name='DejaVu Sans', style='normal', variant='normal', weight=400, stretch='normal', size='scalable')) = 0.05
2026-03-15 18:42:16,756 - DEBUG - findfont: score(FontEntry(fname='/usr/share/fonts/truetype/noto/NotoSansGeorgian-Regular.ttf', name='Noto Sans Georgian', style='normal', variant='normal', weight=400, stretch='normal', size='scalable')) = 10.05
2026-03-15 18:42:16,757 - DEBUG - findfont: score(FontEntry(fname='/usr/share/fonts/truetype/ubuntu/Ubuntu-B.ttf', name='Ubuntu', style='normal', variant='normal', weight=400, stretch='normal', size='scalable')) = 10.05
2026-03-15 18:42:16,757 - DEBUG - findfont: score(FontEntry(fname='/usr/share/fonts/truetype/noto/NotoSansLycian-Regular.ttf', name='Noto Sans Lycian', style='normal', variant='normal', weight=400, stretch='normal', size='scalable')) = 10.05
2026-03-15 18:42:16,757 - DEBUG - findfont: score(FontEntry(fname='/usr/share/fonts/opentype/urw-base35/NimbusMonoPS-BoldItalic.otf', name='Nimbus Mono PS', style='italic', variant='normal', weight=700, stretch='normal', size='scalable')) = 11.335
2026-03-15 18:42:16,757 - DEBUG - findfont: score(FontEntry(fname='/usr/share/fonts/truetype/liberation/LiberationSansNarrow-BoldItalic.ttf', name='Liberation Sans Narrow', style='italic', variant='normal', weight=700, stretch='condensed', size='scalable')) = 11.535
2026-03-15 18:42:16,757 - DEBUG - findfont: score(FontEntry(fname='/usr/share/fonts/truetype/noto/NotoSansAdlamUnjoined-Regular.ttf', name='Noto Sans Adlam Unjoined', style='normal', variant='normal', weight=400, stretch='normal', size='scalable')) = 10.05
2026-03-15 18:42:16,757 - DEBUG - findfont: score(FontEntry(fname='/usr/share/fonts/truetype/noto/NotoSerifDisplay-Italic.ttf', name='Noto Serif Display', style='italic', variant='normal', weight=400, stretch='normal', size='scalable')) = 11.05
2026-03-15 18:42:16,757 - DEBUG - findfont: score(FontEntry(fname='/usr/share/fonts/truetype/noto/NotoSansSyriac-Regular.ttf', name='Noto Sans Syriac', style='normal', variant='normal', weight=400, stretch='normal', size='scalable')) = 10.05
2026-03-15 18:42:16,757 - DEBUG - findfont: score(FontEntry(fname='/usr/share/fonts/truetype/noto/NotoSansAnatolianHieroglyphs-Regular.ttf', name='Noto Sans Anatolian Hieroglyphs', style='normal', variant='normal', weight=400, stretch='normal', size='scalable')) = 10.05
2026-03-15 18:42:16,757 - DEBUG - findfont: score(FontEntry(fname='/usr/share/fonts/truetype/noto/NotoSansKhudawadi-Regular.ttf', name='Noto Sans Khudawadi', style='normal', variant='normal', weight=400, stretch='normal', size='scalable')) = 10.05
2026-03-15 18:42:16,757 - DEBUG - findfont: score(FontEntry(fname='/usr/share/fonts/opentype/urw-base35/P052-Italic.otf', name='P052', style='italic', variant='normal', weight=400, stretch='normal', size='scalable')) = 11.05
2026-03-15 18:42:16,757 - DEBUG - findfont: score(FontEntry(fname='/usr/share/fonts/truetype/noto/NotoSansMayanNumerals-Regular.ttf', name='Noto Sans Mayan Numerals', style='normal', variant='normal', weight=400, stretch='normal', size='scalable')) = 10.05
2026-03-15 18:42:16,757 - DEBUG - findfont: score(FontEntry(fname='/usr/share/fonts/truetype/noto/NotoSansKhmer-Regular.ttf', name='Noto Sans Khmer', style='normal', variant='normal', weight=400, stretch='normal', size='scalable')) = 10.05
2026-03-15 18:42:16,757 - DEBUG - findfont: score(FontEntry(fname='/usr/share/fonts/opentype/urw-base35/NimbusSansNarrow-Oblique.otf', name='Nimbus Sans Narrow', style='oblique', variant='normal', weight=400, stretch='condensed', size='scalable')) = 11.25
2026-03-15 18:42:16,757 - DEBUG - findfont: score(FontEntry(fname='/usr/share/fonts/opentype/urw-base35/NimbusSans-BoldItalic.otf', name='Nimbus Sans', style='italic', variant='normal', weight=700, stretch='normal', size='scalable')) = 11.335
2026-03-15 18:42:16,757 - DEBUG - findfont: score(FontEntry(fname='/usr/share/fonts/truetype/noto/NotoSerifTamilSlanted-Bold.ttf', name='Noto Serif Tamil Slanted', style='normal', variant='normal', weight=700, stretch='normal', size='scalable')) = 10.335
2026-03-15 18:42:16,757 - DEBUG - findfont: score(FontEntry(fname='/usr/share/fonts/truetype/noto/NotoSerif-Regular.ttf', name='Noto Serif', style='normal', variant='normal', weight=400, stretch='normal', size='scalable')) = 10.05
2026-03-15 18:42:16,757 - DEBUG - findfont: score(FontEntry(fname='/usr/share/fonts/truetype/liberation/LiberationMono-BoldItalic.ttf', name='Liberation Mono', style='italic', variant='normal', weight=700, stretch='normal', size='scalable')) = 11.335
2026-03-15 18:42:16,757 - DEBUG - findfont: score(FontEntry(fname='/usr/share/fonts/opentype/urw-base35/NimbusSans-Regular.otf', name='Nimbus Sans', style='normal', variant='normal', weight=400, stretch='normal', size='scalable')) = 10.05
2026-03-15 18:42:16,757 - DEBUG - findfont: score(FontEntry(fname='/usr/share/fonts/truetype/noto/NotoSansSignWriting-Regular.ttf', name='Noto Sans SignWriting', style='normal', variant='normal', weight=400, stretch='normal', size='scalable')) = 10.05
2026-03-15 18:42:16,757 - DEBUG - findfont: score(FontEntry(fname='/usr/share/fonts/truetype/noto/NotoSerifGeorgian-Regular.ttf', name='Noto Serif Georgian', style='normal', variant='normal', weight=400, stretch='normal', size='scalable')) = 10.05
2026-03-15 18:42:16,757 - DEBUG - findfont: score(FontEntry(fname='/usr/share/fonts/truetype/noto/NotoSansKaithi-Regular.ttf', name='Noto Sans Kaithi', style='normal', variant='normal', weight=400, stretch='normal', size='scalable')) = 10.05
2026-03-15 18:42:16,757 - DEBUG - findfont: score(FontEntry(fname='/usr/share/fonts/truetype/noto/NotoSerifGujarati-Bold.ttf', name='Noto Serif Gujarati', style='normal', variant='normal', weight=700, stretch='normal', size='scalable')) = 10.335
2026-03-15 18:42:16,757 - DEBUG - findfont: score(FontEntry(fname='/usr/share/fonts/opentype/urw-base35/P052-Bold.otf', name='P052', style='normal', variant='normal', weight=700, stretch='normal', size='scalable')) = 10.335
2026-03-15 18:42:16,757 - DEBUG - findfont: score(FontEntry(fname='/usr/share/fonts/truetype/noto/NotoSansLinearA-Regular.ttf', name='Noto Sans Linear A', style='normal', variant='normal', weight=400, stretch='normal', size='scalable')) = 10.05
2026-03-15 18:42:16,757 - DEBUG - findfont: score(FontEntry(fname='/usr/share/fonts/truetype/noto/NotoSerifTamil-Regular.ttf', name='Noto Serif Tamil', style='normal', variant='normal', weight=400, stretch='normal', size='scalable')) = 10.05
2026-03-15 18:42:16,757 - DEBUG - findfont: score(FontEntry(fname='/usr/share/fonts/truetype/liberation/LiberationSerif-Bold.ttf', name='Liberation Serif', style='normal', variant='normal', weight=700, stretch='normal', size='scalable')) = 10.335
2026-03-15 18:42:16,758 - DEBUG - findfont: score(FontEntry(fname='/usr/share/fonts/opentype/noto/NotoSerifCJK-Bold.ttc', name='Noto Serif CJK JP', style='normal', variant='normal', weight=700, stretch='normal', size='scalable')) = 10.335
2026-03-15 18:42:16,758 - DEBUG - findfont: score(FontEntry(fname='/usr/share/fonts/truetype/noto/NotoSansSundanese-Regular.ttf', name='Noto Sans Sundanese', style='normal', variant='normal', weight=400, stretch='normal', size='scalable')) = 10.05
2026-03-15 18:42:16,758 - DEBUG - findfont: score(FontEntry(fname='/usr/share/fonts/truetype/noto/NotoSansCherokee-Bold.ttf', name='Noto Sans Cherokee', style='normal', variant='normal', weight=700, stretch='normal', size='scalable')) = 10.335
2026-03-15 18:42:16,758 - DEBUG - findfont: score(FontEntry(fname='/usr/share/fonts/truetype/noto/NotoSansTirhuta-Regular.ttf', name='Noto Sans Tirhuta', style='normal', variant='normal', weight=400, stretch='normal', size='scalable')) = 10.05
2026-03-15 18:42:16,758 - DEBUG - findfont: score(FontEntry(fname='/usr/share/fonts/truetype/noto/NotoSansElbasan-Regular.ttf', name='Noto Sans Elbasan', style='normal', variant='normal', weight=400, stretch='normal', size='scalable')) = 10.05
2026-03-15 18:42:16,758 - DEBUG - findfont: score(FontEntry(fname='/usr/share/fonts/truetype/noto/NotoSansWancho-Regular.ttf', name='Noto Sans Wancho', style='normal', variant='normal', weight=400, stretch='normal', size='scalable')) = 10.05
2026-03-15 18:42:16,758 - DEBUG - findfont: score(FontEntry(fname='/usr/share/fonts/truetype/liberation/LiberationSans-Italic.ttf', name='Liberation Sans', style='italic', variant='normal', weight=400, stretch='normal', size='scalable')) = 11.05
2026-03-15 18:42:16,758 - DEBUG - findfont: score(FontEntry(fname='/usr/share/fonts/truetype/noto/NotoSansTifinaghAPT-Regular.ttf', name='Noto Sans Tifinagh APT', style='normal', variant='normal', weight=400, stretch='normal', size='scalable')) = 10.05
2026-03-15 18:42:16,758 - DEBUG - findfont: score(FontEntry(fname='/usr/share/fonts/truetype/noto/NotoSansDevanagari-Regular.ttf', name='Noto Sans Devanagari', style='normal', variant='normal', weight=400, stretch='normal', size='scalable')) = 10.05
2026-03-15 18:42:16,758 - DEBUG - findfont: score(FontEntry(fname='/usr/share/fonts/opentype/noto/NotoSerifCJK-Regular.ttc', name='Noto Serif CJK JP', style='normal', variant='normal', weight=400, stretch='normal', size='scalable')) = 10.05
2026-03-15 18:42:16,758 - DEBUG - findfont: score(FontEntry(fname='/usr/share/fonts/truetype/noto/NotoSansSamaritan-Regular.ttf', name='Noto Sans Samaritan', style='normal', variant='normal', weight=400, stretch='normal', size='scalable')) = 10.05
2026-03-15 18:42:16,758 - DEBUG - findfont: score(FontEntry(fname='/usr/share/fonts/truetype/noto/NotoSerifDisplay-BoldItalic.ttf', name='Noto Serif Display', style='italic', variant='normal', weight=700, stretch='normal', size='scalable')) = 11.335
2026-03-15 18:42:16,758 - DEBUG - findfont: score(FontEntry(fname='/usr/share/fonts/truetype/noto/NotoSansLisu-Regular.ttf', name='Noto Sans Lisu', style='normal', variant='normal', weight=400, stretch='normal', size='scalable')) = 10.05
2026-03-15 18:42:16,758 - DEBUG - findfont: score(FontEntry(fname='/usr/share/fonts/truetype/noto/NotoSansDisplay-Bold.ttf', name='Noto Sans Display', style='normal', variant='normal', weight=700, stretch='normal', size='scalable')) = 10.335
2026-03-15 18:42:16,758 - DEBUG - findfont: score(FontEntry(fname='/usr/share/fonts/truetype/ubuntu/Ubuntu-RI.ttf', name='Ubuntu', style='italic', variant='normal', weight=400, stretch='normal', size='scalable')) = 11.05
2026-03-15 18:42:16,758 - DEBUG - findfont: Matching sans\-serif:style=normal:variant=normal:weight=normal:stretch=normal:size=12.0 to DejaVu Sans ('/home/hkds/Desktop/PythonPrg/AIChatReviewer/.venv/lib/python3.12/site-packages/matplotlib/mpl-data/fonts/ttf/DejaVuSans.ttf') with score of 0.050000.
2026-03-15 18:42:16,768 - DEBUG - findfont: Matching sans\-serif:style=normal:variant=normal:weight=normal:stretch=normal:size=14.0.
2026-03-15 18:42:16,769 - DEBUG - findfont: score(FontEntry(fname='/home/hkds/Desktop/PythonPrg/AIChatReviewer/.venv/lib/python3.12/site-packages/matplotlib/mpl-data/fonts/ttf/STIXSizThreeSymReg.ttf', name='STIXSizeThreeSym', style='normal', variant='normal', weight=400, stretch='normal', size='scalable')) = 10.05
2026-03-15 18:42:16,769 - DEBUG - findfont: score(FontEntry(fname='/home/hkds/Desktop/PythonPrg/AIChatReviewer/.venv/lib/python3.12/site-packages/matplotlib/mpl-data/fonts/ttf/DejaVuSansMono.ttf', name='DejaVu Sans Mono', style='normal', variant='normal', weight=400, stretch='normal', size='scalable')) = 10.05
2026-03-15 18:42:16,769 - DEBUG - findfont: score(FontEntry(fname='/home/hkds/Desktop/PythonPrg/AIChatReviewer/.venv/lib/python3.12/site-packages/matplotlib/mpl-data/fonts/ttf/STIXGeneralBolIta.ttf', name='STIXGeneral', style='italic', variant='normal', weight=700, stretch='normal', size='scalable')) = 11.335
2026-03-15 18:42:16,769 - DEBUG - findfont: score(FontEntry(fname='/home/hkds/Desktop/PythonPrg/AIChatReviewer/.venv/lib/python3.12/site-packages/matplotlib/mpl-data/fonts/ttf/DejaVuSansMono-Oblique.ttf', name='DejaVu Sans Mono', style='oblique', variant='normal', weight=400, stretch='normal', size='scalable')) = 11.05
2026-03-15 18:42:16,769 - DEBUG - findfont: score(FontEntry(fname='/home/hkds/Desktop/PythonPrg/AIChatReviewer/.venv/lib/python3.12/site-packages/matplotlib/mpl-data/fonts/ttf/STIXSizTwoSymReg.ttf', name='STIXSizeTwoSym', style='normal', variant='normal', weight=400, stretch='normal', size='scalable')) = 10.05
2026-03-15 18:42:16,769 - DEBUG - findfont: score(FontEntry(fname='/home/hkds/Desktop/PythonPrg/AIChatReviewer/.venv/lib/python3.12/site-packages/matplotlib/mpl-data/fonts/ttf/STIXGeneralBol.ttf', name='STIXGeneral', style='normal', variant='normal', weight=700, stretch='normal', size='scalable')) = 10.335
2026-03-15 18:42:16,769 - DEBUG - findfont: score(FontEntry(fname='/home/hkds/Desktop/PythonPrg/AIChatReviewer/.venv/lib/python3.12/site-packages/matplotlib/mpl-data/fonts/ttf/STIXSizFiveSymReg.ttf', name='STIXSizeFiveSym', style='normal', variant='normal', weight=400, stretch='normal', size='scalable')) = 10.05
2026-03-15 18:42:16,769 - DEBUG - findfont: score(FontEntry(fname='/home/hkds/Desktop/PythonPrg/AIChatReviewer/.venv/lib/python3.12/site-packages/matplotlib/mpl-data/fonts/ttf/DejaVuSansMono-Bold.ttf', name='DejaVu Sans Mono', style='normal', variant='normal', weight=700, stretch='normal', size='scalable')) = 10.335
2026-03-15 18:42:16,769 - DEBUG - findfont: score(FontEntry(fname='/home/hkds/Desktop/PythonPrg/AIChatReviewer/.venv/lib/python3.12/site-packages/matplotlib/mpl-data/fonts/ttf/STIXSizThreeSymBol.ttf', name='STIXSizeThreeSym', style='normal', variant='normal', weight=700, stretch='normal', size='scalable')) = 10.335
2026-03-15 18:42:16,769 - DEBUG - findfont: score(FontEntry(fname='/home/hkds/Desktop/PythonPrg/AIChatReviewer/.venv/lib/python3.12/site-packages/matplotlib/mpl-data/fonts/ttf/DejaVuSans-Bold.ttf', name='DejaVu Sans', style='normal', variant='normal', weight=700, stretch='normal', size='scalable')) = 0.33499999999999996
2026-03-15 18:42:16,769 - DEBUG - findfont: score(FontEntry(fname='/home/hkds/Desktop/PythonPrg/AIChatReviewer/.venv/lib/python3.12/site-packages/matplotlib/mpl-data/fonts/ttf/DejaVuSerif.ttf', name='DejaVu Serif', style='normal', variant='normal', weight=400, stretch='normal', size='scalable')) = 10.05
2026-03-15 18:42:16,769 - DEBUG - findfont: score(FontEntry(fname='/home/hkds/Desktop/PythonPrg/AIChatReviewer/.venv/lib/python3.12/site-packages/matplotlib/mpl-data/fonts/ttf/DejaVuSans-Oblique.ttf', name='DejaVu Sans', style='oblique', variant='normal', weight=400, stretch='normal', size='scalable')) = 1.05
2026-03-15 18:42:16,769 - DEBUG - findfont: score(FontEntry(fname='/home/hkds/Desktop/PythonPrg/AIChatReviewer/.venv/lib/python3.12/site-packages/matplotlib/mpl-data/fonts/ttf/STIXSizFourSymBol.ttf', name='STIXSizeFourSym', style='normal', variant='normal', weight=700, stretch='normal', size='scalable')) = 10.335
2026-03-15 18:42:16,769 - DEBUG - findfont: score(FontEntry(fname='/home/hkds/Desktop/PythonPrg/AIChatReviewer/.venv/lib/python3.12/site-packages/matplotlib/mpl-data/fonts/ttf/DejaVuSerif-Italic.ttf', name='DejaVu Serif', style='italic', variant='normal', weight=400, stretch='normal', size='scalable')) = 11.05
2026-03-15 18:42:16,769 - DEBUG - findfont: score(FontEntry(fname='/home/hkds/Desktop/PythonPrg/AIChatReviewer/.venv/lib/python3.12/site-packages/matplotlib/mpl-data/fonts/ttf/STIXSizTwoSymBol.ttf', name='STIXSizeTwoSym', style='normal', variant='normal', weight=700, stretch='normal', size='scalable')) = 10.335
2026-03-15 18:42:16,769 - DEBUG - findfont: score(FontEntry(fname='/home/hkds/Desktop/PythonPrg/AIChatReviewer/.venv/lib/python3.12/site-packages/matplotlib/mpl-data/fonts/ttf/DejaVuSans-BoldOblique.ttf', name='DejaVu Sans', style='oblique', variant='normal', weight=700, stretch='normal', size='scalable')) = 1.335
2026-03-15 18:42:16,769 - DEBUG - findfont: score(FontEntry(fname='/home/hkds/Desktop/PythonPrg/AIChatReviewer/.venv/lib/python3.12/site-packages/matplotlib/mpl-data/fonts/ttf/DejaVuSerif-Bold.ttf', name='DejaVu Serif', style='normal', variant='normal', weight=700, stretch='normal', size='scalable')) = 10.335
2026-03-15 18:42:16,769 - DEBUG - findfont: score(FontEntry(fname='/home/hkds/Desktop/PythonPrg/AIChatReviewer/.venv/lib/python3.12/site-packages/matplotlib/mpl-data/fonts/ttf/cmmi10.ttf', name='cmmi10', style='normal', variant='normal', weight=400, stretch='normal', size='scalable')) = 10.05
2026-03-15 18:42:16,769 - DEBUG - findfont: score(FontEntry(fname='/home/hkds/Desktop/PythonPrg/AIChatReviewer/.venv/lib/python3.12/site-packages/matplotlib/mpl-data/fonts/ttf/DejaVuSansMono-BoldOblique.ttf', name='DejaVu Sans Mono', style='oblique', variant='normal', weight=700, stretch='normal', size='scalable')) = 11.335
2026-03-15 18:42:16,769 - DEBUG - findfont: score(FontEntry(fname='/home/hkds/Desktop/PythonPrg/AIChatReviewer/.venv/lib/python3.12/site-packages/matplotlib/mpl-data/fonts/ttf/STIXNonUniBol.ttf', name='STIXNonUnicode', style='normal', variant='normal', weight=700, stretch='normal', size='scalable')) = 10.335
2026-03-15 18:42:16,769 - DEBUG - findfont: score(FontEntry(fname='/home/hkds/Desktop/PythonPrg/AIChatReviewer/.venv/lib/python3.12/site-packages/matplotlib/mpl-data/fonts/ttf/STIXSizOneSymReg.ttf', name='STIXSizeOneSym', style='normal', variant='normal', weight=400, stretch='normal', size='scalable')) = 10.05
2026-03-15 18:42:16,769 - DEBUG - findfont: score(FontEntry(fname='/home/hkds/Desktop/PythonPrg/AIChatReviewer/.venv/lib/python3.12/site-packages/matplotlib/mpl-data/fonts/ttf/STIXNonUniBolIta.ttf', name='STIXNonUnicode', style='italic', variant='normal', weight=700, stretch='normal', size='scalable')) = 11.335
2026-03-15 18:42:16,769 - DEBUG - findfont: score(FontEntry(fname='/home/hkds/Desktop/PythonPrg/AIChatReviewer/.venv/lib/python3.12/site-packages/matplotlib/mpl-data/fonts/ttf/cmss10.ttf', name='cmss10', style='normal', variant='normal', weight=400, stretch='normal', size='scalable')) = 10.05
2026-03-15 18:42:16,770 - DEBUG - findfont: score(FontEntry(fname='/home/hkds/Desktop/PythonPrg/AIChatReviewer/.venv/lib/python3.12/site-packages/matplotlib/mpl-data/fonts/ttf/cmtt10.ttf', name='cmtt10', style='normal', variant='normal', weight=400, stretch='normal', size='scalable')) = 10.05
2026-03-15 18:42:16,770 - DEBUG - findfont: score(FontEntry(fname='/home/hkds/Desktop/PythonPrg/AIChatReviewer/.venv/lib/python3.12/site-packages/matplotlib/mpl-data/fonts/ttf/DejaVuSansDisplay.ttf', name='DejaVu Sans Display', style='normal', variant='normal', weight=400, stretch='normal', size='scalable')) = 10.05
2026-03-15 18:42:16,770 - DEBUG - findfont: score(FontEntry(fname='/home/hkds/Desktop/PythonPrg/AIChatReviewer/.venv/lib/python3.12/site-packages/matplotlib/mpl-data/fonts/ttf/DejaVuSerif-BoldItalic.ttf', name='DejaVu Serif', style='italic', variant='normal', weight=700, stretch='normal', size='scalable')) = 11.335
2026-03-15 18:42:16,770 - DEBUG - findfont: score(FontEntry(fname='/home/hkds/Desktop/PythonPrg/AIChatReviewer/.venv/lib/python3.12/site-packages/matplotlib/mpl-data/fonts/ttf/cmb10.ttf', name='cmb10', style='normal', variant='normal', weight=400, stretch='normal', size='scalable')) = 10.05
2026-03-15 18:42:16,770 - DEBUG - findfont: score(FontEntry(fname='/home/hkds/Desktop/PythonPrg/AIChatReviewer/.venv/lib/python3.12/site-packages/matplotlib/mpl-data/fonts/ttf/cmsy10.ttf', name='cmsy10', style='normal', variant='normal', weight=400, stretch='normal', size='scalable')) = 10.05
2026-03-15 18:42:16,770 - DEBUG - findfont: score(FontEntry(fname='/home/hkds/Desktop/PythonPrg/AIChatReviewer/.venv/lib/python3.12/site-packages/matplotlib/mpl-data/fonts/ttf/STIXGeneral.ttf', name='STIXGeneral', style='normal', variant='normal', weight=400, stretch='normal', size='scalable')) = 10.05
2026-03-15 18:42:16,770 - DEBUG - findfont: score(FontEntry(fname='/home/hkds/Desktop/PythonPrg/AIChatReviewer/.venv/lib/python3.12/site-packages/matplotlib/mpl-data/fonts/ttf/STIXSizOneSymBol.ttf', name='STIXSizeOneSym', style='normal', variant='normal', weight=700, stretch='normal', size='scalable')) = 10.335
2026-03-15 18:42:16,770 - DEBUG - findfont: score(FontEntry(fname='/home/hkds/Desktop/PythonPrg/AIChatReviewer/.venv/lib/python3.12/site-packages/matplotlib/mpl-data/fonts/ttf/cmex10.ttf', name='cmex10', style='normal', variant='normal', weight=400, stretch='normal', size='scalable')) = 10.05
2026-03-15 18:42:16,770 - DEBUG - findfont: score(FontEntry(fname='/home/hkds/Desktop/PythonPrg/AIChatReviewer/.venv/lib/python3.12/site-packages/matplotlib/mpl-data/fonts/ttf/STIXSizFourSymReg.ttf', name='STIXSizeFourSym', style='normal', variant='normal', weight=400, stretch='normal', size='scalable')) = 10.05
2026-03-15 18:42:16,770 - DEBUG - findfont: score(FontEntry(fname='/home/hkds/Desktop/PythonPrg/AIChatReviewer/.venv/lib/python3.12/site-packages/matplotlib/mpl-data/fonts/ttf/DejaVuSans.ttf', name='DejaVu Sans', style='normal', variant='normal', weight=400, stretch='normal', size='scalable')) = 0.05
2026-03-15 18:42:16,770 - DEBUG - findfont: score(FontEntry(fname='/home/hkds/Desktop/PythonPrg/AIChatReviewer/.venv/lib/python3.12/site-packages/matplotlib/mpl-data/fonts/ttf/STIXGeneralItalic.ttf', name='STIXGeneral', style='italic', variant='normal', weight=400, stretch='normal', size='scalable')) = 11.05
2026-03-15 18:42:16,770 - DEBUG - findfont: score(FontEntry(fname='/home/hkds/Desktop/PythonPrg/AIChatReviewer/.venv/lib/python3.12/site-packages/matplotlib/mpl-data/fonts/ttf/DejaVuSerifDisplay.ttf', name='DejaVu Serif Display', style='normal', variant='normal', weight=400, stretch='normal', size='scalable')) = 10.05
2026-03-15 18:42:16,770 - DEBUG - findfont: score(FontEntry(fname='/home/hkds/Desktop/PythonPrg/AIChatReviewer/.venv/lib/python3.12/site-packages/matplotlib/mpl-data/fonts/ttf/STIXNonUniIta.ttf', name='STIXNonUnicode', style='italic', variant='normal', weight=400, stretch='normal', size='scalable')) = 11.05
2026-03-15 18:42:16,770 - DEBUG - findfont: score(FontEntry(fname='/home/hkds/Desktop/PythonPrg/AIChatReviewer/.venv/lib/python3.12/site-packages/matplotlib/mpl-data/fonts/ttf/cmr10.ttf', name='cmr10', style='normal', variant='normal', weight=400, stretch='normal', size='scalable')) = 10.05
2026-03-15 18:42:16,770 - DEBUG - findfont: score(FontEntry(fname='/home/hkds/Desktop/PythonPrg/AIChatReviewer/.venv/lib/python3.12/site-packages/matplotlib/mpl-data/fonts/ttf/STIXNonUni.ttf', name='STIXNonUnicode', style='normal', variant='normal', weight=400, stretch='normal', size='scalable')) = 10.05
2026-03-15 18:42:16,770 - DEBUG - findfont: score(FontEntry(fname='/usr/share/fonts/truetype/noto/NotoSansTifinaghAir-Regular.ttf', name='Noto Sans Tifinagh Air', style='normal', variant='normal', weight=400, stretch='normal', size='scalable')) = 10.05
2026-03-15 18:42:16,770 - DEBUG - findfont: score(FontEntry(fname='/usr/share/fonts/truetype/noto/NotoSansMro-Regular.ttf', name='Noto Sans Mro', style='normal', variant='normal', weight=400, stretch='normal', size='scalable')) = 10.05
2026-03-15 18:42:16,770 - DEBUG - findfont: score(FontEntry(fname='/usr/share/fonts/truetype/noto/NotoKufiArabic-Regular.ttf', name='Noto Kufi Arabic', style='normal', variant='normal', weight=400, stretch='normal', size='scalable')) = 10.05
2026-03-15 18:42:16,770 - DEBUG - findfont: score(FontEntry(fname='/usr/share/fonts/truetype/noto/NotoSansTaiTham-Bold.ttf', name='Noto Sans Tai Tham', style='normal', variant='normal', weight=700, stretch='normal', size='scalable')) = 10.335
2026-03-15 18:42:16,770 - DEBUG - findfont: score(FontEntry(fname='/usr/share/fonts/truetype/noto/NotoSansBalinese-Regular.ttf', name='Noto Sans Balinese', style='normal', variant='normal', weight=400, stretch='normal', size='scalable')) = 10.05
2026-03-15 18:42:16,770 - DEBUG - findfont: score(FontEntry(fname='/usr/share/fonts/truetype/noto/NotoSansTelugu-Bold.ttf', name='Noto Sans Telugu', style='normal', variant='normal', weight=700, stretch='normal', size='scalable')) = 10.335
2026-03-15 18:42:16,770 - DEBUG - findfont: score(FontEntry(fname='/usr/share/fonts/truetype/liberation/LiberationSerif-Regular.ttf', name='Liberation Serif', style='normal', variant='normal', weight=400, stretch='normal', size='scalable')) = 10.05
2026-03-15 18:42:16,770 - DEBUG - findfont: score(FontEntry(fname='/usr/share/fonts/truetype/noto/NotoSansBhaiksuki-Regular.ttf', name='Noto Sans Bhaiksuki', style='normal', variant='normal', weight=400, stretch='normal', size='scalable')) = 10.05
2026-03-15 18:42:16,770 - DEBUG - findfont: score(FontEntry(fname='/usr/share/fonts/truetype/dejavu/DejaVuSansMono-BoldOblique.ttf', name='DejaVu Sans Mono', style='oblique', variant='normal', weight=700, stretch='normal', size='scalable')) = 11.335
2026-03-15 18:42:16,770 - DEBUG - findfont: score(FontEntry(fname='/usr/share/fonts/truetype/noto/NotoSansMeeteiMayek-Bold.ttf', name='Noto Sans Meetei Mayek', style='normal', variant='normal', weight=700, stretch='normal', size='scalable')) = 10.335
2026-03-15 18:42:16,771 - DEBUG - findfont: score(FontEntry(fname='/usr/share/fonts/truetype/noto/NotoSansSymbols-Bold.ttf', name='Noto Sans Symbols', style='normal', variant='normal', weight=700, stretch='normal', size='scalable')) = 10.335
2026-03-15 18:42:16,771 - DEBUG - findfont: score(FontEntry(fname='/usr/share/fonts/truetype/noto/NotoSansTaiTham-Regular.ttf', name='Noto Sans Tai Tham', style='normal', variant='normal', weight=400, stretch='normal', size='scalable')) = 10.05
2026-03-15 18:42:16,771 - DEBUG - findfont: score(FontEntry(fname='/usr/share/fonts/truetype/noto/NotoSansOsmanya-Regular.ttf', name='Noto Sans Osmanya', style='normal', variant='normal', weight=400, stretch='normal', size='scalable')) = 10.05
2026-03-15 18:42:16,771 - DEBUG - findfont: score(FontEntry(fname='/usr/share/fonts/truetype/noto/NotoSansImperialAramaic-Regular.ttf', name='Noto Sans Imperial Aramaic', style='normal', variant='normal', weight=400, stretch='normal', size='scalable')) = 10.05
2026-03-15 18:42:16,771 - DEBUG - findfont: score(FontEntry(fname='/usr/share/fonts/opentype/urw-base35/Z003-MediumItalic.otf', name='Z003', style='italic', variant='normal', weight=500, stretch='normal', size='scalable')) = 11.145
2026-03-15 18:42:16,771 - DEBUG - findfont: score(FontEntry(fname='/usr/share/fonts/truetype/noto/NotoSansCypriot-Regular.ttf', name='Noto Sans Cypriot', style='normal', variant='normal', weight=400, stretch='normal', size='scalable')) = 10.05
2026-03-15 18:42:16,771 - DEBUG - findfont: score(FontEntry(fname='/usr/share/fonts/truetype/noto/NotoSansInscriptionalParthian-Regular.ttf', name='Noto Sans Inscriptional Parthian', style='normal', variant='normal', weight=400, stretch='normal', size='scalable')) = 10.05
2026-03-15 18:42:16,771 - DEBUG - findfont: score(FontEntry(fname='/usr/share/fonts/truetype/ubuntu/UbuntuSans-Italic[wdth,wght].ttf', name='Ubuntu Sans', style='italic', variant='normal', weight=400, stretch='normal', size='scalable')) = 11.05
2026-03-15 18:42:16,771 - DEBUG - findfont: score(FontEntry(fname='/usr/share/fonts/truetype/noto/NotoLoopedThai-Bold.ttf', name='Noto Looped Thai', style='normal', variant='normal', weight=700, stretch='normal', size='scalable')) = 10.335
2026-03-15 18:42:16,771 - DEBUG - findfont: score(FontEntry(fname='/usr/share/fonts/truetype/noto/NotoSansDeseret-Regular.ttf', name='Noto Sans Deseret', style='normal', variant='normal', weight=400, stretch='normal', size='scalable')) = 10.05
2026-03-15 18:42:16,771 - DEBUG - findfont: score(FontEntry(fname='/usr/share/fonts/truetype/noto/NotoSansTifinaghAgrawImazighen-Regular.ttf', name='Noto Sans Tifinagh Agraw Imazighen', style='normal', variant='normal', weight=400, stretch='normal', size='scalable')) = 10.05
2026-03-15 18:42:16,771 - DEBUG - findfont: score(FontEntry(fname='/usr/share/fonts/truetype/noto/NotoSansCuneiform-Regular.ttf', name='Noto Sans Cuneiform', style='normal', variant='normal', weight=400, stretch='normal', size='scalable')) = 10.05
2026-03-15 18:42:16,771 - DEBUG - findfont: score(FontEntry(fname='/usr/share/fonts/truetype/noto/NotoSansBuginese-Regular.ttf', name='Noto Sans Buginese', style='normal', variant='normal', weight=400, stretch='normal', size='scalable')) = 10.05
2026-03-15 18:42:16,771 - DEBUG - findfont: score(FontEntry(fname='/usr/share/fonts/truetype/noto/NotoSansTifinaghSIL-Regular.ttf', name='Noto Sans Tifinagh SIL', style='normal', variant='normal', weight=400, stretch='normal', size='scalable')) = 10.05
2026-03-15 18:42:16,771 - DEBUG - findfont: score(FontEntry(fname='/usr/share/fonts/truetype/ubuntu/UbuntuMono-RI.ttf', name='Ubuntu Mono', style='italic', variant='normal', weight=400, stretch='normal', size='scalable')) = 11.05
2026-03-15 18:42:16,771 - DEBUG - findfont: score(FontEntry(fname='/usr/share/fonts/truetype/ubuntu/Ubuntu-MI.ttf', name='Ubuntu', style='italic', variant='normal', weight=400, stretch='normal', size='scalable')) = 11.05
2026-03-15 18:42:16,771 - DEBUG - findfont: score(FontEntry(fname='/usr/share/fonts/truetype/noto/NotoSansDevanagari-Bold.ttf', name='Noto Sans Devanagari', style='normal', variant='normal', weight=700, stretch='normal', size='scalable')) = 10.335
2026-03-15 18:42:16,771 - DEBUG - findfont: score(FontEntry(fname='/usr/share/fonts/truetype/noto/NotoSansGurmukhi-Bold.ttf', name='Noto Sans Gurmukhi', style='normal', variant='normal', weight=700, stretch='normal', size='scalable')) = 10.335
2026-03-15 18:42:16,771 - DEBUG - findfont: score(FontEntry(fname='/usr/share/fonts/truetype/noto/NotoSansNabataean-Regular.ttf', name='Noto Sans Nabataean', style='normal', variant='normal', weight=400, stretch='normal', size='scalable')) = 10.05
2026-03-15 18:42:16,771 - DEBUG - findfont: score(FontEntry(fname='/usr/share/fonts/truetype/noto/NotoSansLydian-Regular.ttf', name='Noto Sans Lydian', style='normal', variant='normal', weight=400, stretch='normal', size='scalable')) = 10.05
2026-03-15 18:42:16,771 - DEBUG - findfont: score(FontEntry(fname='/usr/share/fonts/truetype/noto/NotoSerifYezidi-Regular.ttf', name='Noto Serif Yezidi', style='normal', variant='normal', weight=400, stretch='normal', size='scalable')) = 10.05
2026-03-15 18:42:16,771 - DEBUG - findfont: score(FontEntry(fname='/usr/share/fonts/truetype/noto/NotoSansGujarati-Bold.ttf', name='Noto Sans Gujarati', style='normal', variant='normal', weight=700, stretch='normal', size='scalable')) = 10.335
2026-03-15 18:42:16,771 - DEBUG - findfont: score(FontEntry(fname='/usr/share/fonts/truetype/noto/NotoSansUgaritic-Regular.ttf', name='Noto Sans Ugaritic', style='normal', variant='normal', weight=400, stretch='normal', size='scalable')) = 10.05
2026-03-15 18:42:16,771 - DEBUG - findfont: score(FontEntry(fname='/usr/share/fonts/truetype/noto/NotoSansKannada-Regular.ttf', name='Noto Sans Kannada', style='normal', variant='normal', weight=400, stretch='normal', size='scalable')) = 10.05
2026-03-15 18:42:16,771 - DEBUG - findfont: score(FontEntry(fname='/usr/share/fonts/truetype/ubuntu/Ubuntu-BI.ttf', name='Ubuntu', style='italic', variant='normal', weight=400, stretch='normal', size='scalable')) = 11.05
2026-03-15 18:42:16,771 - DEBUG - findfont: score(FontEntry(fname='/usr/share/fonts/truetype/noto/NotoMono-Regular.ttf', name='Noto Mono', style='normal', variant='normal', weight=400, stretch='normal', size='scalable')) = 10.05
2026-03-15 18:42:16,772 - DEBUG - findfont: score(FontEntry(fname='/usr/share/fonts/truetype/ubuntu/Ubuntu-LI.ttf', name='Ubuntu', style='italic', variant='normal', weight=400, stretch='normal', size='scalable')) = 11.05
2026-03-15 18:42:16,772 - DEBUG - findfont: score(FontEntry(fname='/usr/share/fonts/truetype/noto/NotoSerifKannada-Regular.ttf', name='Noto Serif Kannada', style='normal', variant='normal', weight=400, stretch='normal', size='scalable')) = 10.05
2026-03-15 18:42:16,772 - DEBUG - findfont: score(FontEntry(fname='/usr/share/fonts/truetype/noto/NotoSansKannada-Bold.ttf', name='Noto Sans Kannada', style='normal', variant='normal', weight=700, stretch='normal', size='scalable')) = 10.335
2026-03-15 18:42:16,772 - DEBUG - findfont: score(FontEntry(fname='/usr/share/fonts/truetype/noto/NotoSansMultani-Regular.ttf', name='Noto Sans Multani', style='normal', variant='normal', weight=400, stretch='normal', size='scalable')) = 10.05
2026-03-15 18:42:16,772 - DEBUG - findfont: score(FontEntry(fname='/usr/share/fonts/truetype/noto/NotoSansGothic-Regular.ttf', name='Noto Sans Gothic', style='normal', variant='normal', weight=400, stretch='normal', size='scalable')) = 10.05
2026-03-15 18:42:16,772 - DEBUG - findfont: score(FontEntry(fname='/usr/share/fonts/truetype/noto/NotoSansPhagsPa-Regular.ttf', name='Noto Sans PhagsPa', style='normal', variant='normal', weight=400, stretch='normal', size='scalable')) = 10.05
2026-03-15 18:42:16,772 - DEBUG - findfont: score(FontEntry(fname='/usr/share/fonts/truetype/noto/NotoSansTamilSupplement-Regular.ttf', name='Noto Sans Tamil Supplement', style='normal', variant='normal', weight=400, stretch='normal', size='scalable')) = 10.05
2026-03-15 18:42:16,772 - DEBUG - findfont: score(FontEntry(fname='/usr/share/fonts/opentype/urw-base35/NimbusRoman-Italic.otf', name='Nimbus Roman', style='italic', variant='normal', weight=400, stretch='normal', size='scalable')) = 11.05
2026-03-15 18:42:16,772 - DEBUG - findfont: score(FontEntry(fname='/usr/share/fonts/truetype/noto/NotoSerifNyiakengPuachueHmong-Bold.ttf', name='Noto Serif Hmong Nyiakeng', style='normal', variant='normal', weight=700, stretch='normal', size='scalable')) = 10.335
2026-03-15 18:42:16,772 - DEBUG - findfont: score(FontEntry(fname='/usr/share/fonts/opentype/urw-base35/StandardSymbolsPS.otf', name='Standard Symbols PS', style='normal', variant='normal', weight=400, stretch='normal', size='scalable')) = 10.05
2026-03-15 18:42:16,772 - DEBUG - findfont: score(FontEntry(fname='/usr/share/fonts/truetype/noto/NotoSansIndicSiyaqNumbers-Regular.ttf', name='Noto Sans Indic Siyaq Numbers', style='normal', variant='normal', weight=400, stretch='normal', size='scalable')) = 10.05
2026-03-15 18:42:16,772 - DEBUG - findfont: score(FontEntry(fname='/usr/share/fonts/truetype/noto/NotoSerifSinhala-Bold.ttf', name='Noto Serif Sinhala', style='normal', variant='normal', weight=700, stretch='normal', size='scalable')) = 10.335
2026-03-15 18:42:16,772 - DEBUG - findfont: score(FontEntry(fname='/home/hkds/.fonts/Roboto-Medium.ttf', name='Roboto', style='normal', variant='normal', weight=500, stretch='normal', size='scalable')) = 10.145
2026-03-15 18:42:16,772 - DEBUG - findfont: score(FontEntry(fname='/usr/share/fonts/opentype/urw-base35/URWBookman-LightItalic.otf', name='URW Bookman', style='italic', variant='normal', weight=300, stretch='normal', size='scalable')) = 11.145
2026-03-15 18:42:16,772 - DEBUG - findfont: score(FontEntry(fname='/usr/share/fonts/truetype/noto/NotoSansRejang-Regular.ttf', name='Noto Sans Rejang', style='normal', variant='normal', weight=400, stretch='normal', size='scalable')) = 10.05
2026-03-15 18:42:16,772 - DEBUG - findfont: score(FontEntry(fname='/usr/share/fonts/truetype/liberation/LiberationSans-Regular.ttf', name='Liberation Sans', style='normal', variant='normal', weight=400, stretch='normal', size='scalable')) = 10.05
2026-03-15 18:42:16,772 - DEBUG - findfont: score(FontEntry(fname='/usr/share/fonts/truetype/noto/NotoSerifYezidi-Bold.ttf', name='Noto Serif Yezidi', style='normal', variant='normal', weight=700, stretch='normal', size='scalable')) = 10.335
2026-03-15 18:42:16,772 - DEBUG - findfont: score(FontEntry(fname='/usr/share/fonts/truetype/noto/NotoSansTifinaghRhissaIxa-Regular.ttf', name='Noto Sans Tifinagh Rhissa Ixa', style='normal', variant='normal', weight=400, stretch='normal', size='scalable')) = 10.05
2026-03-15 18:42:16,772 - DEBUG - findfont: score(FontEntry(fname='/usr/share/fonts/truetype/liberation/LiberationMono-Bold.ttf', name='Liberation Mono', style='normal', variant='normal', weight=700, stretch='normal', size='scalable')) = 10.335
2026-03-15 18:42:16,772 - DEBUG - findfont: score(FontEntry(fname='/usr/share/fonts/truetype/noto/NotoLoopedLao-Bold.ttf', name='Noto Looped Lao', style='normal', variant='normal', weight=700, stretch='normal', size='scalable')) = 10.335
2026-03-15 18:42:16,772 - DEBUG - findfont: score(FontEntry(fname='/usr/share/fonts/opentype/urw-base35/NimbusMonoPS-Regular.otf', name='Nimbus Mono PS', style='normal', variant='normal', weight=400, stretch='normal', size='scalable')) = 10.05
2026-03-15 18:42:16,772 - DEBUG - findfont: score(FontEntry(fname='/usr/share/fonts/truetype/noto/NotoSerifLao-Regular.ttf', name='Noto Serif Lao', style='normal', variant='normal', weight=400, stretch='normal', size='scalable')) = 10.05
2026-03-15 18:42:16,772 - DEBUG - findfont: score(FontEntry(fname='/usr/share/fonts/truetype/noto/NotoSansMyanmar-Regular.ttf', name='Noto Sans Myanmar', style='normal', variant='normal', weight=400, stretch='normal', size='scalable')) = 10.05
2026-03-15 18:42:16,772 - DEBUG - findfont: score(FontEntry(fname='/usr/share/fonts/truetype/noto/NotoSerifArmenian-Bold.ttf', name='Noto Serif Armenian', style='normal', variant='normal', weight=700, stretch='normal', size='scalable')) = 10.335
2026-03-15 18:42:16,772 - DEBUG - findfont: score(FontEntry(fname='/usr/share/fonts/truetype/noto/NotoSansMiao-Regular.ttf', name='Noto Sans Miao', style='normal', variant='normal', weight=400, stretch='normal', size='scalable')) = 10.05
2026-03-15 18:42:16,772 - DEBUG - findfont: score(FontEntry(fname='/usr/share/fonts/truetype/noto/NotoSansHebrew-Regular.ttf', name='Noto Sans Hebrew', style='normal', variant='normal', weight=400, stretch='normal', size='scalable')) = 10.05
2026-03-15 18:42:16,773 - DEBUG - findfont: score(FontEntry(fname='/home/hkds/.fonts/CustomTkinter_shapes_font.otf', name='CustomTkinter_shapes_font', style='normal', variant='normal', weight=500, stretch='normal', size='scalable')) = 10.145
2026-03-15 18:42:16,773 - DEBUG - findfont: score(FontEntry(fname='/usr/share/fonts/opentype/noto/NotoSansCJK-Bold.ttc', name='Noto Sans CJK JP', style='normal', variant='normal', weight=700, stretch='normal', size='scalable')) = 10.335
2026-03-15 18:42:16,773 - DEBUG - findfont: score(FontEntry(fname='/usr/share/fonts/truetype/noto/NotoSansSinhala-Bold.ttf', name='Noto Sans Sinhala', style='normal', variant='normal', weight=700, stretch='normal', size='scalable')) = 10.335
2026-03-15 18:42:16,773 - DEBUG - findfont: score(FontEntry(fname='/usr/share/fonts/truetype/noto/NotoSansOriya-Bold.ttf', name='Noto Sans Oriya', style='normal', variant='normal', weight=700, stretch='normal', size='scalable')) = 10.335
2026-03-15 18:42:16,773 - DEBUG - findfont: score(FontEntry(fname='/usr/share/fonts/truetype/noto/NotoSansBengali-Regular.ttf', name='Noto Sans Bengali', style='normal', variant='normal', weight=400, stretch='normal', size='scalable')) = 10.05
2026-03-15 18:42:16,773 - DEBUG - findfont: score(FontEntry(fname='/usr/share/fonts/truetype/noto/NotoSansDuployan-Regular.ttf', name='Noto Sans Duployan', style='normal', variant='normal', weight=400, stretch='normal', size='scalable')) = 10.05
2026-03-15 18:42:16,773 - DEBUG - findfont: score(FontEntry(fname='/usr/share/fonts/truetype/noto/NotoSansEthiopic-Regular.ttf', name='Noto Sans Ethiopic', style='normal', variant='normal', weight=400, stretch='normal', size='scalable')) = 10.05
2026-03-15 18:42:16,773 - DEBUG - findfont: score(FontEntry(fname='/usr/share/fonts/truetype/noto/NotoSansMeroitic-Regular.ttf', name='Noto Sans Meroitic', style='normal', variant='normal', weight=400, stretch='normal', size='scalable')) = 10.05
2026-03-15 18:42:16,773 - DEBUG - findfont: score(FontEntry(fname='/usr/share/fonts/opentype/urw-base35/C059-Bold.otf', name='C059', style='normal', variant='normal', weight=700, stretch='normal', size='scalable')) = 10.335
2026-03-15 18:42:16,773 - DEBUG - findfont: score(FontEntry(fname='/usr/share/fonts/opentype/urw-base35/URWBookman-DemiItalic.otf', name='URW Bookman', style='italic', variant='normal', weight=600, stretch='normal', size='scalable')) = 11.24
2026-03-15 18:42:16,773 - DEBUG - findfont: score(FontEntry(fname='/usr/share/fonts/truetype/noto/NotoSansSinhala-Regular.ttf', name='Noto Sans Sinhala', style='normal', variant='normal', weight=400, stretch='normal', size='scalable')) = 10.05
2026-03-15 18:42:16,773 - DEBUG - findfont: score(FontEntry(fname='/usr/share/fonts/truetype/noto/NotoSerifTamil-Bold.ttf', name='Noto Serif Tamil', style='normal', variant='normal', weight=700, stretch='normal', size='scalable')) = 10.335
2026-03-15 18:42:16,773 - DEBUG - findfont: score(FontEntry(fname='/usr/share/fonts/truetype/noto/NotoSansChakma-Regular.ttf', name='Noto Sans Chakma', style='normal', variant='normal', weight=400, stretch='normal', size='scalable')) = 10.05
2026-03-15 18:42:16,773 - DEBUG - findfont: score(FontEntry(fname='/usr/share/fonts/truetype/noto/NotoSansSundanese-Bold.ttf', name='Noto Sans Sundanese', style='normal', variant='normal', weight=700, stretch='normal', size='scalable')) = 10.335
2026-03-15 18:42:16,773 - DEBUG - findfont: score(FontEntry(fname='/usr/share/fonts/truetype/liberation/LiberationMono-Italic.ttf', name='Liberation Mono', style='italic', variant='normal', weight=400, stretch='normal', size='scalable')) = 11.05
2026-03-15 18:42:16,773 - DEBUG - findfont: score(FontEntry(fname='/usr/share/fonts/truetype/noto/NotoSerifNyiakengPuachueHmong-Regular.ttf', name='Noto Serif Hmong Nyiakeng', style='normal', variant='normal', weight=400, stretch='normal', size='scalable')) = 10.05
2026-03-15 18:42:16,773 - DEBUG - findfont: score(FontEntry(fname='/usr/share/fonts/truetype/noto/NotoSansTifinaghGhat-Regular.ttf', name='Noto Sans Tifinagh Ghat', style='normal', variant='normal', weight=400, stretch='normal', size='scalable')) = 10.05
2026-03-15 18:42:16,773 - DEBUG - findfont: score(FontEntry(fname='/usr/share/fonts/truetype/noto/NotoSerifBengali-Bold.ttf', name='Noto Serif Bengali', style='normal', variant='normal', weight=700, stretch='normal', size='scalable')) = 10.335
2026-03-15 18:42:16,773 - DEBUG - findfont: score(FontEntry(fname='/usr/share/fonts/opentype/urw-base35/NimbusSans-Bold.otf', name='Nimbus Sans', style='normal', variant='normal', weight=700, stretch='normal', size='scalable')) = 10.335
2026-03-15 18:42:16,773 - DEBUG - findfont: score(FontEntry(fname='/usr/share/fonts/truetype/noto/NotoNastaliqUrdu-Bold.ttf', name='Noto Nastaliq Urdu', style='normal', variant='normal', weight=400, stretch='normal', size='scalable')) = 10.05
2026-03-15 18:42:16,773 - DEBUG - findfont: score(FontEntry(fname='/usr/share/fonts/truetype/noto/NotoSansTifinagh-Regular.ttf', name='Noto Sans Tifinagh', style='normal', variant='normal', weight=400, stretch='normal', size='scalable')) = 10.05
2026-03-15 18:42:16,773 - DEBUG - findfont: score(FontEntry(fname='/usr/share/fonts/truetype/noto/NotoSansSharada-Regular.ttf', name='Noto Sans Sharada', style='normal', variant='normal', weight=400, stretch='normal', size='scalable')) = 10.05
2026-03-15 18:42:16,773 - DEBUG - findfont: score(FontEntry(fname='/usr/share/fonts/truetype/ubuntu/UbuntuSansMono-Italic[wght].ttf', name='Ubuntu Sans Mono', style='italic', variant='normal', weight=400, stretch='normal', size='scalable')) = 11.05
2026-03-15 18:42:16,773 - DEBUG - findfont: score(FontEntry(fname='/usr/share/fonts/truetype/noto/NotoSansThai-Regular.ttf', name='Noto Sans Thai', style='normal', variant='normal', weight=400, stretch='normal', size='scalable')) = 10.05
2026-03-15 18:42:16,773 - DEBUG - findfont: score(FontEntry(fname='/usr/share/fonts/opentype/urw-base35/NimbusRoman-Bold.otf', name='Nimbus Roman', style='normal', variant='normal', weight=700, stretch='normal', size='scalable')) = 10.335
2026-03-15 18:42:16,773 - DEBUG - findfont: score(FontEntry(fname='/usr/share/fonts/truetype/liberation/LiberationSansNarrow-Italic.ttf', name='Liberation Sans Narrow', style='italic', variant='normal', weight=400, stretch='condensed', size='scalable')) = 11.25
2026-03-15 18:42:16,773 - DEBUG - findfont: score(FontEntry(fname='/usr/share/fonts/truetype/noto/NotoSansLao-Bold.ttf', name='Noto Sans Lao', style='normal', variant='normal', weight=700, stretch='normal', size='scalable')) = 10.335
2026-03-15 18:42:16,774 - DEBUG - findfont: score(FontEntry(fname='/usr/share/fonts/truetype/noto/NotoSansSymbols-Regular.ttf', name='Noto Sans Symbols', style='normal', variant='normal', weight=400, stretch='normal', size='scalable')) = 10.05
2026-03-15 18:42:16,774 - DEBUG - findfont: score(FontEntry(fname='/usr/share/fonts/truetype/noto/NotoSansJavanese-Bold.ttf', name='Noto Sans Javanese', style='normal', variant='normal', weight=700, stretch='normal', size='scalable')) = 10.335
2026-03-15 18:42:16,774 - DEBUG - findfont: score(FontEntry(fname='/usr/share/fonts/truetype/noto/NotoSansMalayalam-Regular.ttf', name='Noto Sans Malayalam', style='normal', variant='normal', weight=400, stretch='normal', size='scalable')) = 10.05
2026-03-15 18:42:16,774 - DEBUG - findfont: score(FontEntry(fname='/usr/share/fonts/truetype/noto/NotoSerifGrantha-Regular.ttf', name='Noto Serif Grantha', style='normal', variant='normal', weight=400, stretch='normal', size='scalable')) = 10.05
2026-03-15 18:42:16,774 - DEBUG - findfont: score(FontEntry(fname='/usr/share/fonts/truetype/noto/NotoSansBalinese-Bold.ttf', name='Noto Sans Balinese', style='normal', variant='normal', weight=700, stretch='normal', size='scalable')) = 10.335
2026-03-15 18:42:16,774 - DEBUG - findfont: score(FontEntry(fname='/usr/share/fonts/truetype/noto/NotoSansMeeteiMayek-Regular.ttf', name='Noto Sans Meetei Mayek', style='normal', variant='normal', weight=400, stretch='normal', size='scalable')) = 10.05
2026-03-15 18:42:16,774 - DEBUG - findfont: score(FontEntry(fname='/usr/share/fonts/truetype/noto/NotoSerifGeorgian-Bold.ttf', name='Noto Serif Georgian', style='normal', variant='normal', weight=700, stretch='normal', size='scalable')) = 10.335
2026-03-15 18:42:16,774 - DEBUG - findfont: score(FontEntry(fname='/usr/share/fonts/truetype/noto/NotoSansKayahLi-Regular.ttf', name='Noto Sans Kayah Li', style='normal', variant='normal', weight=400, stretch='normal', size='scalable')) = 10.05
2026-03-15 18:42:16,774 - DEBUG - findfont: score(FontEntry(fname='/usr/share/fonts/truetype/noto/NotoRashiHebrew-Regular.ttf', name='Noto Rashi Hebrew', style='normal', variant='normal', weight=400, stretch='normal', size='scalable')) = 10.05
2026-03-15 18:42:16,774 - DEBUG - findfont: score(FontEntry(fname='/usr/share/fonts/truetype/ubuntu/UbuntuMono-BI.ttf', name='Ubuntu Mono', style='italic', variant='normal', weight=400, stretch='normal', size='scalable')) = 11.05
2026-03-15 18:42:16,774 - DEBUG - findfont: score(FontEntry(fname='/usr/share/fonts/truetype/dejavu/DejaVuSans-Bold.ttf', name='DejaVu Sans', style='normal', variant='normal', weight=700, stretch='normal', size='scalable')) = 0.33499999999999996
2026-03-15 18:42:16,774 - DEBUG - findfont: score(FontEntry(fname='/usr/share/fonts/truetype/noto/NotoSansArabic-Bold.ttf', name='Noto Sans Arabic', style='normal', variant='normal', weight=700, stretch='normal', size='scalable')) = 10.335
2026-03-15 18:42:16,774 - DEBUG - findfont: score(FontEntry(fname='/usr/share/fonts/truetype/noto/NotoSerif-Bold.ttf', name='Noto Serif', style='normal', variant='normal', weight=700, stretch='normal', size='scalable')) = 10.335
2026-03-15 18:42:16,774 - DEBUG - findfont: score(FontEntry(fname='/usr/share/fonts/truetype/noto/NotoSansSogdian-Regular.ttf', name='Noto Sans Sogdian', style='normal', variant='normal', weight=400, stretch='normal', size='scalable')) = 10.05
2026-03-15 18:42:16,774 - DEBUG - findfont: score(FontEntry(fname='/usr/share/fonts/truetype/noto/NotoSansLao-Regular.ttf', name='Noto Sans Lao', style='normal', variant='normal', weight=400, stretch='normal', size='scalable')) = 10.05
2026-03-15 18:42:16,774 - DEBUG - findfont: score(FontEntry(fname='/usr/share/fonts/truetype/noto/NotoSansOldItalic-Regular.ttf', name='Noto Sans Old Italic', style='italic', variant='normal', weight=400, stretch='normal', size='scalable')) = 11.05
2026-03-15 18:42:16,774 - DEBUG - findfont: score(FontEntry(fname='/usr/share/fonts/truetype/noto/NotoSansBamum-Regular.ttf', name='Noto Sans Bamum', style='normal', variant='normal', weight=400, stretch='normal', size='scalable')) = 10.05
2026-03-15 18:42:16,774 - DEBUG - findfont: score(FontEntry(fname='/usr/share/fonts/truetype/liberation/LiberationSans-Bold.ttf', name='Liberation Sans', style='normal', variant='normal', weight=700, stretch='normal', size='scalable')) = 10.335
2026-03-15 18:42:16,774 - DEBUG - findfont: score(FontEntry(fname='/usr/share/fonts/truetype/noto/NotoSerifKhmer-Bold.ttf', name='Noto Serif Khmer', style='normal', variant='normal', weight=700, stretch='normal', size='scalable')) = 10.335
2026-03-15 18:42:16,774 - DEBUG - findfont: score(FontEntry(fname='/usr/share/fonts/truetype/noto/NotoSansMongolian-Regular.ttf', name='Noto Sans Mongolian', style='normal', variant='normal', weight=400, stretch='normal', size='scalable')) = 10.05
2026-03-15 18:42:16,774 - DEBUG - findfont: score(FontEntry(fname='/usr/share/fonts/truetype/noto/NotoSerifMyanmar-Regular.ttf', name='Noto Serif Myanmar', style='normal', variant='normal', weight=400, stretch='normal', size='scalable')) = 10.05
2026-03-15 18:42:16,774 - DEBUG - findfont: score(FontEntry(fname='/usr/share/fonts/truetype/noto/NotoSansMendeKikakui-Regular.ttf', name='Noto Sans Mende Kikakui', style='normal', variant='normal', weight=400, stretch='normal', size='scalable')) = 10.05
2026-03-15 18:42:16,774 - DEBUG - findfont: score(FontEntry(fname='/usr/share/fonts/truetype/ubuntu/Ubuntu[wdth,wght].ttf', name='Ubuntu', style='normal', variant='normal', weight=400, stretch='normal', size='scalable')) = 10.05
2026-03-15 18:42:16,774 - DEBUG - findfont: score(FontEntry(fname='/usr/share/fonts/truetype/noto/NotoSansOlChiki-Regular.ttf', name='Noto Sans Ol Chiki', style='normal', variant='normal', weight=400, stretch='normal', size='scalable')) = 10.05
2026-03-15 18:42:16,774 - DEBUG - findfont: score(FontEntry(fname='/usr/share/fonts/truetype/noto/NotoSansMedefaidrin-Bold.ttf', name='Noto Sans Medefaidrin', style='normal', variant='normal', weight=700, stretch='normal', size='scalable')) = 10.335
2026-03-15 18:42:16,774 - DEBUG - findfont: score(FontEntry(fname='/usr/share/fonts/truetype/noto/NotoSansCaucasianAlbanian-Regular.ttf', name='Noto Sans Caucasian Albanian', style='normal', variant='normal', weight=400, stretch='normal', size='scalable')) = 10.05
2026-03-15 18:42:16,775 - DEBUG - findfont: score(FontEntry(fname='/usr/share/fonts/truetype/noto/NotoSansHanifiRohingya-Bold.ttf', name='Noto Sans Hanifi Rohingya', style='normal', variant='normal', weight=700, stretch='normal', size='scalable')) = 10.335
2026-03-15 18:42:16,775 - DEBUG - findfont: score(FontEntry(fname='/usr/share/fonts/truetype/noto/NotoSerifKhojki-Bold.ttf', name='Noto Serif Khojki', style='normal', variant='normal', weight=700, stretch='normal', size='scalable')) = 10.335
2026-03-15 18:42:16,775 - DEBUG - findfont: score(FontEntry(fname='/usr/share/fonts/truetype/noto/NotoSerifKhmer-Regular.ttf', name='Noto Serif Khmer', style='normal', variant='normal', weight=400, stretch='normal', size='scalable')) = 10.05
2026-03-15 18:42:16,775 - DEBUG - findfont: score(FontEntry(fname='/usr/share/fonts/truetype/noto/NotoSerifTelugu-Regular.ttf', name='Noto Serif Telugu', style='normal', variant='normal', weight=400, stretch='normal', size='scalable')) = 10.05
2026-03-15 18:42:16,775 - DEBUG - findfont: score(FontEntry(fname='/usr/share/fonts/truetype/noto/NotoSansMarchen-Regular.ttf', name='Noto Sans Marchen', style='normal', variant='normal', weight=400, stretch='normal', size='scalable')) = 10.05
2026-03-15 18:42:16,775 - DEBUG - findfont: score(FontEntry(fname='/usr/share/fonts/truetype/dejavu/DejaVuSerif.ttf', name='DejaVu Serif', style='normal', variant='normal', weight=400, stretch='normal', size='scalable')) = 10.05
2026-03-15 18:42:16,775 - DEBUG - findfont: score(FontEntry(fname='/usr/share/fonts/truetype/noto/NotoKufiArabic-Bold.ttf', name='Noto Kufi Arabic', style='normal', variant='normal', weight=700, stretch='normal', size='scalable')) = 10.335
2026-03-15 18:42:16,775 - DEBUG - findfont: score(FontEntry(fname='/usr/share/fonts/truetype/noto/NotoSansLepcha-Regular.ttf', name='Noto Sans Lepcha', style='normal', variant='normal', weight=400, stretch='normal', size='scalable')) = 10.05
2026-03-15 18:42:16,775 - DEBUG - findfont: score(FontEntry(fname='/usr/share/fonts/truetype/noto/NotoSansDisplay-Regular.ttf', name='Noto Sans Display', style='normal', variant='normal', weight=400, stretch='normal', size='scalable')) = 10.05
2026-03-15 18:42:16,775 - DEBUG - findfont: score(FontEntry(fname='/usr/share/fonts/truetype/noto/NotoSerifHebrew-Bold.ttf', name='Noto Serif Hebrew', style='normal', variant='normal', weight=700, stretch='normal', size='scalable')) = 10.335
2026-03-15 18:42:16,775 - DEBUG - findfont: score(FontEntry(fname='/usr/share/fonts/truetype/noto/NotoSansNewTaiLue-Regular.ttf', name='Noto Sans New Tai Lue', style='normal', variant='normal', weight=400, stretch='normal', size='scalable')) = 10.05
2026-03-15 18:42:16,775 - DEBUG - findfont: score(FontEntry(fname='/usr/share/fonts/truetype/noto/NotoSerifDisplay-Regular.ttf', name='Noto Serif Display', style='normal', variant='normal', weight=400, stretch='normal', size='scalable')) = 10.05
2026-03-15 18:42:16,775 - DEBUG - findfont: score(FontEntry(fname='/usr/share/fonts/truetype/noto/NotoSansSoraSompeng-Bold.ttf', name='Noto Sans Sora Sompeng', style='normal', variant='normal', weight=700, stretch='normal', size='scalable')) = 10.335
2026-03-15 18:42:16,775 - DEBUG - findfont: score(FontEntry(fname='/usr/share/fonts/truetype/noto/NotoSansMono-Regular.ttf', name='Noto Sans Mono', style='normal', variant='normal', weight=400, stretch='normal', size='scalable')) = 10.05
2026-03-15 18:42:16,775 - DEBUG - findfont: score(FontEntry(fname='/usr/share/fonts/truetype/noto/NotoSansShavian-Regular.ttf', name='Noto Sans Shavian', style='normal', variant='normal', weight=400, stretch='normal', size='scalable')) = 10.05
2026-03-15 18:42:16,775 - DEBUG - findfont: score(FontEntry(fname='/usr/share/fonts/opentype/urw-base35/NimbusRoman-BoldItalic.otf', name='Nimbus Roman', style='italic', variant='normal', weight=700, stretch='normal', size='scalable')) = 11.335
2026-03-15 18:42:16,775 - DEBUG - findfont: score(FontEntry(fname='/usr/share/fonts/truetype/noto/NotoSansOldTurkic-Regular.ttf', name='Noto Sans Old Turkic', style='normal', variant='normal', weight=400, stretch='normal', size='scalable')) = 10.05
2026-03-15 18:42:16,775 - DEBUG - findfont: score(FontEntry(fname='/usr/share/fonts/truetype/noto/NotoSansAdlam-Bold.ttf', name='Noto Sans Adlam', style='normal', variant='normal', weight=700, stretch='normal', size='scalable')) = 10.335
2026-03-15 18:42:16,775 - DEBUG - findfont: score(FontEntry(fname='/usr/share/fonts/truetype/noto/NotoNaskhArabic-Bold.ttf', name='Noto Naskh Arabic', style='normal', variant='normal', weight=700, stretch='normal', size='scalable')) = 10.335
2026-03-15 18:42:16,775 - DEBUG - findfont: score(FontEntry(fname='/usr/share/fonts/truetype/ubuntu/Ubuntu-C.ttf', name='Ubuntu', style='normal', variant='normal', weight=400, stretch='normal', size='scalable')) = 10.05
2026-03-15 18:42:16,775 - DEBUG - findfont: score(FontEntry(fname='/usr/share/fonts/opentype/urw-base35/NimbusMonoPS-Bold.otf', name='Nimbus Mono PS', style='normal', variant='normal', weight=700, stretch='normal', size='scalable')) = 10.335
2026-03-15 18:42:16,775 - DEBUG - findfont: score(FontEntry(fname='/usr/share/fonts/truetype/liberation/LiberationSerif-Italic.ttf', name='Liberation Serif', style='italic', variant='normal', weight=400, stretch='normal', size='scalable')) = 11.05
2026-03-15 18:42:16,775 - DEBUG - findfont: score(FontEntry(fname='/usr/share/fonts/truetype/noto/NotoSansGujarati-Regular.ttf', name='Noto Sans Gujarati', style='normal', variant='normal', weight=400, stretch='normal', size='scalable')) = 10.05
2026-03-15 18:42:16,775 - DEBUG - findfont: score(FontEntry(fname='/usr/share/fonts/truetype/ubuntu/Ubuntu-R.ttf', name='Ubuntu', style='normal', variant='normal', weight=400, stretch='normal', size='scalable')) = 10.05
2026-03-15 18:42:16,775 - DEBUG - findfont: score(FontEntry(fname='/usr/share/fonts/opentype/urw-base35/NimbusMonoPS-Italic.otf', name='Nimbus Mono PS', style='italic', variant='normal', weight=400, stretch='normal', size='scalable')) = 11.05
2026-03-15 18:42:16,775 - DEBUG - findfont: score(FontEntry(fname='/usr/share/fonts/truetype/ubuntu/Ubuntu-M.ttf', name='Ubuntu', style='normal', variant='normal', weight=400, stretch='normal', size='scalable')) = 10.05
2026-03-15 18:42:16,775 - DEBUG - findfont: score(FontEntry(fname='/usr/share/fonts/truetype/noto/NotoSerifKannada-Bold.ttf', name='Noto Serif Kannada', style='normal', variant='normal', weight=700, stretch='normal', size='scalable')) = 10.335
2026-03-15 18:42:16,776 - DEBUG - findfont: score(FontEntry(fname='/usr/share/fonts/truetype/noto/NotoSerifHebrew-Regular.ttf', name='Noto Serif Hebrew', style='normal', variant='normal', weight=400, stretch='normal', size='scalable')) = 10.05
2026-03-15 18:42:16,776 - DEBUG - findfont: score(FontEntry(fname='/usr/share/fonts/truetype/noto/NotoSerifGurmukhi-Regular.ttf', name='Noto Serif Gurmukhi', style='normal', variant='normal', weight=400, stretch='normal', size='scalable')) = 10.05
2026-03-15 18:42:16,776 - DEBUG - findfont: score(FontEntry(fname='/usr/share/fonts/truetype/liberation/LiberationSansNarrow-Regular.ttf', name='Liberation Sans Narrow', style='normal', variant='normal', weight=400, stretch='condensed', size='scalable')) = 10.25
2026-03-15 18:42:16,776 - DEBUG - findfont: score(FontEntry(fname='/usr/share/fonts/opentype/urw-base35/NimbusSans-Italic.otf', name='Nimbus Sans', style='italic', variant='normal', weight=400, stretch='normal', size='scalable')) = 11.05
2026-03-15 18:42:16,776 - DEBUG - findfont: score(FontEntry(fname='/usr/share/fonts/truetype/noto/NotoSansTamil-Regular.ttf', name='Noto Sans Tamil', style='normal', variant='normal', weight=400, stretch='normal', size='scalable')) = 10.05
2026-03-15 18:42:16,776 - DEBUG - findfont: score(FontEntry(fname='/usr/share/fonts/truetype/noto/NotoSansBamum-Bold.ttf', name='Noto Sans Bamum', style='normal', variant='normal', weight=700, stretch='normal', size='scalable')) = 10.335
2026-03-15 18:42:16,776 - DEBUG - findfont: score(FontEntry(fname='/usr/share/fonts/truetype/noto/NotoSansModi-Regular.ttf', name='Noto Sans Modi', style='normal', variant='normal', weight=400, stretch='normal', size='scalable')) = 10.05
2026-03-15 18:42:16,776 - DEBUG - findfont: score(FontEntry(fname='/usr/share/fonts/truetype/noto/NotoSansSaurashtra-Regular.ttf', name='Noto Sans Saurashtra', style='normal', variant='normal', weight=400, stretch='normal', size='scalable')) = 10.05
2026-03-15 18:42:16,776 - DEBUG - findfont: score(FontEntry(fname='/usr/share/fonts/truetype/noto/NotoSerifTibetan-Regular.ttf', name='Noto Serif Tibetan', style='normal', variant='normal', weight=400, stretch='normal', size='scalable')) = 10.05
2026-03-15 18:42:16,776 - DEBUG - findfont: score(FontEntry(fname='/usr/share/fonts/truetype/noto/NotoSansCoptic-Regular.ttf', name='Noto Sans Coptic', style='normal', variant='normal', weight=400, stretch='normal', size='scalable')) = 10.05
2026-03-15 18:42:16,776 - DEBUG - findfont: score(FontEntry(fname='/usr/share/fonts/truetype/noto/NotoSansKhojki-Regular.ttf', name='Noto Sans Khojki', style='normal', variant='normal', weight=400, stretch='normal', size='scalable')) = 10.05
2026-03-15 18:42:16,776 - DEBUG - findfont: score(FontEntry(fname='/usr/share/fonts/truetype/droid/DroidSansFallbackFull.ttf', name='Droid Sans Fallback', style='normal', variant='normal', weight=400, stretch='normal', size='scalable')) = 10.05
2026-03-15 18:42:16,776 - DEBUG - findfont: score(FontEntry(fname='/usr/share/fonts/truetype/ubuntu/Ubuntu-Italic[wdth,wght].ttf', name='Ubuntu', style='italic', variant='normal', weight=400, stretch='normal', size='scalable')) = 11.05
2026-03-15 18:42:16,776 - DEBUG - findfont: score(FontEntry(fname='/usr/share/fonts/truetype/noto/NotoSansNewa-Regular.ttf', name='Noto Sans Newa', style='normal', variant='normal', weight=400, stretch='normal', size='scalable')) = 10.05
2026-03-15 18:42:16,776 - DEBUG - findfont: score(FontEntry(fname='/usr/share/fonts/truetype/noto/NotoSansOldNorthArabian-Regular.ttf', name='Noto Sans Old North Arabian', style='normal', variant='normal', weight=400, stretch='normal', size='scalable')) = 10.05
2026-03-15 18:42:16,776 - DEBUG - findfont: score(FontEntry(fname='/usr/share/fonts/opentype/urw-base35/C059-Italic.otf', name='C059', style='italic', variant='normal', weight=400, stretch='normal', size='scalable')) = 11.05
2026-03-15 18:42:16,776 - DEBUG - findfont: score(FontEntry(fname='/usr/share/fonts/truetype/ubuntu/UbuntuSans[wdth,wght].ttf', name='Ubuntu Sans', style='normal', variant='normal', weight=400, stretch='normal', size='scalable')) = 10.05
2026-03-15 18:42:16,776 - DEBUG - findfont: score(FontEntry(fname='/usr/share/fonts/truetype/noto/NotoSansMedefaidrin-Regular.ttf', name='Noto Sans Medefaidrin', style='normal', variant='normal', weight=400, stretch='normal', size='scalable')) = 10.05
2026-03-15 18:42:16,776 - DEBUG - findfont: score(FontEntry(fname='/usr/share/fonts/truetype/noto/NotoSansTaiViet-Regular.ttf', name='Noto Sans Tai Viet', style='normal', variant='normal', weight=400, stretch='normal', size='scalable')) = 10.05
2026-03-15 18:42:16,776 - DEBUG - findfont: score(FontEntry(fname='/usr/share/fonts/truetype/noto/NotoSansLisu-Bold.ttf', name='Noto Sans Lisu', style='normal', variant='normal', weight=700, stretch='normal', size='scalable')) = 10.335
2026-03-15 18:42:16,776 - DEBUG - findfont: score(FontEntry(fname='/usr/share/fonts/truetype/noto/NotoSans-Regular.ttf', name='Noto Sans', style='normal', variant='normal', weight=400, stretch='normal', size='scalable')) = 10.05
2026-03-15 18:42:16,776 - DEBUG - findfont: score(FontEntry(fname='/home/hkds/.fonts/Roboto-Regular.ttf', name='Roboto', style='normal', variant='normal', weight=400, stretch='normal', size='scalable')) = 10.05
2026-03-15 18:42:16,776 - DEBUG - findfont: score(FontEntry(fname='/usr/share/fonts/truetype/dejavu/DejaVuSerif-Bold.ttf', name='DejaVu Serif', style='normal', variant='normal', weight=700, stretch='normal', size='scalable')) = 10.335
2026-03-15 18:42:16,776 - DEBUG - findfont: score(FontEntry(fname='/usr/share/fonts/truetype/noto/NotoSansKhmer-Bold.ttf', name='Noto Sans Khmer', style='normal', variant='normal', weight=700, stretch='normal', size='scalable')) = 10.335
2026-03-15 18:42:16,776 - DEBUG - findfont: score(FontEntry(fname='/usr/share/fonts/truetype/noto/NotoSansVai-Regular.ttf', name='Noto Sans Vai', style='normal', variant='normal', weight=400, stretch='normal', size='scalable')) = 10.05
2026-03-15 18:42:16,776 - DEBUG - findfont: score(FontEntry(fname='/usr/share/fonts/truetype/noto/NotoSerifThai-Regular.ttf', name='Noto Serif Thai', style='normal', variant='normal', weight=400, stretch='normal', size='scalable')) = 10.05
2026-03-15 18:42:16,777 - DEBUG - findfont: score(FontEntry(fname='/usr/share/fonts/truetype/noto/NotoSansCham-Bold.ttf', name='Noto Sans Cham', style='normal', variant='normal', weight=700, stretch='normal', size='scalable')) = 10.335
2026-03-15 18:42:16,777 - DEBUG - findfont: score(FontEntry(fname='/usr/share/fonts/truetype/noto/NotoSerifGujarati-Regular.ttf', name='Noto Serif Gujarati', style='normal', variant='normal', weight=400, stretch='normal', size='scalable')) = 10.05
2026-03-15 18:42:16,777 - DEBUG - findfont: score(FontEntry(fname='/usr/share/fonts/truetype/noto/NotoSansOgham-Regular.ttf', name='Noto Sans Ogham', style='normal', variant='normal', weight=400, stretch='normal', size='scalable')) = 10.05
2026-03-15 18:42:16,777 - DEBUG - findfont: score(FontEntry(fname='/usr/share/fonts/truetype/noto/NotoSansInscriptionalPahlavi-Regular.ttf', name='Noto Sans Inscriptional Pahlavi', style='normal', variant='normal', weight=400, stretch='normal', size='scalable')) = 10.05
2026-03-15 18:42:16,777 - DEBUG - findfont: score(FontEntry(fname='/usr/share/fonts/truetype/noto/NotoSerif-Italic.ttf', name='Noto Serif', style='italic', variant='normal', weight=400, stretch='normal', size='scalable')) = 11.05
2026-03-15 18:42:16,777 - DEBUG - findfont: score(FontEntry(fname='/usr/share/fonts/truetype/noto/NotoSansMyanmar-Bold.ttf', name='Noto Sans Myanmar', style='normal', variant='normal', weight=700, stretch='normal', size='scalable')) = 10.335
2026-03-15 18:42:16,777 - DEBUG - findfont: score(FontEntry(fname='/usr/share/fonts/truetype/noto/NotoSansLimbu-Regular.ttf', name='Noto Sans Limbu', style='normal', variant='normal', weight=400, stretch='normal', size='scalable')) = 10.05
2026-03-15 18:42:16,777 - DEBUG - findfont: score(FontEntry(fname='/usr/share/fonts/truetype/liberation/LiberationMono-Regular.ttf', name='Liberation Mono', style='normal', variant='normal', weight=400, stretch='normal', size='scalable')) = 10.05
2026-03-15 18:42:16,777 - DEBUG - findfont: score(FontEntry(fname='/usr/share/fonts/truetype/liberation/LiberationSans-BoldItalic.ttf', name='Liberation Sans', style='italic', variant='normal', weight=700, stretch='normal', size='scalable')) = 11.335
2026-03-15 18:42:16,777 - DEBUG - findfont: score(FontEntry(fname='/usr/share/fonts/truetype/noto/NotoSerifMalayalam-Bold.ttf', name='Noto Serif Malayalam', style='normal', variant='normal', weight=700, stretch='normal', size='scalable')) = 10.335
2026-03-15 18:42:16,777 - DEBUG - findfont: score(FontEntry(fname='/usr/share/fonts/truetype/noto/NotoSansEthiopic-Bold.ttf', name='Noto Sans Ethiopic', style='normal', variant='normal', weight=700, stretch='normal', size='scalable')) = 10.335
2026-03-15 18:42:16,777 - DEBUG - findfont: score(FontEntry(fname='/usr/share/fonts/truetype/noto/NotoSansHebrew-Bold.ttf', name='Noto Sans Hebrew', style='normal', variant='normal', weight=700, stretch='normal', size='scalable')) = 10.335
2026-03-15 18:42:16,777 - DEBUG - findfont: score(FontEntry(fname='/usr/share/fonts/truetype/noto/NotoSansTifinaghAzawagh-Regular.ttf', name='Noto Sans Tifinagh Azawagh', style='normal', variant='normal', weight=400, stretch='normal', size='scalable')) = 10.05
2026-03-15 18:42:16,777 - DEBUG - findfont: score(FontEntry(fname='/usr/share/fonts/truetype/noto/NotoSansTakri-Regular.ttf', name='Noto Sans Takri', style='normal', variant='normal', weight=400, stretch='normal', size='scalable')) = 10.05
2026-03-15 18:42:16,777 - DEBUG - findfont: score(FontEntry(fname='/usr/share/fonts/truetype/noto/NotoSansOldPersian-Regular.ttf', name='Noto Sans Old Persian', style='normal', variant='normal', weight=400, stretch='normal', size='scalable')) = 10.05
2026-03-15 18:42:16,777 - DEBUG - findfont: score(FontEntry(fname='/usr/share/fonts/truetype/noto/NotoSansBassaVah-Regular.ttf', name='Noto Sans Bassa Vah', style='normal', variant='normal', weight=400, stretch='normal', size='scalable')) = 10.05
2026-03-15 18:42:16,777 - DEBUG - findfont: score(FontEntry(fname='/usr/share/fonts/truetype/noto/NotoSansArmenian-Bold.ttf', name='Noto Sans Armenian', style='normal', variant='normal', weight=700, stretch='normal', size='scalable')) = 10.335
2026-03-15 18:42:16,777 - DEBUG - findfont: score(FontEntry(fname='/usr/share/fonts/truetype/noto/NotoSansOldSogdian-Regular.ttf', name='Noto Sans Old Sogdian', style='normal', variant='normal', weight=400, stretch='normal', size='scalable')) = 10.05
2026-03-15 18:42:16,777 - DEBUG - findfont: score(FontEntry(fname='/usr/share/fonts/truetype/ubuntu/Ubuntu-L.ttf', name='Ubuntu', style='normal', variant='normal', weight=400, stretch='normal', size='scalable')) = 10.05
2026-03-15 18:42:16,777 - DEBUG - findfont: score(FontEntry(fname='/usr/share/fonts/truetype/liberation/LiberationSerif-BoldItalic.ttf', name='Liberation Serif', style='italic', variant='normal', weight=700, stretch='normal', size='scalable')) = 11.335
2026-03-15 18:42:16,777 - DEBUG - findfont: score(FontEntry(fname='/usr/share/fonts/truetype/noto/NotoSansDisplay-Italic.ttf', name='Noto Sans Display', style='italic', variant='normal', weight=400, stretch='normal', size='scalable')) = 11.05
2026-03-15 18:42:16,777 - DEBUG - findfont: score(FontEntry(fname='/usr/share/fonts/truetype/noto/NotoNaskhArabic-Regular.ttf', name='Noto Naskh Arabic', style='normal', variant='normal', weight=400, stretch='normal', size='scalable')) = 10.05
2026-03-15 18:42:16,777 - DEBUG - findfont: score(FontEntry(fname='/usr/share/fonts/truetype/noto/NotoSansPhoenician-Regular.ttf', name='Noto Sans Phoenician', style='normal', variant='normal', weight=400, stretch='normal', size='scalable')) = 10.05
2026-03-15 18:42:16,777 - DEBUG - findfont: score(FontEntry(fname='/usr/share/fonts/truetype/noto/NotoSansWarangCiti-Regular.ttf', name='Noto Sans Warang Citi', style='normal', variant='normal', weight=400, stretch='normal', size='scalable')) = 10.05
2026-03-15 18:42:16,777 - DEBUG - findfont: score(FontEntry(fname='/usr/share/fonts/truetype/dejavu/DejaVuSansMono.ttf', name='DejaVu Sans Mono', style='normal', variant='normal', weight=400, stretch='normal', size='scalable')) = 10.05
2026-03-15 18:42:16,778 - DEBUG - findfont: score(FontEntry(fname='/usr/share/fonts/truetype/noto/NotoSansAdlamUnjoined-Bold.ttf', name='Noto Sans Adlam Unjoined', style='normal', variant='normal', weight=700, stretch='normal', size='scalable')) = 10.335
2026-03-15 18:42:16,778 - DEBUG - findfont: score(FontEntry(fname='/usr/share/fonts/truetype/noto/NotoSansZanabazarSquare-Regular.ttf', name='Noto Sans Zanabazar Square', style='normal', variant='normal', weight=400, stretch='normal', size='scalable')) = 10.05
2026-03-15 18:42:16,778 - DEBUG - findfont: score(FontEntry(fname='/usr/share/fonts/truetype/noto/NotoSansJavanese-Regular.ttf', name='Noto Sans Javanese', style='normal', variant='normal', weight=400, stretch='normal', size='scalable')) = 10.05
2026-03-15 18:42:16,778 - DEBUG - findfont: score(FontEntry(fname='/usr/share/fonts/truetype/noto/NotoSansPsalterPahlavi-Regular.ttf', name='Noto Sans Psalter Pahlavi', style='normal', variant='normal', weight=400, stretch='normal', size='scalable')) = 10.05
2026-03-15 18:42:16,778 - DEBUG - findfont: score(FontEntry(fname='/usr/share/fonts/truetype/noto/NotoSansSiddham-Regular.ttf', name='Noto Sans Siddham', style='normal', variant='normal', weight=400, stretch='normal', size='scalable')) = 10.05
2026-03-15 18:42:16,778 - DEBUG - findfont: score(FontEntry(fname='/usr/share/fonts/opentype/urw-base35/URWBookman-Demi.otf', name='URW Bookman', style='normal', variant='normal', weight=600, stretch='normal', size='scalable')) = 10.24
2026-03-15 18:42:16,778 - DEBUG - findfont: score(FontEntry(fname='/usr/share/fonts/truetype/noto/NotoSerifDisplay-Bold.ttf', name='Noto Serif Display', style='normal', variant='normal', weight=700, stretch='normal', size='scalable')) = 10.335
2026-03-15 18:42:16,778 - DEBUG - findfont: score(FontEntry(fname='/usr/share/fonts/opentype/urw-base35/NimbusRoman-Regular.otf', name='Nimbus Roman', style='normal', variant='normal', weight=400, stretch='normal', size='scalable')) = 10.05
2026-03-15 18:42:16,778 - DEBUG - findfont: score(FontEntry(fname='/usr/share/fonts/truetype/noto/NotoSansMalayalam-Bold.ttf', name='Noto Sans Malayalam', style='normal', variant='normal', weight=700, stretch='normal', size='scalable')) = 10.335
2026-03-15 18:42:16,778 - DEBUG - findfont: score(FontEntry(fname='/usr/share/fonts/truetype/noto/NotoLoopedThai-Regular.ttf', name='Noto Looped Thai', style='normal', variant='normal', weight=400, stretch='normal', size='scalable')) = 10.05
2026-03-15 18:42:16,778 - DEBUG - findfont: score(FontEntry(fname='/usr/share/fonts/truetype/noto/NotoSansBatak-Regular.ttf', name='Noto Sans Batak', style='normal', variant='normal', weight=400, stretch='normal', size='scalable')) = 10.05
2026-03-15 18:42:16,778 - DEBUG - findfont: score(FontEntry(fname='/usr/share/fonts/truetype/noto/NotoSansPauCinHau-Regular.ttf', name='Noto Sans Pau Cin Hau', style='normal', variant='normal', weight=400, stretch='normal', size='scalable')) = 10.05
2026-03-15 18:42:16,778 - DEBUG - findfont: score(FontEntry(fname='/usr/share/fonts/opentype/urw-base35/URWGothic-DemiOblique.otf', name='URW Gothic', style='oblique', variant='normal', weight=600, stretch='normal', size='scalable')) = 11.24
2026-03-15 18:42:16,778 - DEBUG - findfont: score(FontEntry(fname='/usr/share/fonts/truetype/noto/NotoSerifKhojki-Regular.ttf', name='Noto Serif Khojki', style='normal', variant='normal', weight=400, stretch='normal', size='scalable')) = 10.05
2026-03-15 18:42:16,778 - DEBUG - findfont: score(FontEntry(fname='/usr/share/fonts/truetype/noto/NotoSansTagbanwa-Regular.ttf', name='Noto Sans Tagbanwa', style='normal', variant='normal', weight=400, stretch='normal', size='scalable')) = 10.05
2026-03-15 18:42:16,778 - DEBUG - findfont: score(FontEntry(fname='/usr/share/fonts/truetype/noto/NotoSansGeorgian-Bold.ttf', name='Noto Sans Georgian', style='normal', variant='normal', weight=700, stretch='normal', size='scalable')) = 10.335
2026-03-15 18:42:16,778 - DEBUG - findfont: score(FontEntry(fname='/usr/share/fonts/truetype/noto/NotoSansRunic-Regular.ttf', name='Noto Sans Runic', style='normal', variant='normal', weight=400, stretch='normal', size='scalable')) = 10.05
2026-03-15 18:42:16,778 - DEBUG - findfont: score(FontEntry(fname='/usr/share/fonts/truetype/noto/NotoSansGurmukhi-Regular.ttf', name='Noto Sans Gurmukhi', style='normal', variant='normal', weight=400, stretch='normal', size='scalable')) = 10.05
2026-03-15 18:42:16,778 - DEBUG - findfont: score(FontEntry(fname='/usr/share/fonts/truetype/noto/NotoSansSoraSompeng-Regular.ttf', name='Noto Sans Sora Sompeng', style='normal', variant='normal', weight=400, stretch='normal', size='scalable')) = 10.05
2026-03-15 18:42:16,778 - DEBUG - findfont: score(FontEntry(fname='/usr/share/fonts/truetype/noto/NotoSerifBalinese-Regular.ttf', name='Noto Serif Balinese', style='normal', variant='normal', weight=400, stretch='normal', size='scalable')) = 10.05
2026-03-15 18:42:16,778 - DEBUG - findfont: score(FontEntry(fname='/usr/share/fonts/truetype/noto/NotoSerifTamilSlanted-Regular.ttf', name='Noto Serif Tamil Slanted', style='normal', variant='normal', weight=400, stretch='normal', size='scalable')) = 10.05
2026-03-15 18:42:16,778 - DEBUG - findfont: score(FontEntry(fname='/usr/share/fonts/truetype/dejavu/DejaVuSansMono-Oblique.ttf', name='DejaVu Sans Mono', style='oblique', variant='normal', weight=400, stretch='normal', size='scalable')) = 11.05
2026-03-15 18:42:16,778 - DEBUG - findfont: score(FontEntry(fname='/usr/share/fonts/truetype/noto/NotoSansYi-Regular.ttf', name='Noto Sans Yi', style='normal', variant='normal', weight=400, stretch='normal', size='scalable')) = 10.05
2026-03-15 18:42:16,778 - DEBUG - findfont: score(FontEntry(fname='/usr/share/fonts/opentype/urw-base35/NimbusSansNarrow-Regular.otf', name='Nimbus Sans Narrow', style='normal', variant='normal', weight=400, stretch='condensed', size='scalable')) = 10.25
2026-03-15 18:42:16,778 - DEBUG - findfont: score(FontEntry(fname='/usr/share/fonts/truetype/ubuntu/UbuntuMono-R.ttf', name='Ubuntu Mono', style='normal', variant='normal', weight=400, stretch='normal', size='scalable')) = 10.05
2026-03-15 18:42:16,778 - DEBUG - findfont: score(FontEntry(fname='/usr/share/fonts/truetype/noto/NotoSansBrahmi-Regular.ttf', name='Noto Sans Brahmi', style='normal', variant='normal', weight=400, stretch='normal', size='scalable')) = 10.05
2026-03-15 18:42:16,778 - DEBUG - findfont: score(FontEntry(fname='/usr/share/fonts/truetype/noto/NotoSansOsage-Regular.ttf', name='Noto Sans Osage', style='normal', variant='normal', weight=400, stretch='normal', size='scalable')) = 10.05
2026-03-15 18:42:16,779 - DEBUG - findfont: score(FontEntry(fname='/usr/share/fonts/truetype/noto/NotoSansTamil-Bold.ttf', name='Noto Sans Tamil', style='normal', variant='normal', weight=700, stretch='normal', size='scalable')) = 10.335
2026-03-15 18:42:16,779 - DEBUG - findfont: score(FontEntry(fname='/usr/share/fonts/truetype/noto/NotoSansArmenian-Regular.ttf', name='Noto Sans Armenian', style='normal', variant='normal', weight=400, stretch='normal', size='scalable')) = 10.05
2026-03-15 18:42:16,779 - DEBUG - findfont: score(FontEntry(fname='/usr/share/fonts/opentype/urw-base35/URWBookman-Light.otf', name='URW Bookman', style='normal', variant='normal', weight=300, stretch='normal', size='scalable')) = 10.145
2026-03-15 18:42:16,779 - DEBUG - findfont: score(FontEntry(fname='/usr/share/fonts/truetype/noto/NotoSansMandaic-Regular.ttf', name='Noto Sans Mandaic', style='normal', variant='normal', weight=400, stretch='normal', size='scalable')) = 10.05
2026-03-15 18:42:16,779 - DEBUG - findfont: score(FontEntry(fname='/usr/share/fonts/truetype/noto/NotoSansCarian-Regular.ttf', name='Noto Sans Carian', style='normal', variant='normal', weight=400, stretch='normal', size='scalable')) = 10.05
2026-03-15 18:42:16,779 - DEBUG - findfont: score(FontEntry(fname='/usr/share/fonts/truetype/noto/NotoSansMono-Bold.ttf', name='Noto Sans Mono', style='normal', variant='normal', weight=700, stretch='normal', size='scalable')) = 10.335
2026-03-15 18:42:16,779 - DEBUG - findfont: score(FontEntry(fname='/usr/share/fonts/truetype/noto/NotoSansCherokee-Regular.ttf', name='Noto Sans Cherokee', style='normal', variant='normal', weight=400, stretch='normal', size='scalable')) = 10.05
2026-03-15 18:42:16,779 - DEBUG - findfont: score(FontEntry(fname='/usr/share/fonts/truetype/noto/NotoSansOlChiki-Bold.ttf', name='Noto Sans Ol Chiki', style='normal', variant='normal', weight=700, stretch='normal', size='scalable')) = 10.335
2026-03-15 18:42:16,779 - DEBUG - findfont: score(FontEntry(fname='/usr/share/fonts/truetype/noto/NotoSansHanifiRohingya-Regular.ttf', name='Noto Sans Hanifi Rohingya', style='normal', variant='normal', weight=400, stretch='normal', size='scalable')) = 10.05
2026-03-15 18:42:16,779 - DEBUG - findfont: score(FontEntry(fname='/usr/share/fonts/truetype/noto/NotoSansHanunoo-Regular.ttf', name='Noto Sans Hanunoo', style='normal', variant='normal', weight=400, stretch='normal', size='scalable')) = 10.05
2026-03-15 18:42:16,779 - DEBUG - findfont: score(FontEntry(fname='/usr/share/fonts/truetype/liberation/LiberationSansNarrow-Bold.ttf', name='Liberation Sans Narrow', style='normal', variant='normal', weight=700, stretch='condensed', size='scalable')) = 10.535
2026-03-15 18:42:16,779 - DEBUG - findfont: score(FontEntry(fname='/usr/share/fonts/truetype/noto/NotoSans-Italic.ttf', name='Noto Sans', style='italic', variant='normal', weight=400, stretch='normal', size='scalable')) = 11.05
2026-03-15 18:42:16,779 - DEBUG - findfont: score(FontEntry(fname='/usr/share/fonts/truetype/noto/NotoSansThaana-Bold.ttf', name='Noto Sans Thaana', style='normal', variant='normal', weight=700, stretch='normal', size='scalable')) = 10.335
2026-03-15 18:42:16,779 - DEBUG - findfont: score(FontEntry(fname='/usr/share/fonts/truetype/noto/NotoSansPalmyrene-Regular.ttf', name='Noto Sans Palmyrene', style='normal', variant='normal', weight=400, stretch='normal', size='scalable')) = 10.05
2026-03-15 18:42:16,779 - DEBUG - findfont: score(FontEntry(fname='/usr/share/fonts/opentype/urw-base35/NimbusSansNarrow-BoldOblique.otf', name='Nimbus Sans Narrow', style='oblique', variant='normal', weight=700, stretch='condensed', size='scalable')) = 11.535
2026-03-15 18:42:16,779 - DEBUG - findfont: score(FontEntry(fname='/usr/share/fonts/truetype/noto/NotoSerifSinhala-Regular.ttf', name='Noto Serif Sinhala', style='normal', variant='normal', weight=400, stretch='normal', size='scalable')) = 10.05
2026-03-15 18:42:16,779 - DEBUG - findfont: score(FontEntry(fname='/usr/share/fonts/truetype/noto/NotoSansNushu-Regular.ttf', name='Noto Sans Nushu', style='normal', variant='normal', weight=400, stretch='normal', size='scalable')) = 10.05
2026-03-15 18:42:16,779 - DEBUG - findfont: score(FontEntry(fname='/usr/share/fonts/truetype/noto/NotoSerifArmenian-Regular.ttf', name='Noto Serif Armenian', style='normal', variant='normal', weight=400, stretch='normal', size='scalable')) = 10.05
2026-03-15 18:42:16,779 - DEBUG - findfont: score(FontEntry(fname='/usr/share/fonts/truetype/noto/NotoSansBengali-Bold.ttf', name='Noto Sans Bengali', style='normal', variant='normal', weight=700, stretch='normal', size='scalable')) = 10.335
2026-03-15 18:42:16,779 - DEBUG - findfont: score(FontEntry(fname='/usr/share/fonts/truetype/noto/NotoSerifDevanagari-Bold.ttf', name='Noto Serif Devanagari', style='normal', variant='normal', weight=700, stretch='normal', size='scalable')) = 10.335
2026-03-15 18:42:16,779 - DEBUG - findfont: score(FontEntry(fname='/usr/share/fonts/truetype/ubuntu/UbuntuMono[wght].ttf', name='Ubuntu Mono', style='normal', variant='normal', weight=400, stretch='normal', size='scalable')) = 10.05
2026-03-15 18:42:16,779 - DEBUG - findfont: score(FontEntry(fname='/usr/share/fonts/truetype/noto/NotoSansPahawhHmong-Regular.ttf', name='Noto Sans Pahawh Hmong', style='normal', variant='normal', weight=400, stretch='normal', size='scalable')) = 10.05
2026-03-15 18:42:16,779 - DEBUG - findfont: score(FontEntry(fname='/usr/share/fonts/truetype/noto/NotoSansAdlam-Regular.ttf', name='Noto Sans Adlam', style='normal', variant='normal', weight=400, stretch='normal', size='scalable')) = 10.05
2026-03-15 18:42:16,779 - DEBUG - findfont: score(FontEntry(fname='/usr/share/fonts/truetype/ubuntu/UbuntuMono-B.ttf', name='Ubuntu Mono', style='normal', variant='normal', weight=400, stretch='normal', size='scalable')) = 10.05
2026-03-15 18:42:16,779 - DEBUG - findfont: score(FontEntry(fname='/usr/share/fonts/truetype/noto/NotoSansCham-Regular.ttf', name='Noto Sans Cham', style='normal', variant='normal', weight=400, stretch='normal', size='scalable')) = 10.05
2026-03-15 18:42:16,779 - DEBUG - findfont: score(FontEntry(fname='/usr/share/fonts/opentype/urw-base35/D050000L.otf', name='D050000L', style='normal', variant='normal', weight=400, stretch='normal', size='scalable')) = 10.05
2026-03-15 18:42:16,780 - DEBUG - findfont: score(FontEntry(fname='/usr/share/fonts/truetype/noto/NotoSansCanadianAboriginal-Regular.ttf', name='Noto Sans Canadian Aboriginal', style='normal', variant='normal', weight=400, stretch='normal', size='scalable')) = 10.05
2026-03-15 18:42:16,780 - DEBUG - findfont: score(FontEntry(fname='/usr/share/fonts/truetype/ubuntu/Ubuntu-Th.ttf', name='Ubuntu', style='normal', variant='normal', weight=400, stretch='normal', size='scalable')) = 10.05
2026-03-15 18:42:16,780 - DEBUG - findfont: score(FontEntry(fname='/usr/share/fonts/opentype/urw-base35/URWGothic-BookOblique.otf', name='URW Gothic', style='oblique', variant='normal', weight=400, stretch='normal', size='scalable')) = 11.05
2026-03-15 18:42:16,780 - DEBUG - findfont: score(FontEntry(fname='/usr/share/fonts/opentype/urw-base35/NimbusSansNarrow-Bold.otf', name='Nimbus Sans Narrow', style='normal', variant='normal', weight=700, stretch='condensed', size='scalable')) = 10.535
2026-03-15 18:42:16,780 - DEBUG - findfont: score(FontEntry(fname='/usr/share/fonts/truetype/noto/NotoSansOriya-Regular.ttf', name='Noto Sans Oriya', style='normal', variant='normal', weight=400, stretch='normal', size='scalable')) = 10.05
2026-03-15 18:42:16,780 - DEBUG - findfont: score(FontEntry(fname='/usr/share/fonts/truetype/noto/NotoSansTelugu-Regular.ttf', name='Noto Sans Telugu', style='normal', variant='normal', weight=400, stretch='normal', size='scalable')) = 10.05
2026-03-15 18:42:16,780 - DEBUG - findfont: score(FontEntry(fname='/usr/share/fonts/truetype/noto/NotoSerifTangut-Regular.ttf', name='Noto Serif Tangut', style='normal', variant='normal', weight=400, stretch='normal', size='scalable')) = 10.05
2026-03-15 18:42:16,780 - DEBUG - findfont: score(FontEntry(fname='/usr/share/fonts/truetype/noto/NotoSerifDogra-Regular.ttf', name='Noto Serif Dogra', style='normal', variant='normal', weight=400, stretch='normal', size='scalable')) = 10.05
2026-03-15 18:42:16,780 - DEBUG - findfont: score(FontEntry(fname='/usr/share/fonts/truetype/ubuntu/UbuntuMono-Italic[wght].ttf', name='Ubuntu Mono', style='italic', variant='normal', weight=400, stretch='normal', size='scalable')) = 11.05
2026-03-15 18:42:16,780 - DEBUG - findfont: score(FontEntry(fname='/usr/share/fonts/truetype/noto/NotoSansTifinaghAdrar-Regular.ttf', name='Noto Sans Tifinagh Adrar', style='normal', variant='normal', weight=400, stretch='normal', size='scalable')) = 10.05
2026-03-15 18:42:16,780 - DEBUG - findfont: score(FontEntry(fname='/usr/share/fonts/truetype/noto/NotoSansGunjalaGondi-Regular.ttf', name='Noto Sans Gunjala Gondi', style='normal', variant='normal', weight=400, stretch='normal', size='scalable')) = 10.05
2026-03-15 18:42:16,780 - DEBUG - findfont: score(FontEntry(fname='/usr/share/fonts/opentype/urw-base35/URWGothic-Demi.otf', name='URW Gothic', style='normal', variant='normal', weight=600, stretch='normal', size='scalable')) = 10.24
2026-03-15 18:42:16,780 - DEBUG - findfont: score(FontEntry(fname='/usr/share/fonts/truetype/noto/NotoSerifEthiopic-Bold.ttf', name='Noto Serif Ethiopic', style='normal', variant='normal', weight=700, stretch='normal', size='scalable')) = 10.335
2026-03-15 18:42:16,780 - DEBUG - findfont: score(FontEntry(fname='/usr/share/fonts/truetype/noto/NotoSansTifinaghTawellemmet-Regular.ttf', name='Noto Sans Tifinagh Tawellemmet', style='normal', variant='normal', weight=400, stretch='normal', size='scalable')) = 10.05
2026-03-15 18:42:16,780 - DEBUG - findfont: score(FontEntry(fname='/usr/share/fonts/truetype/noto/NotoSansTagalog-Regular.ttf', name='Noto Sans Tagalog', style='normal', variant='normal', weight=400, stretch='normal', size='scalable')) = 10.05
2026-03-15 18:42:16,780 - DEBUG - findfont: score(FontEntry(fname='/usr/share/fonts/truetype/noto/NotoSansKharoshthi-Regular.ttf', name='Noto Sans Kharoshthi', style='normal', variant='normal', weight=400, stretch='normal', size='scalable')) = 10.05
2026-03-15 18:42:16,780 - DEBUG - findfont: score(FontEntry(fname='/usr/share/fonts/truetype/noto/NotoSansCanadianAboriginal-Bold.ttf', name='Noto Sans Canadian Aboriginal', style='normal', variant='normal', weight=700, stretch='normal', size='scalable')) = 10.335
2026-03-15 18:42:16,780 - DEBUG - findfont: score(FontEntry(fname='/usr/share/fonts/truetype/noto/NotoSerifThai-Bold.ttf', name='Noto Serif Thai', style='normal', variant='normal', weight=700, stretch='normal', size='scalable')) = 10.335
2026-03-15 18:42:16,780 - DEBUG - findfont: score(FontEntry(fname='/usr/share/fonts/truetype/noto/NotoNastaliqUrdu-Regular.ttf', name='Noto Nastaliq Urdu', style='normal', variant='normal', weight=400, stretch='normal', size='scalable')) = 10.05
2026-03-15 18:42:16,780 - DEBUG - findfont: score(FontEntry(fname='/usr/share/fonts/opentype/urw-base35/P052-BoldItalic.otf', name='P052', style='italic', variant='normal', weight=700, stretch='normal', size='scalable')) = 11.335
2026-03-15 18:42:16,780 - DEBUG - findfont: score(FontEntry(fname='/usr/share/fonts/truetype/noto/NotoSerifAhom-Regular.ttf', name='Noto Serif Ahom', style='normal', variant='normal', weight=400, stretch='normal', size='scalable')) = 10.05
2026-03-15 18:42:16,780 - DEBUG - findfont: score(FontEntry(fname='/usr/share/fonts/truetype/noto/NotoSansOldSouthArabian-Regular.ttf', name='Noto Sans Old South Arabian', style='normal', variant='normal', weight=400, stretch='normal', size='scalable')) = 10.05
2026-03-15 18:42:16,780 - DEBUG - findfont: score(FontEntry(fname='/usr/share/fonts/truetype/noto/NotoSerifBengali-Regular.ttf', name='Noto Serif Bengali', style='normal', variant='normal', weight=400, stretch='normal', size='scalable')) = 10.05
2026-03-15 18:42:16,780 - DEBUG - findfont: score(FontEntry(fname='/usr/share/fonts/truetype/noto/NotoSansThaana-Regular.ttf', name='Noto Sans Thaana', style='normal', variant='normal', weight=400, stretch='normal', size='scalable')) = 10.05
2026-03-15 18:42:16,780 - DEBUG - findfont: score(FontEntry(fname='/usr/share/fonts/truetype/noto/NotoTraditionalNushu-Regular.ttf', name='Noto Traditional Nushu', style='normal', variant='normal', weight=400, stretch='normal', size='scalable')) = 10.05
2026-03-15 18:42:16,780 - DEBUG - findfont: score(FontEntry(fname='/usr/share/fonts/opentype/noto/NotoSansCJK-Regular.ttc', name='Noto Sans CJK JP', style='normal', variant='normal', weight=400, stretch='normal', size='scalable')) = 10.05
2026-03-15 18:42:16,781 - DEBUG - findfont: score(FontEntry(fname='/usr/share/fonts/truetype/noto/NotoSansThai-Bold.ttf', name='Noto Sans Thai', style='normal', variant='normal', weight=700, stretch='normal', size='scalable')) = 10.335
2026-03-15 18:42:16,781 - DEBUG - findfont: score(FontEntry(fname='/usr/share/fonts/truetype/noto/NotoSerifEthiopic-Regular.ttf', name='Noto Serif Ethiopic', style='normal', variant='normal', weight=400, stretch='normal', size='scalable')) = 10.05
2026-03-15 18:42:16,781 - DEBUG - findfont: score(FontEntry(fname='/usr/share/fonts/opentype/urw-base35/URWGothic-Book.otf', name='URW Gothic', style='normal', variant='normal', weight=400, stretch='normal', size='scalable')) = 10.05
2026-03-15 18:42:16,781 - DEBUG - findfont: score(FontEntry(fname='/usr/share/fonts/truetype/noto/NotoSansSylotiNagri-Regular.ttf', name='Noto Sans Syloti Nagri', style='normal', variant='normal', weight=400, stretch='normal', size='scalable')) = 10.05
2026-03-15 18:42:16,781 - DEBUG - findfont: score(FontEntry(fname='/usr/share/fonts/truetype/noto/NotoSerifMalayalam-Regular.ttf', name='Noto Serif Malayalam', style='normal', variant='normal', weight=400, stretch='normal', size='scalable')) = 10.05
2026-03-15 18:42:16,781 - DEBUG - findfont: score(FontEntry(fname='/usr/share/fonts/truetype/noto/NotoSansKayahLi-Bold.ttf', name='Noto Sans Kayah Li', style='normal', variant='normal', weight=700, stretch='normal', size='scalable')) = 10.335
2026-03-15 18:42:16,781 - DEBUG - findfont: score(FontEntry(fname='/usr/share/fonts/truetype/noto/NotoSansLinearB-Regular.ttf', name='Noto Sans Linear B', style='normal', variant='normal', weight=400, stretch='normal', size='scalable')) = 10.05
2026-03-15 18:42:16,781 - DEBUG - findfont: score(FontEntry(fname='/usr/share/fonts/truetype/noto/NotoSansHatran-Regular.ttf', name='Noto Sans Hatran', style='normal', variant='normal', weight=400, stretch='normal', size='scalable')) = 10.05
2026-03-15 18:42:16,781 - DEBUG - findfont: score(FontEntry(fname='/usr/share/fonts/truetype/noto/NotoSerifDevanagari-Regular.ttf', name='Noto Serif Devanagari', style='normal', variant='normal', weight=400, stretch='normal', size='scalable')) = 10.05
2026-03-15 18:42:16,781 - DEBUG - findfont: score(FontEntry(fname='/usr/share/fonts/truetype/noto/NotoSansElymaic-Regular.ttf', name='Noto Sans Elymaic', style='normal', variant='normal', weight=400, stretch='normal', size='scalable')) = 10.05
2026-03-15 18:42:16,781 - DEBUG - findfont: score(FontEntry(fname='/usr/share/fonts/truetype/noto/NotoSans-Bold.ttf', name='Noto Sans', style='normal', variant='normal', weight=700, stretch='normal', size='scalable')) = 10.335
2026-03-15 18:42:16,781 - DEBUG - findfont: score(FontEntry(fname='/usr/share/fonts/truetype/noto/NotoSansTifinaghHawad-Regular.ttf', name='Noto Sans Tifinagh Hawad', style='normal', variant='normal', weight=400, stretch='normal', size='scalable')) = 10.05
2026-03-15 18:42:16,781 - DEBUG - findfont: score(FontEntry(fname='/usr/share/fonts/truetype/noto/NotoSansBuhid-Regular.ttf', name='Noto Sans Buhid', style='normal', variant='normal', weight=400, stretch='normal', size='scalable')) = 10.05
2026-03-15 18:42:16,781 - DEBUG - findfont: score(FontEntry(fname='/usr/share/fonts/truetype/noto/NotoSansEgyptianHieroglyphs-Regular.ttf', name='Noto Sans Egyptian Hieroglyphs', style='normal', variant='normal', weight=400, stretch='normal', size='scalable')) = 10.05
2026-03-15 18:42:16,781 - DEBUG - findfont: score(FontEntry(fname='/usr/share/fonts/truetype/noto/NotoSansOldHungarian-Regular.ttf', name='Noto Sans Old Hungarian', style='normal', variant='normal', weight=400, stretch='normal', size='scalable')) = 10.05
2026-03-15 18:42:16,781 - DEBUG - findfont: score(FontEntry(fname='/usr/share/fonts/truetype/noto/NotoSerifTelugu-Bold.ttf', name='Noto Serif Telugu', style='normal', variant='normal', weight=700, stretch='normal', size='scalable')) = 10.335
2026-03-15 18:42:16,781 - DEBUG - findfont: score(FontEntry(fname='/usr/share/fonts/truetype/noto/NotoSans-BoldItalic.ttf', name='Noto Sans', style='italic', variant='normal', weight=700, stretch='normal', size='scalable')) = 11.335
2026-03-15 18:42:16,781 - DEBUG - findfont: score(FontEntry(fname='/usr/share/fonts/truetype/noto/NotoSansTaiLe-Regular.ttf', name='Noto Sans Tai Le', style='normal', variant='normal', weight=400, stretch='normal', size='scalable')) = 10.05
2026-03-15 18:42:16,781 - DEBUG - findfont: score(FontEntry(fname='/usr/share/fonts/truetype/noto/NotoSansSoyombo-Regular.ttf', name='Noto Sans Soyombo', style='normal', variant='normal', weight=400, stretch='normal', size='scalable')) = 10.05
2026-03-15 18:42:16,781 - DEBUG - findfont: score(FontEntry(fname='/usr/share/fonts/truetype/dejavu/DejaVuSansMono-Bold.ttf', name='DejaVu Sans Mono', style='normal', variant='normal', weight=700, stretch='normal', size='scalable')) = 10.335
2026-03-15 18:42:16,781 - DEBUG - findfont: score(FontEntry(fname='/usr/share/fonts/truetype/noto/NotoLoopedLao-Regular.ttf', name='Noto Looped Lao', style='normal', variant='normal', weight=400, stretch='normal', size='scalable')) = 10.05
2026-03-15 18:42:16,781 - DEBUG - findfont: score(FontEntry(fname='/usr/share/fonts/truetype/noto/NotoSansMath-Regular.ttf', name='Noto Sans Math', style='normal', variant='normal', weight=400, stretch='normal', size='scalable')) = 10.05
2026-03-15 18:42:16,781 - DEBUG - findfont: score(FontEntry(fname='/usr/share/fonts/truetype/noto/NotoSerifMyanmar-Bold.ttf', name='Noto Serif Myanmar', style='normal', variant='normal', weight=400, stretch='normal', size='scalable')) = 10.05
2026-03-15 18:42:16,781 - DEBUG - findfont: score(FontEntry(fname='/usr/share/fonts/truetype/noto/NotoSerifGurmukhi-Bold.ttf', name='Noto Serif Gurmukhi', style='normal', variant='normal', weight=700, stretch='normal', size='scalable')) = 10.335
2026-03-15 18:42:16,781 - DEBUG - findfont: score(FontEntry(fname='/usr/share/fonts/opentype/urw-base35/C059-Roman.otf', name='C059', style='normal', variant='normal', weight=400, stretch='normal', size='scalable')) = 10.05
2026-03-15 18:42:16,781 - DEBUG - findfont: score(FontEntry(fname='/usr/share/fonts/truetype/noto/NotoSerifLao-Bold.ttf', name='Noto Serif Lao', style='normal', variant='normal', weight=700, stretch='normal', size='scalable')) = 10.335
2026-03-15 18:42:16,782 - DEBUG - findfont: score(FontEntry(fname='/usr/share/fonts/truetype/noto/NotoSansManichaean-Regular.ttf', name='Noto Sans Manichaean', style='normal', variant='normal', weight=400, stretch='normal', size='scalable')) = 10.05
2026-03-15 18:42:16,782 - DEBUG - findfont: score(FontEntry(fname='/usr/share/fonts/truetype/noto/NotoSansOldPermic-Regular.ttf', name='Noto Sans Old Permic', style='normal', variant='normal', weight=400, stretch='normal', size='scalable')) = 10.05
2026-03-15 18:42:16,782 - DEBUG - findfont: score(FontEntry(fname='/usr/share/fonts/truetype/noto/NotoSansGlagolitic-Regular.ttf', name='Noto Sans Glagolitic', style='normal', variant='normal', weight=400, stretch='normal', size='scalable')) = 10.05
2026-03-15 18:42:16,782 - DEBUG - findfont: score(FontEntry(fname='/usr/share/fonts/truetype/noto/NotoSansTifinaghAhaggar-Regular.ttf', name='Noto Sans Tifinagh Ahaggar', style='normal', variant='normal', weight=400, stretch='normal', size='scalable')) = 10.05
2026-03-15 18:42:16,782 - DEBUG - findfont: score(FontEntry(fname='/usr/share/fonts/truetype/noto/NotoSerif-BoldItalic.ttf', name='Noto Serif', style='italic', variant='normal', weight=700, stretch='normal', size='scalable')) = 11.335
2026-03-15 18:42:16,782 - DEBUG - findfont: score(FontEntry(fname='/usr/share/fonts/truetype/ubuntu/UbuntuSansMono[wght].ttf', name='Ubuntu Sans Mono', style='normal', variant='normal', weight=400, stretch='normal', size='scalable')) = 10.05
2026-03-15 18:42:16,782 - DEBUG - findfont: score(FontEntry(fname='/usr/share/fonts/truetype/noto/NotoSansMahajani-Regular.ttf', name='Noto Sans Mahajani', style='normal', variant='normal', weight=400, stretch='normal', size='scalable')) = 10.05
2026-03-15 18:42:16,782 - DEBUG - findfont: score(FontEntry(fname='/usr/share/fonts/opentype/urw-base35/P052-Roman.otf', name='P052', style='normal', variant='normal', weight=400, stretch='normal', size='scalable')) = 10.05
2026-03-15 18:42:16,782 - DEBUG - findfont: score(FontEntry(fname='/usr/share/fonts/truetype/noto/NotoSansNKo-Regular.ttf', name='Noto Sans NKo', style='normal', variant='normal', weight=400, stretch='normal', size='scalable')) = 10.05
2026-03-15 18:42:16,782 - DEBUG - findfont: score(FontEntry(fname='/usr/share/fonts/truetype/noto/NotoRashiHebrew-Bold.ttf', name='Noto Rashi Hebrew', style='normal', variant='normal', weight=700, stretch='normal', size='scalable')) = 10.335
2026-03-15 18:42:16,782 - DEBUG - findfont: score(FontEntry(fname='/usr/share/fonts/truetype/noto/NotoSansArabic-Regular.ttf', name='Noto Sans Arabic', style='normal', variant='normal', weight=400, stretch='normal', size='scalable')) = 10.05
2026-03-15 18:42:16,782 - DEBUG - findfont: score(FontEntry(fname='/usr/share/fonts/truetype/noto/NotoSansAvestan-Regular.ttf', name='Noto Sans Avestan', style='normal', variant='normal', weight=400, stretch='normal', size='scalable')) = 10.05
2026-03-15 18:42:16,782 - DEBUG - findfont: score(FontEntry(fname='/usr/share/fonts/truetype/noto/NotoSerifTibetan-Bold.ttf', name='Noto Serif Tibetan', style='normal', variant='normal', weight=700, stretch='normal', size='scalable')) = 10.335
2026-03-15 18:42:16,782 - DEBUG - findfont: score(FontEntry(fname='/usr/share/fonts/truetype/noto/NotoSansDisplay-BoldItalic.ttf', name='Noto Sans Display', style='italic', variant='normal', weight=700, stretch='normal', size='scalable')) = 11.335
2026-03-15 18:42:16,782 - DEBUG - findfont: score(FontEntry(fname='/usr/share/fonts/truetype/noto/NotoSansSymbols2-Regular.ttf', name='Noto Sans Symbols2', style='normal', variant='normal', weight=400, stretch='normal', size='scalable')) = 10.05
2026-03-15 18:42:16,782 - DEBUG - findfont: score(FontEntry(fname='/usr/share/fonts/truetype/noto/NotoSansGrantha-Regular.ttf', name='Noto Sans Grantha', style='normal', variant='normal', weight=400, stretch='normal', size='scalable')) = 10.05
2026-03-15 18:42:16,782 - DEBUG - findfont: score(FontEntry(fname='/usr/share/fonts/opentype/urw-base35/C059-BdIta.otf', name='C059', style='italic', variant='normal', weight=700, stretch='normal', size='scalable')) = 11.335
2026-03-15 18:42:16,782 - DEBUG - findfont: score(FontEntry(fname='/usr/share/fonts/truetype/noto/NotoSansMasaramGondi-Regular.ttf', name='Noto Sans Masaram Gondi', style='normal', variant='normal', weight=400, stretch='normal', size='scalable')) = 10.05
2026-03-15 18:42:16,782 - DEBUG - findfont: score(FontEntry(fname='/usr/share/fonts/truetype/noto/NotoMusic-Regular.ttf', name='Noto Music', style='normal', variant='normal', weight=400, stretch='normal', size='scalable')) = 10.05
2026-03-15 18:42:16,782 - DEBUG - findfont: score(FontEntry(fname='/usr/share/fonts/truetype/dejavu/DejaVuSans.ttf', name='DejaVu Sans', style='normal', variant='normal', weight=400, stretch='normal', size='scalable')) = 0.05
2026-03-15 18:42:16,782 - DEBUG - findfont: score(FontEntry(fname='/usr/share/fonts/truetype/noto/NotoSansGeorgian-Regular.ttf', name='Noto Sans Georgian', style='normal', variant='normal', weight=400, stretch='normal', size='scalable')) = 10.05
2026-03-15 18:42:16,782 - DEBUG - findfont: score(FontEntry(fname='/usr/share/fonts/truetype/ubuntu/Ubuntu-B.ttf', name='Ubuntu', style='normal', variant='normal', weight=400, stretch='normal', size='scalable')) = 10.05
2026-03-15 18:42:16,782 - DEBUG - findfont: score(FontEntry(fname='/usr/share/fonts/truetype/noto/NotoSansLycian-Regular.ttf', name='Noto Sans Lycian', style='normal', variant='normal', weight=400, stretch='normal', size='scalable')) = 10.05
2026-03-15 18:42:16,782 - DEBUG - findfont: score(FontEntry(fname='/usr/share/fonts/opentype/urw-base35/NimbusMonoPS-BoldItalic.otf', name='Nimbus Mono PS', style='italic', variant='normal', weight=700, stretch='normal', size='scalable')) = 11.335
2026-03-15 18:42:16,782 - DEBUG - findfont: score(FontEntry(fname='/usr/share/fonts/truetype/liberation/LiberationSansNarrow-BoldItalic.ttf', name='Liberation Sans Narrow', style='italic', variant='normal', weight=700, stretch='condensed', size='scalable')) = 11.535
2026-03-15 18:42:16,782 - DEBUG - findfont: score(FontEntry(fname='/usr/share/fonts/truetype/noto/NotoSansAdlamUnjoined-Regular.ttf', name='Noto Sans Adlam Unjoined', style='normal', variant='normal', weight=400, stretch='normal', size='scalable')) = 10.05
2026-03-15 18:42:16,783 - DEBUG - findfont: score(FontEntry(fname='/usr/share/fonts/truetype/noto/NotoSerifDisplay-Italic.ttf', name='Noto Serif Display', style='italic', variant='normal', weight=400, stretch='normal', size='scalable')) = 11.05
2026-03-15 18:42:16,783 - DEBUG - findfont: score(FontEntry(fname='/usr/share/fonts/truetype/noto/NotoSansSyriac-Regular.ttf', name='Noto Sans Syriac', style='normal', variant='normal', weight=400, stretch='normal', size='scalable')) = 10.05
2026-03-15 18:42:16,783 - DEBUG - findfont: score(FontEntry(fname='/usr/share/fonts/truetype/noto/NotoSansAnatolianHieroglyphs-Regular.ttf', name='Noto Sans Anatolian Hieroglyphs', style='normal', variant='normal', weight=400, stretch='normal', size='scalable')) = 10.05
2026-03-15 18:42:16,783 - DEBUG - findfont: score(FontEntry(fname='/usr/share/fonts/truetype/noto/NotoSansKhudawadi-Regular.ttf', name='Noto Sans Khudawadi', style='normal', variant='normal', weight=400, stretch='normal', size='scalable')) = 10.05
2026-03-15 18:42:16,783 - DEBUG - findfont: score(FontEntry(fname='/usr/share/fonts/opentype/urw-base35/P052-Italic.otf', name='P052', style='italic', variant='normal', weight=400, stretch='normal', size='scalable')) = 11.05
2026-03-15 18:42:16,783 - DEBUG - findfont: score(FontEntry(fname='/usr/share/fonts/truetype/noto/NotoSansMayanNumerals-Regular.ttf', name='Noto Sans Mayan Numerals', style='normal', variant='normal', weight=400, stretch='normal', size='scalable')) = 10.05
2026-03-15 18:42:16,783 - DEBUG - findfont: score(FontEntry(fname='/usr/share/fonts/truetype/noto/NotoSansKhmer-Regular.ttf', name='Noto Sans Khmer', style='normal', variant='normal', weight=400, stretch='normal', size='scalable')) = 10.05
2026-03-15 18:42:16,783 - DEBUG - findfont: score(FontEntry(fname='/usr/share/fonts/opentype/urw-base35/NimbusSansNarrow-Oblique.otf', name='Nimbus Sans Narrow', style='oblique', variant='normal', weight=400, stretch='condensed', size='scalable')) = 11.25
2026-03-15 18:42:16,783 - DEBUG - findfont: score(FontEntry(fname='/usr/share/fonts/opentype/urw-base35/NimbusSans-BoldItalic.otf', name='Nimbus Sans', style='italic', variant='normal', weight=700, stretch='normal', size='scalable')) = 11.335
2026-03-15 18:42:16,783 - DEBUG - findfont: score(FontEntry(fname='/usr/share/fonts/truetype/noto/NotoSerifTamilSlanted-Bold.ttf', name='Noto Serif Tamil Slanted', style='normal', variant='normal', weight=700, stretch='normal', size='scalable')) = 10.335
2026-03-15 18:42:16,783 - DEBUG - findfont: score(FontEntry(fname='/usr/share/fonts/truetype/noto/NotoSerif-Regular.ttf', name='Noto Serif', style='normal', variant='normal', weight=400, stretch='normal', size='scalable')) = 10.05
2026-03-15 18:42:16,783 - DEBUG - findfont: score(FontEntry(fname='/usr/share/fonts/truetype/liberation/LiberationMono-BoldItalic.ttf', name='Liberation Mono', style='italic', variant='normal', weight=700, stretch='normal', size='scalable')) = 11.335
2026-03-15 18:42:16,783 - DEBUG - findfont: score(FontEntry(fname='/usr/share/fonts/opentype/urw-base35/NimbusSans-Regular.otf', name='Nimbus Sans', style='normal', variant='normal', weight=400, stretch='normal', size='scalable')) = 10.05
2026-03-15 18:42:16,783 - DEBUG - findfont: score(FontEntry(fname='/usr/share/fonts/truetype/noto/NotoSansSignWriting-Regular.ttf', name='Noto Sans SignWriting', style='normal', variant='normal', weight=400, stretch='normal', size='scalable')) = 10.05
2026-03-15 18:42:16,783 - DEBUG - findfont: score(FontEntry(fname='/usr/share/fonts/truetype/noto/NotoSerifGeorgian-Regular.ttf', name='Noto Serif Georgian', style='normal', variant='normal', weight=400, stretch='normal', size='scalable')) = 10.05
2026-03-15 18:42:16,783 - DEBUG - findfont: score(FontEntry(fname='/usr/share/fonts/truetype/noto/NotoSansKaithi-Regular.ttf', name='Noto Sans Kaithi', style='normal', variant='normal', weight=400, stretch='normal', size='scalable')) = 10.05
2026-03-15 18:42:16,783 - DEBUG - findfont: score(FontEntry(fname='/usr/share/fonts/truetype/noto/NotoSerifGujarati-Bold.ttf', name='Noto Serif Gujarati', style='normal', variant='normal', weight=700, stretch='normal', size='scalable')) = 10.335
2026-03-15 18:42:16,783 - DEBUG - findfont: score(FontEntry(fname='/usr/share/fonts/opentype/urw-base35/P052-Bold.otf', name='P052', style='normal', variant='normal', weight=700, stretch='normal', size='scalable')) = 10.335
2026-03-15 18:42:16,783 - DEBUG - findfont: score(FontEntry(fname='/usr/share/fonts/truetype/noto/NotoSansLinearA-Regular.ttf', name='Noto Sans Linear A', style='normal', variant='normal', weight=400, stretch='normal', size='scalable')) = 10.05
2026-03-15 18:42:16,783 - DEBUG - findfont: score(FontEntry(fname='/usr/share/fonts/truetype/noto/NotoSerifTamil-Regular.ttf', name='Noto Serif Tamil', style='normal', variant='normal', weight=400, stretch='normal', size='scalable')) = 10.05
2026-03-15 18:42:16,783 - DEBUG - findfont: score(FontEntry(fname='/usr/share/fonts/truetype/liberation/LiberationSerif-Bold.ttf', name='Liberation Serif', style='normal', variant='normal', weight=700, stretch='normal', size='scalable')) = 10.335
2026-03-15 18:42:16,783 - DEBUG - findfont: score(FontEntry(fname='/usr/share/fonts/opentype/noto/NotoSerifCJK-Bold.ttc', name='Noto Serif CJK JP', style='normal', variant='normal', weight=700, stretch='normal', size='scalable')) = 10.335
2026-03-15 18:42:16,783 - DEBUG - findfont: score(FontEntry(fname='/usr/share/fonts/truetype/noto/NotoSansSundanese-Regular.ttf', name='Noto Sans Sundanese', style='normal', variant='normal', weight=400, stretch='normal', size='scalable')) = 10.05
2026-03-15 18:42:16,783 - DEBUG - findfont: score(FontEntry(fname='/usr/share/fonts/truetype/noto/NotoSansCherokee-Bold.ttf', name='Noto Sans Cherokee', style='normal', variant='normal', weight=700, stretch='normal', size='scalable')) = 10.335
2026-03-15 18:42:16,783 - DEBUG - findfont: score(FontEntry(fname='/usr/share/fonts/truetype/noto/NotoSansTirhuta-Regular.ttf', name='Noto Sans Tirhuta', style='normal', variant='normal', weight=400, stretch='normal', size='scalable')) = 10.05
2026-03-15 18:42:16,783 - DEBUG - findfont: score(FontEntry(fname='/usr/share/fonts/truetype/noto/NotoSansElbasan-Regular.ttf', name='Noto Sans Elbasan', style='normal', variant='normal', weight=400, stretch='normal', size='scalable')) = 10.05
2026-03-15 18:42:16,784 - DEBUG - findfont: score(FontEntry(fname='/usr/share/fonts/truetype/noto/NotoSansWancho-Regular.ttf', name='Noto Sans Wancho', style='normal', variant='normal', weight=400, stretch='normal', size='scalable')) = 10.05
2026-03-15 18:42:16,784 - DEBUG - findfont: score(FontEntry(fname='/usr/share/fonts/truetype/liberation/LiberationSans-Italic.ttf', name='Liberation Sans', style='italic', variant='normal', weight=400, stretch='normal', size='scalable')) = 11.05
2026-03-15 18:42:16,784 - DEBUG - findfont: score(FontEntry(fname='/usr/share/fonts/truetype/noto/NotoSansTifinaghAPT-Regular.ttf', name='Noto Sans Tifinagh APT', style='normal', variant='normal', weight=400, stretch='normal', size='scalable')) = 10.05
2026-03-15 18:42:16,784 - DEBUG - findfont: score(FontEntry(fname='/usr/share/fonts/truetype/noto/NotoSansDevanagari-Regular.ttf', name='Noto Sans Devanagari', style='normal', variant='normal', weight=400, stretch='normal', size='scalable')) = 10.05
2026-03-15 18:42:16,784 - DEBUG - findfont: score(FontEntry(fname='/usr/share/fonts/opentype/noto/NotoSerifCJK-Regular.ttc', name='Noto Serif CJK JP', style='normal', variant='normal', weight=400, stretch='normal', size='scalable')) = 10.05
2026-03-15 18:42:16,784 - DEBUG - findfont: score(FontEntry(fname='/usr/share/fonts/truetype/noto/NotoSansSamaritan-Regular.ttf', name='Noto Sans Samaritan', style='normal', variant='normal', weight=400, stretch='normal', size='scalable')) = 10.05
2026-03-15 18:42:16,784 - DEBUG - findfont: score(FontEntry(fname='/usr/share/fonts/truetype/noto/NotoSerifDisplay-BoldItalic.ttf', name='Noto Serif Display', style='italic', variant='normal', weight=700, stretch='normal', size='scalable')) = 11.335
2026-03-15 18:42:16,784 - DEBUG - findfont: score(FontEntry(fname='/usr/share/fonts/truetype/noto/NotoSansLisu-Regular.ttf', name='Noto Sans Lisu', style='normal', variant='normal', weight=400, stretch='normal', size='scalable')) = 10.05
2026-03-15 18:42:16,784 - DEBUG - findfont: score(FontEntry(fname='/usr/share/fonts/truetype/noto/NotoSansDisplay-Bold.ttf', name='Noto Sans Display', style='normal', variant='normal', weight=700, stretch='normal', size='scalable')) = 10.335
2026-03-15 18:42:16,784 - DEBUG - findfont: score(FontEntry(fname='/usr/share/fonts/truetype/ubuntu/Ubuntu-RI.ttf', name='Ubuntu', style='italic', variant='normal', weight=400, stretch='normal', size='scalable')) = 11.05
2026-03-15 18:42:16,784 - DEBUG - findfont: Matching sans\-serif:style=normal:variant=normal:weight=normal:stretch=normal:size=14.0 to DejaVu Sans ('/home/hkds/Desktop/PythonPrg/AIChatReviewer/.venv/lib/python3.12/site-packages/matplotlib/mpl-data/fonts/ttf/DejaVuSans.ttf') with score of 0.050000.
2026-03-15 18:42:16,787 - DEBUG - findfont: Matching sans\-serif:style=normal:variant=normal:weight=normal:stretch=normal:size=9.0.
2026-03-15 18:42:16,787 - DEBUG - findfont: score(FontEntry(fname='/home/hkds/Desktop/PythonPrg/AIChatReviewer/.venv/lib/python3.12/site-packages/matplotlib/mpl-data/fonts/ttf/STIXSizThreeSymReg.ttf', name='STIXSizeThreeSym', style='normal', variant='normal', weight=400, stretch='normal', size='scalable')) = 10.05
2026-03-15 18:42:16,787 - DEBUG - findfont: score(FontEntry(fname='/home/hkds/Desktop/PythonPrg/AIChatReviewer/.venv/lib/python3.12/site-packages/matplotlib/mpl-data/fonts/ttf/DejaVuSansMono.ttf', name='DejaVu Sans Mono', style='normal', variant='normal', weight=400, stretch='normal', size='scalable')) = 10.05
2026-03-15 18:42:16,787 - DEBUG - findfont: score(FontEntry(fname='/home/hkds/Desktop/PythonPrg/AIChatReviewer/.venv/lib/python3.12/site-packages/matplotlib/mpl-data/fonts/ttf/STIXGeneralBolIta.ttf', name='STIXGeneral', style='italic', variant='normal', weight=700, stretch='normal', size='scalable')) = 11.335
2026-03-15 18:42:16,787 - DEBUG - findfont: score(FontEntry(fname='/home/hkds/Desktop/PythonPrg/AIChatReviewer/.venv/lib/python3.12/site-packages/matplotlib/mpl-data/fonts/ttf/DejaVuSansMono-Oblique.ttf', name='DejaVu Sans Mono', style='oblique', variant='normal', weight=400, stretch='normal', size='scalable')) = 11.05
2026-03-15 18:42:16,787 - DEBUG - findfont: score(FontEntry(fname='/home/hkds/Desktop/PythonPrg/AIChatReviewer/.venv/lib/python3.12/site-packages/matplotlib/mpl-data/fonts/ttf/STIXSizTwoSymReg.ttf', name='STIXSizeTwoSym', style='normal', variant='normal', weight=400, stretch='normal', size='scalable')) = 10.05
2026-03-15 18:42:16,787 - DEBUG - findfont: score(FontEntry(fname='/home/hkds/Desktop/PythonPrg/AIChatReviewer/.venv/lib/python3.12/site-packages/matplotlib/mpl-data/fonts/ttf/STIXGeneralBol.ttf', name='STIXGeneral', style='normal', variant='normal', weight=700, stretch='normal', size='scalable')) = 10.335
2026-03-15 18:42:16,787 - DEBUG - findfont: score(FontEntry(fname='/home/hkds/Desktop/PythonPrg/AIChatReviewer/.venv/lib/python3.12/site-packages/matplotlib/mpl-data/fonts/ttf/STIXSizFiveSymReg.ttf', name='STIXSizeFiveSym', style='normal', variant='normal', weight=400, stretch='normal', size='scalable')) = 10.05
2026-03-15 18:42:16,787 - DEBUG - findfont: score(FontEntry(fname='/home/hkds/Desktop/PythonPrg/AIChatReviewer/.venv/lib/python3.12/site-packages/matplotlib/mpl-data/fonts/ttf/DejaVuSansMono-Bold.ttf', name='DejaVu Sans Mono', style='normal', variant='normal', weight=700, stretch='normal', size='scalable')) = 10.335
2026-03-15 18:42:16,787 - DEBUG - findfont: score(FontEntry(fname='/home/hkds/Desktop/PythonPrg/AIChatReviewer/.venv/lib/python3.12/site-packages/matplotlib/mpl-data/fonts/ttf/STIXSizThreeSymBol.ttf', name='STIXSizeThreeSym', style='normal', variant='normal', weight=700, stretch='normal', size='scalable')) = 10.335
2026-03-15 18:42:16,787 - DEBUG - findfont: score(FontEntry(fname='/home/hkds/Desktop/PythonPrg/AIChatReviewer/.venv/lib/python3.12/site-packages/matplotlib/mpl-data/fonts/ttf/DejaVuSans-Bold.ttf', name='DejaVu Sans', style='normal', variant='normal', weight=700, stretch='normal', size='scalable')) = 0.33499999999999996
2026-03-15 18:42:16,787 - DEBUG - findfont: score(FontEntry(fname='/home/hkds/Desktop/PythonPrg/AIChatReviewer/.venv/lib/python3.12/site-packages/matplotlib/mpl-data/fonts/ttf/DejaVuSerif.ttf', name='DejaVu Serif', style='normal', variant='normal', weight=400, stretch='normal', size='scalable')) = 10.05
2026-03-15 18:42:16,787 - DEBUG - findfont: score(FontEntry(fname='/home/hkds/Desktop/PythonPrg/AIChatReviewer/.venv/lib/python3.12/site-packages/matplotlib/mpl-data/fonts/ttf/DejaVuSans-Oblique.ttf', name='DejaVu Sans', style='oblique', variant='normal', weight=400, stretch='normal', size='scalable')) = 1.05
2026-03-15 18:42:16,787 - DEBUG - findfont: score(FontEntry(fname='/home/hkds/Desktop/PythonPrg/AIChatReviewer/.venv/lib/python3.12/site-packages/matplotlib/mpl-data/fonts/ttf/STIXSizFourSymBol.ttf', name='STIXSizeFourSym', style='normal', variant='normal', weight=700, stretch='normal', size='scalable')) = 10.335
2026-03-15 18:42:16,787 - DEBUG - findfont: score(FontEntry(fname='/home/hkds/Desktop/PythonPrg/AIChatReviewer/.venv/lib/python3.12/site-packages/matplotlib/mpl-data/fonts/ttf/DejaVuSerif-Italic.ttf', name='DejaVu Serif', style='italic', variant='normal', weight=400, stretch='normal', size='scalable')) = 11.05
2026-03-15 18:42:16,787 - DEBUG - findfont: score(FontEntry(fname='/home/hkds/Desktop/PythonPrg/AIChatReviewer/.venv/lib/python3.12/site-packages/matplotlib/mpl-data/fonts/ttf/STIXSizTwoSymBol.ttf', name='STIXSizeTwoSym', style='normal', variant='normal', weight=700, stretch='normal', size='scalable')) = 10.335
2026-03-15 18:42:16,787 - DEBUG - findfont: score(FontEntry(fname='/home/hkds/Desktop/PythonPrg/AIChatReviewer/.venv/lib/python3.12/site-packages/matplotlib/mpl-data/fonts/ttf/DejaVuSans-BoldOblique.ttf', name='DejaVu Sans', style='oblique', variant='normal', weight=700, stretch='normal', size='scalable')) = 1.335
2026-03-15 18:42:16,787 - DEBUG - findfont: score(FontEntry(fname='/home/hkds/Desktop/PythonPrg/AIChatReviewer/.venv/lib/python3.12/site-packages/matplotlib/mpl-data/fonts/ttf/DejaVuSerif-Bold.ttf', name='DejaVu Serif', style='normal', variant='normal', weight=700, stretch='normal', size='scalable')) = 10.335
2026-03-15 18:42:16,788 - DEBUG - findfont: score(FontEntry(fname='/home/hkds/Desktop/PythonPrg/AIChatReviewer/.venv/lib/python3.12/site-packages/matplotlib/mpl-data/fonts/ttf/cmmi10.ttf', name='cmmi10', style='normal', variant='normal', weight=400, stretch='normal', size='scalable')) = 10.05
2026-03-15 18:42:16,788 - DEBUG - findfont: score(FontEntry(fname='/home/hkds/Desktop/PythonPrg/AIChatReviewer/.venv/lib/python3.12/site-packages/matplotlib/mpl-data/fonts/ttf/DejaVuSansMono-BoldOblique.ttf', name='DejaVu Sans Mono', style='oblique', variant='normal', weight=700, stretch='normal', size='scalable')) = 11.335
2026-03-15 18:42:16,788 - DEBUG - findfont: score(FontEntry(fname='/home/hkds/Desktop/PythonPrg/AIChatReviewer/.venv/lib/python3.12/site-packages/matplotlib/mpl-data/fonts/ttf/STIXNonUniBol.ttf', name='STIXNonUnicode', style='normal', variant='normal', weight=700, stretch='normal', size='scalable')) = 10.335
2026-03-15 18:42:16,788 - DEBUG - findfont: score(FontEntry(fname='/home/hkds/Desktop/PythonPrg/AIChatReviewer/.venv/lib/python3.12/site-packages/matplotlib/mpl-data/fonts/ttf/STIXSizOneSymReg.ttf', name='STIXSizeOneSym', style='normal', variant='normal', weight=400, stretch='normal', size='scalable')) = 10.05
2026-03-15 18:42:16,788 - DEBUG - findfont: score(FontEntry(fname='/home/hkds/Desktop/PythonPrg/AIChatReviewer/.venv/lib/python3.12/site-packages/matplotlib/mpl-data/fonts/ttf/STIXNonUniBolIta.ttf', name='STIXNonUnicode', style='italic', variant='normal', weight=700, stretch='normal', size='scalable')) = 11.335
2026-03-15 18:42:16,788 - DEBUG - findfont: score(FontEntry(fname='/home/hkds/Desktop/PythonPrg/AIChatReviewer/.venv/lib/python3.12/site-packages/matplotlib/mpl-data/fonts/ttf/cmss10.ttf', name='cmss10', style='normal', variant='normal', weight=400, stretch='normal', size='scalable')) = 10.05
2026-03-15 18:42:16,788 - DEBUG - findfont: score(FontEntry(fname='/home/hkds/Desktop/PythonPrg/AIChatReviewer/.venv/lib/python3.12/site-packages/matplotlib/mpl-data/fonts/ttf/cmtt10.ttf', name='cmtt10', style='normal', variant='normal', weight=400, stretch='normal', size='scalable')) = 10.05
2026-03-15 18:42:16,788 - DEBUG - findfont: score(FontEntry(fname='/home/hkds/Desktop/PythonPrg/AIChatReviewer/.venv/lib/python3.12/site-packages/matplotlib/mpl-data/fonts/ttf/DejaVuSansDisplay.ttf', name='DejaVu Sans Display', style='normal', variant='normal', weight=400, stretch='normal', size='scalable')) = 10.05
2026-03-15 18:42:16,788 - DEBUG - findfont: score(FontEntry(fname='/home/hkds/Desktop/PythonPrg/AIChatReviewer/.venv/lib/python3.12/site-packages/matplotlib/mpl-data/fonts/ttf/DejaVuSerif-BoldItalic.ttf', name='DejaVu Serif', style='italic', variant='normal', weight=700, stretch='normal', size='scalable')) = 11.335
2026-03-15 18:42:16,788 - DEBUG - findfont: score(FontEntry(fname='/home/hkds/Desktop/PythonPrg/AIChatReviewer/.venv/lib/python3.12/site-packages/matplotlib/mpl-data/fonts/ttf/cmb10.ttf', name='cmb10', style='normal', variant='normal', weight=400, stretch='normal', size='scalable')) = 10.05
2026-03-15 18:42:16,788 - DEBUG - findfont: score(FontEntry(fname='/home/hkds/Desktop/PythonPrg/AIChatReviewer/.venv/lib/python3.12/site-packages/matplotlib/mpl-data/fonts/ttf/cmsy10.ttf', name='cmsy10', style='normal', variant='normal', weight=400, stretch='normal', size='scalable')) = 10.05
2026-03-15 18:42:16,788 - DEBUG - findfont: score(FontEntry(fname='/home/hkds/Desktop/PythonPrg/AIChatReviewer/.venv/lib/python3.12/site-packages/matplotlib/mpl-data/fonts/ttf/STIXGeneral.ttf', name='STIXGeneral', style='normal', variant='normal', weight=400, stretch='normal', size='scalable')) = 10.05
2026-03-15 18:42:16,788 - DEBUG - findfont: score(FontEntry(fname='/home/hkds/Desktop/PythonPrg/AIChatReviewer/.venv/lib/python3.12/site-packages/matplotlib/mpl-data/fonts/ttf/STIXSizOneSymBol.ttf', name='STIXSizeOneSym', style='normal', variant='normal', weight=700, stretch='normal', size='scalable')) = 10.335
2026-03-15 18:42:16,788 - DEBUG - findfont: score(FontEntry(fname='/home/hkds/Desktop/PythonPrg/AIChatReviewer/.venv/lib/python3.12/site-packages/matplotlib/mpl-data/fonts/ttf/cmex10.ttf', name='cmex10', style='normal', variant='normal', weight=400, stretch='normal', size='scalable')) = 10.05
2026-03-15 18:42:16,788 - DEBUG - findfont: score(FontEntry(fname='/home/hkds/Desktop/PythonPrg/AIChatReviewer/.venv/lib/python3.12/site-packages/matplotlib/mpl-data/fonts/ttf/STIXSizFourSymReg.ttf', name='STIXSizeFourSym', style='normal', variant='normal', weight=400, stretch='normal', size='scalable')) = 10.05
2026-03-15 18:42:16,788 - DEBUG - findfont: score(FontEntry(fname='/home/hkds/Desktop/PythonPrg/AIChatReviewer/.venv/lib/python3.12/site-packages/matplotlib/mpl-data/fonts/ttf/DejaVuSans.ttf', name='DejaVu Sans', style='normal', variant='normal', weight=400, stretch='normal', size='scalable')) = 0.05
2026-03-15 18:42:16,788 - DEBUG - findfont: score(FontEntry(fname='/home/hkds/Desktop/PythonPrg/AIChatReviewer/.venv/lib/python3.12/site-packages/matplotlib/mpl-data/fonts/ttf/STIXGeneralItalic.ttf', name='STIXGeneral', style='italic', variant='normal', weight=400, stretch='normal', size='scalable')) = 11.05
2026-03-15 18:42:16,788 - DEBUG - findfont: score(FontEntry(fname='/home/hkds/Desktop/PythonPrg/AIChatReviewer/.venv/lib/python3.12/site-packages/matplotlib/mpl-data/fonts/ttf/DejaVuSerifDisplay.ttf', name='DejaVu Serif Display', style='normal', variant='normal', weight=400, stretch='normal', size='scalable')) = 10.05
2026-03-15 18:42:16,788 - DEBUG - findfont: score(FontEntry(fname='/home/hkds/Desktop/PythonPrg/AIChatReviewer/.venv/lib/python3.12/site-packages/matplotlib/mpl-data/fonts/ttf/STIXNonUniIta.ttf', name='STIXNonUnicode', style='italic', variant='normal', weight=400, stretch='normal', size='scalable')) = 11.05
2026-03-15 18:42:16,789 - DEBUG - findfont: score(FontEntry(fname='/home/hkds/Desktop/PythonPrg/AIChatReviewer/.venv/lib/python3.12/site-packages/matplotlib/mpl-data/fonts/ttf/cmr10.ttf', name='cmr10', style='normal', variant='normal', weight=400, stretch='normal', size='scalable')) = 10.05
2026-03-15 18:42:16,789 - DEBUG - findfont: score(FontEntry(fname='/home/hkds/Desktop/PythonPrg/AIChatReviewer/.venv/lib/python3.12/site-packages/matplotlib/mpl-data/fonts/ttf/STIXNonUni.ttf', name='STIXNonUnicode', style='normal', variant='normal', weight=400, stretch='normal', size='scalable')) = 10.05
2026-03-15 18:42:16,789 - DEBUG - findfont: score(FontEntry(fname='/usr/share/fonts/truetype/noto/NotoSansTifinaghAir-Regular.ttf', name='Noto Sans Tifinagh Air', style='normal', variant='normal', weight=400, stretch='normal', size='scalable')) = 10.05
2026-03-15 18:42:16,789 - DEBUG - findfont: score(FontEntry(fname='/usr/share/fonts/truetype/noto/NotoSansMro-Regular.ttf', name='Noto Sans Mro', style='normal', variant='normal', weight=400, stretch='normal', size='scalable')) = 10.05
2026-03-15 18:42:16,789 - DEBUG - findfont: score(FontEntry(fname='/usr/share/fonts/truetype/noto/NotoKufiArabic-Regular.ttf', name='Noto Kufi Arabic', style='normal', variant='normal', weight=400, stretch='normal', size='scalable')) = 10.05
2026-03-15 18:42:16,789 - DEBUG - findfont: score(FontEntry(fname='/usr/share/fonts/truetype/noto/NotoSansTaiTham-Bold.ttf', name='Noto Sans Tai Tham', style='normal', variant='normal', weight=700, stretch='normal', size='scalable')) = 10.335
2026-03-15 18:42:16,789 - DEBUG - findfont: score(FontEntry(fname='/usr/share/fonts/truetype/noto/NotoSansBalinese-Regular.ttf', name='Noto Sans Balinese', style='normal', variant='normal', weight=400, stretch='normal', size='scalable')) = 10.05
2026-03-15 18:42:16,789 - DEBUG - findfont: score(FontEntry(fname='/usr/share/fonts/truetype/noto/NotoSansTelugu-Bold.ttf', name='Noto Sans Telugu', style='normal', variant='normal', weight=700, stretch='normal', size='scalable')) = 10.335
2026-03-15 18:42:16,789 - DEBUG - findfont: score(FontEntry(fname='/usr/share/fonts/truetype/liberation/LiberationSerif-Regular.ttf', name='Liberation Serif', style='normal', variant='normal', weight=400, stretch='normal', size='scalable')) = 10.05
2026-03-15 18:42:16,789 - DEBUG - findfont: score(FontEntry(fname='/usr/share/fonts/truetype/noto/NotoSansBhaiksuki-Regular.ttf', name='Noto Sans Bhaiksuki', style='normal', variant='normal', weight=400, stretch='normal', size='scalable')) = 10.05
2026-03-15 18:42:16,789 - DEBUG - findfont: score(FontEntry(fname='/usr/share/fonts/truetype/dejavu/DejaVuSansMono-BoldOblique.ttf', name='DejaVu Sans Mono', style='oblique', variant='normal', weight=700, stretch='normal', size='scalable')) = 11.335
2026-03-15 18:42:16,789 - DEBUG - findfont: score(FontEntry(fname='/usr/share/fonts/truetype/noto/NotoSansMeeteiMayek-Bold.ttf', name='Noto Sans Meetei Mayek', style='normal', variant='normal', weight=700, stretch='normal', size='scalable')) = 10.335
2026-03-15 18:42:16,789 - DEBUG - findfont: score(FontEntry(fname='/usr/share/fonts/truetype/noto/NotoSansSymbols-Bold.ttf', name='Noto Sans Symbols', style='normal', variant='normal', weight=700, stretch='normal', size='scalable')) = 10.335
2026-03-15 18:42:16,789 - DEBUG - findfont: score(FontEntry(fname='/usr/share/fonts/truetype/noto/NotoSansTaiTham-Regular.ttf', name='Noto Sans Tai Tham', style='normal', variant='normal', weight=400, stretch='normal', size='scalable')) = 10.05
2026-03-15 18:42:16,789 - DEBUG - findfont: score(FontEntry(fname='/usr/share/fonts/truetype/noto/NotoSansOsmanya-Regular.ttf', name='Noto Sans Osmanya', style='normal', variant='normal', weight=400, stretch='normal', size='scalable')) = 10.05
2026-03-15 18:42:16,789 - DEBUG - findfont: score(FontEntry(fname='/usr/share/fonts/truetype/noto/NotoSansImperialAramaic-Regular.ttf', name='Noto Sans Imperial Aramaic', style='normal', variant='normal', weight=400, stretch='normal', size='scalable')) = 10.05
2026-03-15 18:42:16,789 - DEBUG - findfont: score(FontEntry(fname='/usr/share/fonts/opentype/urw-base35/Z003-MediumItalic.otf', name='Z003', style='italic', variant='normal', weight=500, stretch='normal', size='scalable')) = 11.145
2026-03-15 18:42:16,789 - DEBUG - findfont: score(FontEntry(fname='/usr/share/fonts/truetype/noto/NotoSansCypriot-Regular.ttf', name='Noto Sans Cypriot', style='normal', variant='normal', weight=400, stretch='normal', size='scalable')) = 10.05
2026-03-15 18:42:16,790 - DEBUG - findfont: score(FontEntry(fname='/usr/share/fonts/truetype/noto/NotoSansInscriptionalParthian-Regular.ttf', name='Noto Sans Inscriptional Parthian', style='normal', variant='normal', weight=400, stretch='normal', size='scalable')) = 10.05
2026-03-15 18:42:16,790 - DEBUG - findfont: score(FontEntry(fname='/usr/share/fonts/truetype/ubuntu/UbuntuSans-Italic[wdth,wght].ttf', name='Ubuntu Sans', style='italic', variant='normal', weight=400, stretch='normal', size='scalable')) = 11.05
2026-03-15 18:42:16,790 - DEBUG - findfont: score(FontEntry(fname='/usr/share/fonts/truetype/noto/NotoLoopedThai-Bold.ttf', name='Noto Looped Thai', style='normal', variant='normal', weight=700, stretch='normal', size='scalable')) = 10.335
2026-03-15 18:42:16,790 - DEBUG - findfont: score(FontEntry(fname='/usr/share/fonts/truetype/noto/NotoSansDeseret-Regular.ttf', name='Noto Sans Deseret', style='normal', variant='normal', weight=400, stretch='normal', size='scalable')) = 10.05
2026-03-15 18:42:16,790 - DEBUG - findfont: score(FontEntry(fname='/usr/share/fonts/truetype/noto/NotoSansTifinaghAgrawImazighen-Regular.ttf', name='Noto Sans Tifinagh Agraw Imazighen', style='normal', variant='normal', weight=400, stretch='normal', size='scalable')) = 10.05
2026-03-15 18:42:16,790 - DEBUG - findfont: score(FontEntry(fname='/usr/share/fonts/truetype/noto/NotoSansCuneiform-Regular.ttf', name='Noto Sans Cuneiform', style='normal', variant='normal', weight=400, stretch='normal', size='scalable')) = 10.05
2026-03-15 18:42:16,790 - DEBUG - findfont: score(FontEntry(fname='/usr/share/fonts/truetype/noto/NotoSansBuginese-Regular.ttf', name='Noto Sans Buginese', style='normal', variant='normal', weight=400, stretch='normal', size='scalable')) = 10.05
2026-03-15 18:42:16,790 - DEBUG - findfont: score(FontEntry(fname='/usr/share/fonts/truetype/noto/NotoSansTifinaghSIL-Regular.ttf', name='Noto Sans Tifinagh SIL', style='normal', variant='normal', weight=400, stretch='normal', size='scalable')) = 10.05
2026-03-15 18:42:16,790 - DEBUG - findfont: score(FontEntry(fname='/usr/share/fonts/truetype/ubuntu/UbuntuMono-RI.ttf', name='Ubuntu Mono', style='italic', variant='normal', weight=400, stretch='normal', size='scalable')) = 11.05
2026-03-15 18:42:16,790 - DEBUG - findfont: score(FontEntry(fname='/usr/share/fonts/truetype/ubuntu/Ubuntu-MI.ttf', name='Ubuntu', style='italic', variant='normal', weight=400, stretch='normal', size='scalable')) = 11.05
2026-03-15 18:42:16,790 - DEBUG - findfont: score(FontEntry(fname='/usr/share/fonts/truetype/noto/NotoSansDevanagari-Bold.ttf', name='Noto Sans Devanagari', style='normal', variant='normal', weight=700, stretch='normal', size='scalable')) = 10.335
2026-03-15 18:42:16,790 - DEBUG - findfont: score(FontEntry(fname='/usr/share/fonts/truetype/noto/NotoSansGurmukhi-Bold.ttf', name='Noto Sans Gurmukhi', style='normal', variant='normal', weight=700, stretch='normal', size='scalable')) = 10.335
2026-03-15 18:42:16,790 - DEBUG - findfont: score(FontEntry(fname='/usr/share/fonts/truetype/noto/NotoSansNabataean-Regular.ttf', name='Noto Sans Nabataean', style='normal', variant='normal', weight=400, stretch='normal', size='scalable')) = 10.05
2026-03-15 18:42:16,790 - DEBUG - findfont: score(FontEntry(fname='/usr/share/fonts/truetype/noto/NotoSansLydian-Regular.ttf', name='Noto Sans Lydian', style='normal', variant='normal', weight=400, stretch='normal', size='scalable')) = 10.05
2026-03-15 18:42:16,790 - DEBUG - findfont: score(FontEntry(fname='/usr/share/fonts/truetype/noto/NotoSerifYezidi-Regular.ttf', name='Noto Serif Yezidi', style='normal', variant='normal', weight=400, stretch='normal', size='scalable')) = 10.05
2026-03-15 18:42:16,790 - DEBUG - findfont: score(FontEntry(fname='/usr/share/fonts/truetype/noto/NotoSansGujarati-Bold.ttf', name='Noto Sans Gujarati', style='normal', variant='normal', weight=700, stretch='normal', size='scalable')) = 10.335
2026-03-15 18:42:16,790 - DEBUG - findfont: score(FontEntry(fname='/usr/share/fonts/truetype/noto/NotoSansUgaritic-Regular.ttf', name='Noto Sans Ugaritic', style='normal', variant='normal', weight=400, stretch='normal', size='scalable')) = 10.05
2026-03-15 18:42:16,790 - DEBUG - findfont: score(FontEntry(fname='/usr/share/fonts/truetype/noto/NotoSansKannada-Regular.ttf', name='Noto Sans Kannada', style='normal', variant='normal', weight=400, stretch='normal', size='scalable')) = 10.05
2026-03-15 18:42:16,791 - DEBUG - findfont: score(FontEntry(fname='/usr/share/fonts/truetype/ubuntu/Ubuntu-BI.ttf', name='Ubuntu', style='italic', variant='normal', weight=400, stretch='normal', size='scalable')) = 11.05
2026-03-15 18:42:16,791 - DEBUG - findfont: score(FontEntry(fname='/usr/share/fonts/truetype/noto/NotoMono-Regular.ttf', name='Noto Mono', style='normal', variant='normal', weight=400, stretch='normal', size='scalable')) = 10.05
2026-03-15 18:42:16,791 - DEBUG - findfont: score(FontEntry(fname='/usr/share/fonts/truetype/ubuntu/Ubuntu-LI.ttf', name='Ubuntu', style='italic', variant='normal', weight=400, stretch='normal', size='scalable')) = 11.05
2026-03-15 18:42:16,791 - DEBUG - findfont: score(FontEntry(fname='/usr/share/fonts/truetype/noto/NotoSerifKannada-Regular.ttf', name='Noto Serif Kannada', style='normal', variant='normal', weight=400, stretch='normal', size='scalable')) = 10.05
2026-03-15 18:42:16,791 - DEBUG - findfont: score(FontEntry(fname='/usr/share/fonts/truetype/noto/NotoSansKannada-Bold.ttf', name='Noto Sans Kannada', style='normal', variant='normal', weight=700, stretch='normal', size='scalable')) = 10.335
2026-03-15 18:42:16,791 - DEBUG - findfont: score(FontEntry(fname='/usr/share/fonts/truetype/noto/NotoSansMultani-Regular.ttf', name='Noto Sans Multani', style='normal', variant='normal', weight=400, stretch='normal', size='scalable')) = 10.05
2026-03-15 18:42:16,791 - DEBUG - findfont: score(FontEntry(fname='/usr/share/fonts/truetype/noto/NotoSansGothic-Regular.ttf', name='Noto Sans Gothic', style='normal', variant='normal', weight=400, stretch='normal', size='scalable')) = 10.05
2026-03-15 18:42:16,791 - DEBUG - findfont: score(FontEntry(fname='/usr/share/fonts/truetype/noto/NotoSansPhagsPa-Regular.ttf', name='Noto Sans PhagsPa', style='normal', variant='normal', weight=400, stretch='normal', size='scalable')) = 10.05
2026-03-15 18:42:16,791 - DEBUG - findfont: score(FontEntry(fname='/usr/share/fonts/truetype/noto/NotoSansTamilSupplement-Regular.ttf', name='Noto Sans Tamil Supplement', style='normal', variant='normal', weight=400, stretch='normal', size='scalable')) = 10.05
2026-03-15 18:42:16,791 - DEBUG - findfont: score(FontEntry(fname='/usr/share/fonts/opentype/urw-base35/NimbusRoman-Italic.otf', name='Nimbus Roman', style='italic', variant='normal', weight=400, stretch='normal', size='scalable')) = 11.05
2026-03-15 18:42:16,791 - DEBUG - findfont: score(FontEntry(fname='/usr/share/fonts/truetype/noto/NotoSerifNyiakengPuachueHmong-Bold.ttf', name='Noto Serif Hmong Nyiakeng', style='normal', variant='normal', weight=700, stretch='normal', size='scalable')) = 10.335
2026-03-15 18:42:16,791 - DEBUG - findfont: score(FontEntry(fname='/usr/share/fonts/opentype/urw-base35/StandardSymbolsPS.otf', name='Standard Symbols PS', style='normal', variant='normal', weight=400, stretch='normal', size='scalable')) = 10.05
2026-03-15 18:42:16,791 - DEBUG - findfont: score(FontEntry(fname='/usr/share/fonts/truetype/noto/NotoSansIndicSiyaqNumbers-Regular.ttf', name='Noto Sans Indic Siyaq Numbers', style='normal', variant='normal', weight=400, stretch='normal', size='scalable')) = 10.05
2026-03-15 18:42:16,791 - DEBUG - findfont: score(FontEntry(fname='/usr/share/fonts/truetype/noto/NotoSerifSinhala-Bold.ttf', name='Noto Serif Sinhala', style='normal', variant='normal', weight=700, stretch='normal', size='scalable')) = 10.335
2026-03-15 18:42:16,791 - DEBUG - findfont: score(FontEntry(fname='/home/hkds/.fonts/Roboto-Medium.ttf', name='Roboto', style='normal', variant='normal', weight=500, stretch='normal', size='scalable')) = 10.145
2026-03-15 18:42:16,791 - DEBUG - findfont: score(FontEntry(fname='/usr/share/fonts/opentype/urw-base35/URWBookman-LightItalic.otf', name='URW Bookman', style='italic', variant='normal', weight=300, stretch='normal', size='scalable')) = 11.145
2026-03-15 18:42:16,791 - DEBUG - findfont: score(FontEntry(fname='/usr/share/fonts/truetype/noto/NotoSansRejang-Regular.ttf', name='Noto Sans Rejang', style='normal', variant='normal', weight=400, stretch='normal', size='scalable')) = 10.05
2026-03-15 18:42:16,792 - DEBUG - findfont: score(FontEntry(fname='/usr/share/fonts/truetype/liberation/LiberationSans-Regular.ttf', name='Liberation Sans', style='normal', variant='normal', weight=400, stretch='normal', size='scalable')) = 10.05
2026-03-15 18:42:16,792 - DEBUG - findfont: score(FontEntry(fname='/usr/share/fonts/truetype/noto/NotoSerifYezidi-Bold.ttf', name='Noto Serif Yezidi', style='normal', variant='normal', weight=700, stretch='normal', size='scalable')) = 10.335
2026-03-15 18:42:16,792 - DEBUG - findfont: score(FontEntry(fname='/usr/share/fonts/truetype/noto/NotoSansTifinaghRhissaIxa-Regular.ttf', name='Noto Sans Tifinagh Rhissa Ixa', style='normal', variant='normal', weight=400, stretch='normal', size='scalable')) = 10.05
2026-03-15 18:42:16,792 - DEBUG - findfont: score(FontEntry(fname='/usr/share/fonts/truetype/liberation/LiberationMono-Bold.ttf', name='Liberation Mono', style='normal', variant='normal', weight=700, stretch='normal', size='scalable')) = 10.335
2026-03-15 18:42:16,792 - DEBUG - findfont: score(FontEntry(fname='/usr/share/fonts/truetype/noto/NotoLoopedLao-Bold.ttf', name='Noto Looped Lao', style='normal', variant='normal', weight=700, stretch='normal', size='scalable')) = 10.335
2026-03-15 18:42:16,792 - DEBUG - findfont: score(FontEntry(fname='/usr/share/fonts/opentype/urw-base35/NimbusMonoPS-Regular.otf', name='Nimbus Mono PS', style='normal', variant='normal', weight=400, stretch='normal', size='scalable')) = 10.05
2026-03-15 18:42:16,792 - DEBUG - findfont: score(FontEntry(fname='/usr/share/fonts/truetype/noto/NotoSerifLao-Regular.ttf', name='Noto Serif Lao', style='normal', variant='normal', weight=400, stretch='normal', size='scalable')) = 10.05
2026-03-15 18:42:16,792 - DEBUG - findfont: score(FontEntry(fname='/usr/share/fonts/truetype/noto/NotoSansMyanmar-Regular.ttf', name='Noto Sans Myanmar', style='normal', variant='normal', weight=400, stretch='normal', size='scalable')) = 10.05
2026-03-15 18:42:16,792 - DEBUG - findfont: score(FontEntry(fname='/usr/share/fonts/truetype/noto/NotoSerifArmenian-Bold.ttf', name='Noto Serif Armenian', style='normal', variant='normal', weight=700, stretch='normal', size='scalable')) = 10.335
2026-03-15 18:42:16,792 - DEBUG - findfont: score(FontEntry(fname='/usr/share/fonts/truetype/noto/NotoSansMiao-Regular.ttf', name='Noto Sans Miao', style='normal', variant='normal', weight=400, stretch='normal', size='scalable')) = 10.05
2026-03-15 18:42:16,792 - DEBUG - findfont: score(FontEntry(fname='/usr/share/fonts/truetype/noto/NotoSansHebrew-Regular.ttf', name='Noto Sans Hebrew', style='normal', variant='normal', weight=400, stretch='normal', size='scalable')) = 10.05
2026-03-15 18:42:16,792 - DEBUG - findfont: score(FontEntry(fname='/home/hkds/.fonts/CustomTkinter_shapes_font.otf', name='CustomTkinter_shapes_font', style='normal', variant='normal', weight=500, stretch='normal', size='scalable')) = 10.145
2026-03-15 18:42:16,792 - DEBUG - findfont: score(FontEntry(fname='/usr/share/fonts/opentype/noto/NotoSansCJK-Bold.ttc', name='Noto Sans CJK JP', style='normal', variant='normal', weight=700, stretch='normal', size='scalable')) = 10.335
2026-03-15 18:42:16,792 - DEBUG - findfont: score(FontEntry(fname='/usr/share/fonts/truetype/noto/NotoSansSinhala-Bold.ttf', name='Noto Sans Sinhala', style='normal', variant='normal', weight=700, stretch='normal', size='scalable')) = 10.335
2026-03-15 18:42:16,792 - DEBUG - findfont: score(FontEntry(fname='/usr/share/fonts/truetype/noto/NotoSansOriya-Bold.ttf', name='Noto Sans Oriya', style='normal', variant='normal', weight=700, stretch='normal', size='scalable')) = 10.335
2026-03-15 18:42:16,792 - DEBUG - findfont: score(FontEntry(fname='/usr/share/fonts/truetype/noto/NotoSansBengali-Regular.ttf', name='Noto Sans Bengali', style='normal', variant='normal', weight=400, stretch='normal', size='scalable')) = 10.05
2026-03-15 18:42:16,792 - DEBUG - findfont: score(FontEntry(fname='/usr/share/fonts/truetype/noto/NotoSansDuployan-Regular.ttf', name='Noto Sans Duployan', style='normal', variant='normal', weight=400, stretch='normal', size='scalable')) = 10.05
2026-03-15 18:42:16,792 - DEBUG - findfont: score(FontEntry(fname='/usr/share/fonts/truetype/noto/NotoSansEthiopic-Regular.ttf', name='Noto Sans Ethiopic', style='normal', variant='normal', weight=400, stretch='normal', size='scalable')) = 10.05
2026-03-15 18:42:16,793 - DEBUG - findfont: score(FontEntry(fname='/usr/share/fonts/truetype/noto/NotoSansMeroitic-Regular.ttf', name='Noto Sans Meroitic', style='normal', variant='normal', weight=400, stretch='normal', size='scalable')) = 10.05
2026-03-15 18:42:16,793 - DEBUG - findfont: score(FontEntry(fname='/usr/share/fonts/opentype/urw-base35/C059-Bold.otf', name='C059', style='normal', variant='normal', weight=700, stretch='normal', size='scalable')) = 10.335
2026-03-15 18:42:16,793 - DEBUG - findfont: score(FontEntry(fname='/usr/share/fonts/opentype/urw-base35/URWBookman-DemiItalic.otf', name='URW Bookman', style='italic', variant='normal', weight=600, stretch='normal', size='scalable')) = 11.24
2026-03-15 18:42:16,793 - DEBUG - findfont: score(FontEntry(fname='/usr/share/fonts/truetype/noto/NotoSansSinhala-Regular.ttf', name='Noto Sans Sinhala', style='normal', variant='normal', weight=400, stretch='normal', size='scalable')) = 10.05
2026-03-15 18:42:16,793 - DEBUG - findfont: score(FontEntry(fname='/usr/share/fonts/truetype/noto/NotoSerifTamil-Bold.ttf', name='Noto Serif Tamil', style='normal', variant='normal', weight=700, stretch='normal', size='scalable')) = 10.335
2026-03-15 18:42:16,793 - DEBUG - findfont: score(FontEntry(fname='/usr/share/fonts/truetype/noto/NotoSansChakma-Regular.ttf', name='Noto Sans Chakma', style='normal', variant='normal', weight=400, stretch='normal', size='scalable')) = 10.05
2026-03-15 18:42:16,793 - DEBUG - findfont: score(FontEntry(fname='/usr/share/fonts/truetype/noto/NotoSansSundanese-Bold.ttf', name='Noto Sans Sundanese', style='normal', variant='normal', weight=700, stretch='normal', size='scalable')) = 10.335
2026-03-15 18:42:16,793 - DEBUG - findfont: score(FontEntry(fname='/usr/share/fonts/truetype/liberation/LiberationMono-Italic.ttf', name='Liberation Mono', style='italic', variant='normal', weight=400, stretch='normal', size='scalable')) = 11.05
2026-03-15 18:42:16,793 - DEBUG - findfont: score(FontEntry(fname='/usr/share/fonts/truetype/noto/NotoSerifNyiakengPuachueHmong-Regular.ttf', name='Noto Serif Hmong Nyiakeng', style='normal', variant='normal', weight=400, stretch='normal', size='scalable')) = 10.05
2026-03-15 18:42:16,793 - DEBUG - findfont: score(FontEntry(fname='/usr/share/fonts/truetype/noto/NotoSansTifinaghGhat-Regular.ttf', name='Noto Sans Tifinagh Ghat', style='normal', variant='normal', weight=400, stretch='normal', size='scalable')) = 10.05
2026-03-15 18:42:16,793 - DEBUG - findfont: score(FontEntry(fname='/usr/share/fonts/truetype/noto/NotoSerifBengali-Bold.ttf', name='Noto Serif Bengali', style='normal', variant='normal', weight=700, stretch='normal', size='scalable')) = 10.335
2026-03-15 18:42:16,793 - DEBUG - findfont: score(FontEntry(fname='/usr/share/fonts/opentype/urw-base35/NimbusSans-Bold.otf', name='Nimbus Sans', style='normal', variant='normal', weight=700, stretch='normal', size='scalable')) = 10.335
2026-03-15 18:42:16,793 - DEBUG - findfont: score(FontEntry(fname='/usr/share/fonts/truetype/noto/NotoNastaliqUrdu-Bold.ttf', name='Noto Nastaliq Urdu', style='normal', variant='normal', weight=400, stretch='normal', size='scalable')) = 10.05
2026-03-15 18:42:16,793 - DEBUG - findfont: score(FontEntry(fname='/usr/share/fonts/truetype/noto/NotoSansTifinagh-Regular.ttf', name='Noto Sans Tifinagh', style='normal', variant='normal', weight=400, stretch='normal', size='scalable')) = 10.05
2026-03-15 18:42:16,793 - DEBUG - findfont: score(FontEntry(fname='/usr/share/fonts/truetype/noto/NotoSansSharada-Regular.ttf', name='Noto Sans Sharada', style='normal', variant='normal', weight=400, stretch='normal', size='scalable')) = 10.05
2026-03-15 18:42:16,793 - DEBUG - findfont: score(FontEntry(fname='/usr/share/fonts/truetype/ubuntu/UbuntuSansMono-Italic[wght].ttf', name='Ubuntu Sans Mono', style='italic', variant='normal', weight=400, stretch='normal', size='scalable')) = 11.05
2026-03-15 18:42:16,793 - DEBUG - findfont: score(FontEntry(fname='/usr/share/fonts/truetype/noto/NotoSansThai-Regular.ttf', name='Noto Sans Thai', style='normal', variant='normal', weight=400, stretch='normal', size='scalable')) = 10.05
2026-03-15 18:42:16,793 - DEBUG - findfont: score(FontEntry(fname='/usr/share/fonts/opentype/urw-base35/NimbusRoman-Bold.otf', name='Nimbus Roman', style='normal', variant='normal', weight=700, stretch='normal', size='scalable')) = 10.335
2026-03-15 18:42:16,794 - DEBUG - findfont: score(FontEntry(fname='/usr/share/fonts/truetype/liberation/LiberationSansNarrow-Italic.ttf', name='Liberation Sans Narrow', style='italic', variant='normal', weight=400, stretch='condensed', size='scalable')) = 11.25
2026-03-15 18:42:16,794 - DEBUG - findfont: score(FontEntry(fname='/usr/share/fonts/truetype/noto/NotoSansLao-Bold.ttf', name='Noto Sans Lao', style='normal', variant='normal', weight=700, stretch='normal', size='scalable')) = 10.335
2026-03-15 18:42:16,794 - DEBUG - findfont: score(FontEntry(fname='/usr/share/fonts/truetype/noto/NotoSansSymbols-Regular.ttf', name='Noto Sans Symbols', style='normal', variant='normal', weight=400, stretch='normal', size='scalable')) = 10.05
2026-03-15 18:42:16,794 - DEBUG - findfont: score(FontEntry(fname='/usr/share/fonts/truetype/noto/NotoSansJavanese-Bold.ttf', name='Noto Sans Javanese', style='normal', variant='normal', weight=700, stretch='normal', size='scalable')) = 10.335
2026-03-15 18:42:16,794 - DEBUG - findfont: score(FontEntry(fname='/usr/share/fonts/truetype/noto/NotoSansMalayalam-Regular.ttf', name='Noto Sans Malayalam', style='normal', variant='normal', weight=400, stretch='normal', size='scalable')) = 10.05
2026-03-15 18:42:16,794 - DEBUG - findfont: score(FontEntry(fname='/usr/share/fonts/truetype/noto/NotoSerifGrantha-Regular.ttf', name='Noto Serif Grantha', style='normal', variant='normal', weight=400, stretch='normal', size='scalable')) = 10.05
2026-03-15 18:42:16,794 - DEBUG - findfont: score(FontEntry(fname='/usr/share/fonts/truetype/noto/NotoSansBalinese-Bold.ttf', name='Noto Sans Balinese', style='normal', variant='normal', weight=700, stretch='normal', size='scalable')) = 10.335
2026-03-15 18:42:16,794 - DEBUG - findfont: score(FontEntry(fname='/usr/share/fonts/truetype/noto/NotoSansMeeteiMayek-Regular.ttf', name='Noto Sans Meetei Mayek', style='normal', variant='normal', weight=400, stretch='normal', size='scalable')) = 10.05
2026-03-15 18:42:16,794 - DEBUG - findfont: score(FontEntry(fname='/usr/share/fonts/truetype/noto/NotoSerifGeorgian-Bold.ttf', name='Noto Serif Georgian', style='normal', variant='normal', weight=700, stretch='normal', size='scalable')) = 10.335
2026-03-15 18:42:16,794 - DEBUG - findfont: score(FontEntry(fname='/usr/share/fonts/truetype/noto/NotoSansKayahLi-Regular.ttf', name='Noto Sans Kayah Li', style='normal', variant='normal', weight=400, stretch='normal', size='scalable')) = 10.05
2026-03-15 18:42:16,794 - DEBUG - findfont: score(FontEntry(fname='/usr/share/fonts/truetype/noto/NotoRashiHebrew-Regular.ttf', name='Noto Rashi Hebrew', style='normal', variant='normal', weight=400, stretch='normal', size='scalable')) = 10.05
2026-03-15 18:42:16,794 - DEBUG - findfont: score(FontEntry(fname='/usr/share/fonts/truetype/ubuntu/UbuntuMono-BI.ttf', name='Ubuntu Mono', style='italic', variant='normal', weight=400, stretch='normal', size='scalable')) = 11.05
2026-03-15 18:42:16,794 - DEBUG - findfont: score(FontEntry(fname='/usr/share/fonts/truetype/dejavu/DejaVuSans-Bold.ttf', name='DejaVu Sans', style='normal', variant='normal', weight=700, stretch='normal', size='scalable')) = 0.33499999999999996
2026-03-15 18:42:16,794 - DEBUG - findfont: score(FontEntry(fname='/usr/share/fonts/truetype/noto/NotoSansArabic-Bold.ttf', name='Noto Sans Arabic', style='normal', variant='normal', weight=700, stretch='normal', size='scalable')) = 10.335
2026-03-15 18:42:16,794 - DEBUG - findfont: score(FontEntry(fname='/usr/share/fonts/truetype/noto/NotoSerif-Bold.ttf', name='Noto Serif', style='normal', variant='normal', weight=700, stretch='normal', size='scalable')) = 10.335
2026-03-15 18:42:16,794 - DEBUG - findfont: score(FontEntry(fname='/usr/share/fonts/truetype/noto/NotoSansSogdian-Regular.ttf', name='Noto Sans Sogdian', style='normal', variant='normal', weight=400, stretch='normal', size='scalable')) = 10.05
2026-03-15 18:42:16,794 - DEBUG - findfont: score(FontEntry(fname='/usr/share/fonts/truetype/noto/NotoSansLao-Regular.ttf', name='Noto Sans Lao', style='normal', variant='normal', weight=400, stretch='normal', size='scalable')) = 10.05
2026-03-15 18:42:16,795 - DEBUG - findfont: score(FontEntry(fname='/usr/share/fonts/truetype/noto/NotoSansOldItalic-Regular.ttf', name='Noto Sans Old Italic', style='italic', variant='normal', weight=400, stretch='normal', size='scalable')) = 11.05
2026-03-15 18:42:16,795 - DEBUG - findfont: score(FontEntry(fname='/usr/share/fonts/truetype/noto/NotoSansBamum-Regular.ttf', name='Noto Sans Bamum', style='normal', variant='normal', weight=400, stretch='normal', size='scalable')) = 10.05
2026-03-15 18:42:16,795 - DEBUG - findfont: score(FontEntry(fname='/usr/share/fonts/truetype/liberation/LiberationSans-Bold.ttf', name='Liberation Sans', style='normal', variant='normal', weight=700, stretch='normal', size='scalable')) = 10.335
2026-03-15 18:42:16,795 - DEBUG - findfont: score(FontEntry(fname='/usr/share/fonts/truetype/noto/NotoSerifKhmer-Bold.ttf', name='Noto Serif Khmer', style='normal', variant='normal', weight=700, stretch='normal', size='scalable')) = 10.335
2026-03-15 18:42:16,795 - DEBUG - findfont: score(FontEntry(fname='/usr/share/fonts/truetype/noto/NotoSansMongolian-Regular.ttf', name='Noto Sans Mongolian', style='normal', variant='normal', weight=400, stretch='normal', size='scalable')) = 10.05
2026-03-15 18:42:16,795 - DEBUG - findfont: score(FontEntry(fname='/usr/share/fonts/truetype/noto/NotoSerifMyanmar-Regular.ttf', name='Noto Serif Myanmar', style='normal', variant='normal', weight=400, stretch='normal', size='scalable')) = 10.05
2026-03-15 18:42:16,795 - DEBUG - findfont: score(FontEntry(fname='/usr/share/fonts/truetype/noto/NotoSansMendeKikakui-Regular.ttf', name='Noto Sans Mende Kikakui', style='normal', variant='normal', weight=400, stretch='normal', size='scalable')) = 10.05
2026-03-15 18:42:16,795 - DEBUG - findfont: score(FontEntry(fname='/usr/share/fonts/truetype/ubuntu/Ubuntu[wdth,wght].ttf', name='Ubuntu', style='normal', variant='normal', weight=400, stretch='normal', size='scalable')) = 10.05
2026-03-15 18:42:16,795 - DEBUG - findfont: score(FontEntry(fname='/usr/share/fonts/truetype/noto/NotoSansOlChiki-Regular.ttf', name='Noto Sans Ol Chiki', style='normal', variant='normal', weight=400, stretch='normal', size='scalable')) = 10.05
2026-03-15 18:42:16,795 - DEBUG - findfont: score(FontEntry(fname='/usr/share/fonts/truetype/noto/NotoSansMedefaidrin-Bold.ttf', name='Noto Sans Medefaidrin', style='normal', variant='normal', weight=700, stretch='normal', size='scalable')) = 10.335
2026-03-15 18:42:16,795 - DEBUG - findfont: score(FontEntry(fname='/usr/share/fonts/truetype/noto/NotoSansCaucasianAlbanian-Regular.ttf', name='Noto Sans Caucasian Albanian', style='normal', variant='normal', weight=400, stretch='normal', size='scalable')) = 10.05
2026-03-15 18:42:16,795 - DEBUG - findfont: score(FontEntry(fname='/usr/share/fonts/truetype/noto/NotoSansHanifiRohingya-Bold.ttf', name='Noto Sans Hanifi Rohingya', style='normal', variant='normal', weight=700, stretch='normal', size='scalable')) = 10.335
2026-03-15 18:42:16,795 - DEBUG - findfont: score(FontEntry(fname='/usr/share/fonts/truetype/noto/NotoSerifKhojki-Bold.ttf', name='Noto Serif Khojki', style='normal', variant='normal', weight=700, stretch='normal', size='scalable')) = 10.335
2026-03-15 18:42:16,795 - DEBUG - findfont: score(FontEntry(fname='/usr/share/fonts/truetype/noto/NotoSerifKhmer-Regular.ttf', name='Noto Serif Khmer', style='normal', variant='normal', weight=400, stretch='normal', size='scalable')) = 10.05
2026-03-15 18:42:16,795 - DEBUG - findfont: score(FontEntry(fname='/usr/share/fonts/truetype/noto/NotoSerifTelugu-Regular.ttf', name='Noto Serif Telugu', style='normal', variant='normal', weight=400, stretch='normal', size='scalable')) = 10.05
2026-03-15 18:42:16,795 - DEBUG - findfont: score(FontEntry(fname='/usr/share/fonts/truetype/noto/NotoSansMarchen-Regular.ttf', name='Noto Sans Marchen', style='normal', variant='normal', weight=400, stretch='normal', size='scalable')) = 10.05
2026-03-15 18:42:16,795 - DEBUG - findfont: score(FontEntry(fname='/usr/share/fonts/truetype/dejavu/DejaVuSerif.ttf', name='DejaVu Serif', style='normal', variant='normal', weight=400, stretch='normal', size='scalable')) = 10.05
2026-03-15 18:42:16,795 - DEBUG - findfont: score(FontEntry(fname='/usr/share/fonts/truetype/noto/NotoKufiArabic-Bold.ttf', name='Noto Kufi Arabic', style='normal', variant='normal', weight=700, stretch='normal', size='scalable')) = 10.335
2026-03-15 18:42:16,796 - DEBUG - findfont: score(FontEntry(fname='/usr/share/fonts/truetype/noto/NotoSansLepcha-Regular.ttf', name='Noto Sans Lepcha', style='normal', variant='normal', weight=400, stretch='normal', size='scalable')) = 10.05
2026-03-15 18:42:16,796 - DEBUG - findfont: score(FontEntry(fname='/usr/share/fonts/truetype/noto/NotoSansDisplay-Regular.ttf', name='Noto Sans Display', style='normal', variant='normal', weight=400, stretch='normal', size='scalable')) = 10.05
2026-03-15 18:42:16,796 - DEBUG - findfont: score(FontEntry(fname='/usr/share/fonts/truetype/noto/NotoSerifHebrew-Bold.ttf', name='Noto Serif Hebrew', style='normal', variant='normal', weight=700, stretch='normal', size='scalable')) = 10.335
2026-03-15 18:42:16,796 - DEBUG - findfont: score(FontEntry(fname='/usr/share/fonts/truetype/noto/NotoSansNewTaiLue-Regular.ttf', name='Noto Sans New Tai Lue', style='normal', variant='normal', weight=400, stretch='normal', size='scalable')) = 10.05
2026-03-15 18:42:16,796 - DEBUG - findfont: score(FontEntry(fname='/usr/share/fonts/truetype/noto/NotoSerifDisplay-Regular.ttf', name='Noto Serif Display', style='normal', variant='normal', weight=400, stretch='normal', size='scalable')) = 10.05
2026-03-15 18:42:16,796 - DEBUG - findfont: score(FontEntry(fname='/usr/share/fonts/truetype/noto/NotoSansSoraSompeng-Bold.ttf', name='Noto Sans Sora Sompeng', style='normal', variant='normal', weight=700, stretch='normal', size='scalable')) = 10.335
2026-03-15 18:42:16,796 - DEBUG - findfont: score(FontEntry(fname='/usr/share/fonts/truetype/noto/NotoSansMono-Regular.ttf', name='Noto Sans Mono', style='normal', variant='normal', weight=400, stretch='normal', size='scalable')) = 10.05
2026-03-15 18:42:16,796 - DEBUG - findfont: score(FontEntry(fname='/usr/share/fonts/truetype/noto/NotoSansShavian-Regular.ttf', name='Noto Sans Shavian', style='normal', variant='normal', weight=400, stretch='normal', size='scalable')) = 10.05
2026-03-15 18:42:16,796 - DEBUG - findfont: score(FontEntry(fname='/usr/share/fonts/opentype/urw-base35/NimbusRoman-BoldItalic.otf', name='Nimbus Roman', style='italic', variant='normal', weight=700, stretch='normal', size='scalable')) = 11.335
2026-03-15 18:42:16,796 - DEBUG - findfont: score(FontEntry(fname='/usr/share/fonts/truetype/noto/NotoSansOldTurkic-Regular.ttf', name='Noto Sans Old Turkic', style='normal', variant='normal', weight=400, stretch='normal', size='scalable')) = 10.05
2026-03-15 18:42:16,796 - DEBUG - findfont: score(FontEntry(fname='/usr/share/fonts/truetype/noto/NotoSansAdlam-Bold.ttf', name='Noto Sans Adlam', style='normal', variant='normal', weight=700, stretch='normal', size='scalable')) = 10.335
2026-03-15 18:42:16,796 - DEBUG - findfont: score(FontEntry(fname='/usr/share/fonts/truetype/noto/NotoNaskhArabic-Bold.ttf', name='Noto Naskh Arabic', style='normal', variant='normal', weight=700, stretch='normal', size='scalable')) = 10.335
2026-03-15 18:42:16,796 - DEBUG - findfont: score(FontEntry(fname='/usr/share/fonts/truetype/ubuntu/Ubuntu-C.ttf', name='Ubuntu', style='normal', variant='normal', weight=400, stretch='normal', size='scalable')) = 10.05
2026-03-15 18:42:16,796 - DEBUG - findfont: score(FontEntry(fname='/usr/share/fonts/opentype/urw-base35/NimbusMonoPS-Bold.otf', name='Nimbus Mono PS', style='normal', variant='normal', weight=700, stretch='normal', size='scalable')) = 10.335
2026-03-15 18:42:16,796 - DEBUG - findfont: score(FontEntry(fname='/usr/share/fonts/truetype/liberation/LiberationSerif-Italic.ttf', name='Liberation Serif', style='italic', variant='normal', weight=400, stretch='normal', size='scalable')) = 11.05
2026-03-15 18:42:16,796 - DEBUG - findfont: score(FontEntry(fname='/usr/share/fonts/truetype/noto/NotoSansGujarati-Regular.ttf', name='Noto Sans Gujarati', style='normal', variant='normal', weight=400, stretch='normal', size='scalable')) = 10.05
2026-03-15 18:42:16,796 - DEBUG - findfont: score(FontEntry(fname='/usr/share/fonts/truetype/ubuntu/Ubuntu-R.ttf', name='Ubuntu', style='normal', variant='normal', weight=400, stretch='normal', size='scalable')) = 10.05
2026-03-15 18:42:16,797 - DEBUG - findfont: score(FontEntry(fname='/usr/share/fonts/opentype/urw-base35/NimbusMonoPS-Italic.otf', name='Nimbus Mono PS', style='italic', variant='normal', weight=400, stretch='normal', size='scalable')) = 11.05
2026-03-15 18:42:16,797 - DEBUG - findfont: score(FontEntry(fname='/usr/share/fonts/truetype/ubuntu/Ubuntu-M.ttf', name='Ubuntu', style='normal', variant='normal', weight=400, stretch='normal', size='scalable')) = 10.05
2026-03-15 18:42:16,797 - DEBUG - findfont: score(FontEntry(fname='/usr/share/fonts/truetype/noto/NotoSerifKannada-Bold.ttf', name='Noto Serif Kannada', style='normal', variant='normal', weight=700, stretch='normal', size='scalable')) = 10.335
2026-03-15 18:42:16,797 - DEBUG - findfont: score(FontEntry(fname='/usr/share/fonts/truetype/noto/NotoSerifHebrew-Regular.ttf', name='Noto Serif Hebrew', style='normal', variant='normal', weight=400, stretch='normal', size='scalable')) = 10.05
2026-03-15 18:42:16,797 - DEBUG - findfont: score(FontEntry(fname='/usr/share/fonts/truetype/noto/NotoSerifGurmukhi-Regular.ttf', name='Noto Serif Gurmukhi', style='normal', variant='normal', weight=400, stretch='normal', size='scalable')) = 10.05
2026-03-15 18:42:16,797 - DEBUG - findfont: score(FontEntry(fname='/usr/share/fonts/truetype/liberation/LiberationSansNarrow-Regular.ttf', name='Liberation Sans Narrow', style='normal', variant='normal', weight=400, stretch='condensed', size='scalable')) = 10.25
2026-03-15 18:42:16,797 - DEBUG - findfont: score(FontEntry(fname='/usr/share/fonts/opentype/urw-base35/NimbusSans-Italic.otf', name='Nimbus Sans', style='italic', variant='normal', weight=400, stretch='normal', size='scalable')) = 11.05
2026-03-15 18:42:16,797 - DEBUG - findfont: score(FontEntry(fname='/usr/share/fonts/truetype/noto/NotoSansTamil-Regular.ttf', name='Noto Sans Tamil', style='normal', variant='normal', weight=400, stretch='normal', size='scalable')) = 10.05
2026-03-15 18:42:16,797 - DEBUG - findfont: score(FontEntry(fname='/usr/share/fonts/truetype/noto/NotoSansBamum-Bold.ttf', name='Noto Sans Bamum', style='normal', variant='normal', weight=700, stretch='normal', size='scalable')) = 10.335
2026-03-15 18:42:16,797 - DEBUG - findfont: score(FontEntry(fname='/usr/share/fonts/truetype/noto/NotoSansModi-Regular.ttf', name='Noto Sans Modi', style='normal', variant='normal', weight=400, stretch='normal', size='scalable')) = 10.05
2026-03-15 18:42:16,797 - DEBUG - findfont: score(FontEntry(fname='/usr/share/fonts/truetype/noto/NotoSansSaurashtra-Regular.ttf', name='Noto Sans Saurashtra', style='normal', variant='normal', weight=400, stretch='normal', size='scalable')) = 10.05
2026-03-15 18:42:16,797 - DEBUG - findfont: score(FontEntry(fname='/usr/share/fonts/truetype/noto/NotoSerifTibetan-Regular.ttf', name='Noto Serif Tibetan', style='normal', variant='normal', weight=400, stretch='normal', size='scalable')) = 10.05
2026-03-15 18:42:16,797 - DEBUG - findfont: score(FontEntry(fname='/usr/share/fonts/truetype/noto/NotoSansCoptic-Regular.ttf', name='Noto Sans Coptic', style='normal', variant='normal', weight=400, stretch='normal', size='scalable')) = 10.05
2026-03-15 18:42:16,797 - DEBUG - findfont: score(FontEntry(fname='/usr/share/fonts/truetype/noto/NotoSansKhojki-Regular.ttf', name='Noto Sans Khojki', style='normal', variant='normal', weight=400, stretch='normal', size='scalable')) = 10.05
2026-03-15 18:42:16,797 - DEBUG - findfont: score(FontEntry(fname='/usr/share/fonts/truetype/droid/DroidSansFallbackFull.ttf', name='Droid Sans Fallback', style='normal', variant='normal', weight=400, stretch='normal', size='scalable')) = 10.05
2026-03-15 18:42:16,797 - DEBUG - findfont: score(FontEntry(fname='/usr/share/fonts/truetype/ubuntu/Ubuntu-Italic[wdth,wght].ttf', name='Ubuntu', style='italic', variant='normal', weight=400, stretch='normal', size='scalable')) = 11.05
2026-03-15 18:42:16,797 - DEBUG - findfont: score(FontEntry(fname='/usr/share/fonts/truetype/noto/NotoSansNewa-Regular.ttf', name='Noto Sans Newa', style='normal', variant='normal', weight=400, stretch='normal', size='scalable')) = 10.05
2026-03-15 18:42:16,797 - DEBUG - findfont: score(FontEntry(fname='/usr/share/fonts/truetype/noto/NotoSansOldNorthArabian-Regular.ttf', name='Noto Sans Old North Arabian', style='normal', variant='normal', weight=400, stretch='normal', size='scalable')) = 10.05
2026-03-15 18:42:16,798 - DEBUG - findfont: score(FontEntry(fname='/usr/share/fonts/opentype/urw-base35/C059-Italic.otf', name='C059', style='italic', variant='normal', weight=400, stretch='normal', size='scalable')) = 11.05
2026-03-15 18:42:16,798 - DEBUG - findfont: score(FontEntry(fname='/usr/share/fonts/truetype/ubuntu/UbuntuSans[wdth,wght].ttf', name='Ubuntu Sans', style='normal', variant='normal', weight=400, stretch='normal', size='scalable')) = 10.05
2026-03-15 18:42:16,798 - DEBUG - findfont: score(FontEntry(fname='/usr/share/fonts/truetype/noto/NotoSansMedefaidrin-Regular.ttf', name='Noto Sans Medefaidrin', style='normal', variant='normal', weight=400, stretch='normal', size='scalable')) = 10.05
2026-03-15 18:42:16,798 - DEBUG - findfont: score(FontEntry(fname='/usr/share/fonts/truetype/noto/NotoSansTaiViet-Regular.ttf', name='Noto Sans Tai Viet', style='normal', variant='normal', weight=400, stretch='normal', size='scalable')) = 10.05
2026-03-15 18:42:16,798 - DEBUG - findfont: score(FontEntry(fname='/usr/share/fonts/truetype/noto/NotoSansLisu-Bold.ttf', name='Noto Sans Lisu', style='normal', variant='normal', weight=700, stretch='normal', size='scalable')) = 10.335
2026-03-15 18:42:16,798 - DEBUG - findfont: score(FontEntry(fname='/usr/share/fonts/truetype/noto/NotoSans-Regular.ttf', name='Noto Sans', style='normal', variant='normal', weight=400, stretch='normal', size='scalable')) = 10.05
2026-03-15 18:42:16,798 - DEBUG - findfont: score(FontEntry(fname='/home/hkds/.fonts/Roboto-Regular.ttf', name='Roboto', style='normal', variant='normal', weight=400, stretch='normal', size='scalable')) = 10.05
2026-03-15 18:42:16,798 - DEBUG - findfont: score(FontEntry(fname='/usr/share/fonts/truetype/dejavu/DejaVuSerif-Bold.ttf', name='DejaVu Serif', style='normal', variant='normal', weight=700, stretch='normal', size='scalable')) = 10.335
2026-03-15 18:42:16,798 - DEBUG - findfont: score(FontEntry(fname='/usr/share/fonts/truetype/noto/NotoSansKhmer-Bold.ttf', name='Noto Sans Khmer', style='normal', variant='normal', weight=700, stretch='normal', size='scalable')) = 10.335
2026-03-15 18:42:16,798 - DEBUG - findfont: score(FontEntry(fname='/usr/share/fonts/truetype/noto/NotoSansVai-Regular.ttf', name='Noto Sans Vai', style='normal', variant='normal', weight=400, stretch='normal', size='scalable')) = 10.05
2026-03-15 18:42:16,798 - DEBUG - findfont: score(FontEntry(fname='/usr/share/fonts/truetype/noto/NotoSerifThai-Regular.ttf', name='Noto Serif Thai', style='normal', variant='normal', weight=400, stretch='normal', size='scalable')) = 10.05
2026-03-15 18:42:16,798 - DEBUG - findfont: score(FontEntry(fname='/usr/share/fonts/truetype/noto/NotoSansCham-Bold.ttf', name='Noto Sans Cham', style='normal', variant='normal', weight=700, stretch='normal', size='scalable')) = 10.335
2026-03-15 18:42:16,798 - DEBUG - findfont: score(FontEntry(fname='/usr/share/fonts/truetype/noto/NotoSerifGujarati-Regular.ttf', name='Noto Serif Gujarati', style='normal', variant='normal', weight=400, stretch='normal', size='scalable')) = 10.05
2026-03-15 18:42:16,798 - DEBUG - findfont: score(FontEntry(fname='/usr/share/fonts/truetype/noto/NotoSansOgham-Regular.ttf', name='Noto Sans Ogham', style='normal', variant='normal', weight=400, stretch='normal', size='scalable')) = 10.05
2026-03-15 18:42:16,798 - DEBUG - findfont: score(FontEntry(fname='/usr/share/fonts/truetype/noto/NotoSansInscriptionalPahlavi-Regular.ttf', name='Noto Sans Inscriptional Pahlavi', style='normal', variant='normal', weight=400, stretch='normal', size='scalable')) = 10.05
2026-03-15 18:42:16,798 - DEBUG - findfont: score(FontEntry(fname='/usr/share/fonts/truetype/noto/NotoSerif-Italic.ttf', name='Noto Serif', style='italic', variant='normal', weight=400, stretch='normal', size='scalable')) = 11.05
2026-03-15 18:42:16,798 - DEBUG - findfont: score(FontEntry(fname='/usr/share/fonts/truetype/noto/NotoSansMyanmar-Bold.ttf', name='Noto Sans Myanmar', style='normal', variant='normal', weight=700, stretch='normal', size='scalable')) = 10.335
2026-03-15 18:42:16,799 - DEBUG - findfont: score(FontEntry(fname='/usr/share/fonts/truetype/noto/NotoSansLimbu-Regular.ttf', name='Noto Sans Limbu', style='normal', variant='normal', weight=400, stretch='normal', size='scalable')) = 10.05
2026-03-15 18:42:16,799 - DEBUG - findfont: score(FontEntry(fname='/usr/share/fonts/truetype/liberation/LiberationMono-Regular.ttf', name='Liberation Mono', style='normal', variant='normal', weight=400, stretch='normal', size='scalable')) = 10.05
2026-03-15 18:42:16,799 - DEBUG - findfont: score(FontEntry(fname='/usr/share/fonts/truetype/liberation/LiberationSans-BoldItalic.ttf', name='Liberation Sans', style='italic', variant='normal', weight=700, stretch='normal', size='scalable')) = 11.335
2026-03-15 18:42:16,799 - DEBUG - findfont: score(FontEntry(fname='/usr/share/fonts/truetype/noto/NotoSerifMalayalam-Bold.ttf', name='Noto Serif Malayalam', style='normal', variant='normal', weight=700, stretch='normal', size='scalable')) = 10.335
2026-03-15 18:42:16,799 - DEBUG - findfont: score(FontEntry(fname='/usr/share/fonts/truetype/noto/NotoSansEthiopic-Bold.ttf', name='Noto Sans Ethiopic', style='normal', variant='normal', weight=700, stretch='normal', size='scalable')) = 10.335
2026-03-15 18:42:16,799 - DEBUG - findfont: score(FontEntry(fname='/usr/share/fonts/truetype/noto/NotoSansHebrew-Bold.ttf', name='Noto Sans Hebrew', style='normal', variant='normal', weight=700, stretch='normal', size='scalable')) = 10.335
2026-03-15 18:42:16,799 - DEBUG - findfont: score(FontEntry(fname='/usr/share/fonts/truetype/noto/NotoSansTifinaghAzawagh-Regular.ttf', name='Noto Sans Tifinagh Azawagh', style='normal', variant='normal', weight=400, stretch='normal', size='scalable')) = 10.05
2026-03-15 18:42:16,799 - DEBUG - findfont: score(FontEntry(fname='/usr/share/fonts/truetype/noto/NotoSansTakri-Regular.ttf', name='Noto Sans Takri', style='normal', variant='normal', weight=400, stretch='normal', size='scalable')) = 10.05
2026-03-15 18:42:16,799 - DEBUG - findfont: score(FontEntry(fname='/usr/share/fonts/truetype/noto/NotoSansOldPersian-Regular.ttf', name='Noto Sans Old Persian', style='normal', variant='normal', weight=400, stretch='normal', size='scalable')) = 10.05
2026-03-15 18:42:16,799 - DEBUG - findfont: score(FontEntry(fname='/usr/share/fonts/truetype/noto/NotoSansBassaVah-Regular.ttf', name='Noto Sans Bassa Vah', style='normal', variant='normal', weight=400, stretch='normal', size='scalable')) = 10.05
2026-03-15 18:42:16,799 - DEBUG - findfont: score(FontEntry(fname='/usr/share/fonts/truetype/noto/NotoSansArmenian-Bold.ttf', name='Noto Sans Armenian', style='normal', variant='normal', weight=700, stretch='normal', size='scalable')) = 10.335
2026-03-15 18:42:16,799 - DEBUG - findfont: score(FontEntry(fname='/usr/share/fonts/truetype/noto/NotoSansOldSogdian-Regular.ttf', name='Noto Sans Old Sogdian', style='normal', variant='normal', weight=400, stretch='normal', size='scalable')) = 10.05
2026-03-15 18:42:16,799 - DEBUG - findfont: score(FontEntry(fname='/usr/share/fonts/truetype/ubuntu/Ubuntu-L.ttf', name='Ubuntu', style='normal', variant='normal', weight=400, stretch='normal', size='scalable')) = 10.05
2026-03-15 18:42:16,799 - DEBUG - findfont: score(FontEntry(fname='/usr/share/fonts/truetype/liberation/LiberationSerif-BoldItalic.ttf', name='Liberation Serif', style='italic', variant='normal', weight=700, stretch='normal', size='scalable')) = 11.335
2026-03-15 18:42:16,799 - DEBUG - findfont: score(FontEntry(fname='/usr/share/fonts/truetype/noto/NotoSansDisplay-Italic.ttf', name='Noto Sans Display', style='italic', variant='normal', weight=400, stretch='normal', size='scalable')) = 11.05
2026-03-15 18:42:16,799 - DEBUG - findfont: score(FontEntry(fname='/usr/share/fonts/truetype/noto/NotoNaskhArabic-Regular.ttf', name='Noto Naskh Arabic', style='normal', variant='normal', weight=400, stretch='normal', size='scalable')) = 10.05
2026-03-15 18:42:16,799 - DEBUG - findfont: score(FontEntry(fname='/usr/share/fonts/truetype/noto/NotoSansPhoenician-Regular.ttf', name='Noto Sans Phoenician', style='normal', variant='normal', weight=400, stretch='normal', size='scalable')) = 10.05
2026-03-15 18:42:16,799 - DEBUG - findfont: score(FontEntry(fname='/usr/share/fonts/truetype/noto/NotoSansWarangCiti-Regular.ttf', name='Noto Sans Warang Citi', style='normal', variant='normal', weight=400, stretch='normal', size='scalable')) = 10.05
2026-03-15 18:42:16,800 - DEBUG - findfont: score(FontEntry(fname='/usr/share/fonts/truetype/dejavu/DejaVuSansMono.ttf', name='DejaVu Sans Mono', style='normal', variant='normal', weight=400, stretch='normal', size='scalable')) = 10.05
2026-03-15 18:42:16,800 - DEBUG - findfont: score(FontEntry(fname='/usr/share/fonts/truetype/noto/NotoSansAdlamUnjoined-Bold.ttf', name='Noto Sans Adlam Unjoined', style='normal', variant='normal', weight=700, stretch='normal', size='scalable')) = 10.335
2026-03-15 18:42:16,800 - DEBUG - findfont: score(FontEntry(fname='/usr/share/fonts/truetype/noto/NotoSansZanabazarSquare-Regular.ttf', name='Noto Sans Zanabazar Square', style='normal', variant='normal', weight=400, stretch='normal', size='scalable')) = 10.05
2026-03-15 18:42:16,800 - DEBUG - findfont: score(FontEntry(fname='/usr/share/fonts/truetype/noto/NotoSansJavanese-Regular.ttf', name='Noto Sans Javanese', style='normal', variant='normal', weight=400, stretch='normal', size='scalable')) = 10.05
2026-03-15 18:42:16,800 - DEBUG - findfont: score(FontEntry(fname='/usr/share/fonts/truetype/noto/NotoSansPsalterPahlavi-Regular.ttf', name='Noto Sans Psalter Pahlavi', style='normal', variant='normal', weight=400, stretch='normal', size='scalable')) = 10.05
2026-03-15 18:42:16,800 - DEBUG - findfont: score(FontEntry(fname='/usr/share/fonts/truetype/noto/NotoSansSiddham-Regular.ttf', name='Noto Sans Siddham', style='normal', variant='normal', weight=400, stretch='normal', size='scalable')) = 10.05
2026-03-15 18:42:16,800 - DEBUG - findfont: score(FontEntry(fname='/usr/share/fonts/opentype/urw-base35/URWBookman-Demi.otf', name='URW Bookman', style='normal', variant='normal', weight=600, stretch='normal', size='scalable')) = 10.24
2026-03-15 18:42:16,800 - DEBUG - findfont: score(FontEntry(fname='/usr/share/fonts/truetype/noto/NotoSerifDisplay-Bold.ttf', name='Noto Serif Display', style='normal', variant='normal', weight=700, stretch='normal', size='scalable')) = 10.335
2026-03-15 18:42:16,800 - DEBUG - findfont: score(FontEntry(fname='/usr/share/fonts/opentype/urw-base35/NimbusRoman-Regular.otf', name='Nimbus Roman', style='normal', variant='normal', weight=400, stretch='normal', size='scalable')) = 10.05
2026-03-15 18:42:16,800 - DEBUG - findfont: score(FontEntry(fname='/usr/share/fonts/truetype/noto/NotoSansMalayalam-Bold.ttf', name='Noto Sans Malayalam', style='normal', variant='normal', weight=700, stretch='normal', size='scalable')) = 10.335
2026-03-15 18:42:16,800 - DEBUG - findfont: score(FontEntry(fname='/usr/share/fonts/truetype/noto/NotoLoopedThai-Regular.ttf', name='Noto Looped Thai', style='normal', variant='normal', weight=400, stretch='normal', size='scalable')) = 10.05
2026-03-15 18:42:16,800 - DEBUG - findfont: score(FontEntry(fname='/usr/share/fonts/truetype/noto/NotoSansBatak-Regular.ttf', name='Noto Sans Batak', style='normal', variant='normal', weight=400, stretch='normal', size='scalable')) = 10.05
2026-03-15 18:42:16,800 - DEBUG - findfont: score(FontEntry(fname='/usr/share/fonts/truetype/noto/NotoSansPauCinHau-Regular.ttf', name='Noto Sans Pau Cin Hau', style='normal', variant='normal', weight=400, stretch='normal', size='scalable')) = 10.05
2026-03-15 18:42:16,800 - DEBUG - findfont: score(FontEntry(fname='/usr/share/fonts/opentype/urw-base35/URWGothic-DemiOblique.otf', name='URW Gothic', style='oblique', variant='normal', weight=600, stretch='normal', size='scalable')) = 11.24
2026-03-15 18:42:16,800 - DEBUG - findfont: score(FontEntry(fname='/usr/share/fonts/truetype/noto/NotoSerifKhojki-Regular.ttf', name='Noto Serif Khojki', style='normal', variant='normal', weight=400, stretch='normal', size='scalable')) = 10.05
2026-03-15 18:42:16,800 - DEBUG - findfont: score(FontEntry(fname='/usr/share/fonts/truetype/noto/NotoSansTagbanwa-Regular.ttf', name='Noto Sans Tagbanwa', style='normal', variant='normal', weight=400, stretch='normal', size='scalable')) = 10.05
2026-03-15 18:42:16,800 - DEBUG - findfont: score(FontEntry(fname='/usr/share/fonts/truetype/noto/NotoSansGeorgian-Bold.ttf', name='Noto Sans Georgian', style='normal', variant='normal', weight=700, stretch='normal', size='scalable')) = 10.335
2026-03-15 18:42:16,801 - DEBUG - findfont: score(FontEntry(fname='/usr/share/fonts/truetype/noto/NotoSansRunic-Regular.ttf', name='Noto Sans Runic', style='normal', variant='normal', weight=400, stretch='normal', size='scalable')) = 10.05
2026-03-15 18:42:16,801 - DEBUG - findfont: score(FontEntry(fname='/usr/share/fonts/truetype/noto/NotoSansGurmukhi-Regular.ttf', name='Noto Sans Gurmukhi', style='normal', variant='normal', weight=400, stretch='normal', size='scalable')) = 10.05
2026-03-15 18:42:16,801 - DEBUG - findfont: score(FontEntry(fname='/usr/share/fonts/truetype/noto/NotoSansSoraSompeng-Regular.ttf', name='Noto Sans Sora Sompeng', style='normal', variant='normal', weight=400, stretch='normal', size='scalable')) = 10.05
2026-03-15 18:42:16,801 - DEBUG - findfont: score(FontEntry(fname='/usr/share/fonts/truetype/noto/NotoSerifBalinese-Regular.ttf', name='Noto Serif Balinese', style='normal', variant='normal', weight=400, stretch='normal', size='scalable')) = 10.05
2026-03-15 18:42:16,801 - DEBUG - findfont: score(FontEntry(fname='/usr/share/fonts/truetype/noto/NotoSerifTamilSlanted-Regular.ttf', name='Noto Serif Tamil Slanted', style='normal', variant='normal', weight=400, stretch='normal', size='scalable')) = 10.05
2026-03-15 18:42:16,801 - DEBUG - findfont: score(FontEntry(fname='/usr/share/fonts/truetype/dejavu/DejaVuSansMono-Oblique.ttf', name='DejaVu Sans Mono', style='oblique', variant='normal', weight=400, stretch='normal', size='scalable')) = 11.05
2026-03-15 18:42:16,801 - DEBUG - findfont: score(FontEntry(fname='/usr/share/fonts/truetype/noto/NotoSansYi-Regular.ttf', name='Noto Sans Yi', style='normal', variant='normal', weight=400, stretch='normal', size='scalable')) = 10.05
2026-03-15 18:42:16,801 - DEBUG - findfont: score(FontEntry(fname='/usr/share/fonts/opentype/urw-base35/NimbusSansNarrow-Regular.otf', name='Nimbus Sans Narrow', style='normal', variant='normal', weight=400, stretch='condensed', size='scalable')) = 10.25
2026-03-15 18:42:16,801 - DEBUG - findfont: score(FontEntry(fname='/usr/share/fonts/truetype/ubuntu/UbuntuMono-R.ttf', name='Ubuntu Mono', style='normal', variant='normal', weight=400, stretch='normal', size='scalable')) = 10.05
2026-03-15 18:42:16,801 - DEBUG - findfont: score(FontEntry(fname='/usr/share/fonts/truetype/noto/NotoSansBrahmi-Regular.ttf', name='Noto Sans Brahmi', style='normal', variant='normal', weight=400, stretch='normal', size='scalable')) = 10.05
2026-03-15 18:42:16,801 - DEBUG - findfont: score(FontEntry(fname='/usr/share/fonts/truetype/noto/NotoSansOsage-Regular.ttf', name='Noto Sans Osage', style='normal', variant='normal', weight=400, stretch='normal', size='scalable')) = 10.05
2026-03-15 18:42:16,801 - DEBUG - findfont: score(FontEntry(fname='/usr/share/fonts/truetype/noto/NotoSansTamil-Bold.ttf', name='Noto Sans Tamil', style='normal', variant='normal', weight=700, stretch='normal', size='scalable')) = 10.335
2026-03-15 18:42:16,801 - DEBUG - findfont: score(FontEntry(fname='/usr/share/fonts/truetype/noto/NotoSansArmenian-Regular.ttf', name='Noto Sans Armenian', style='normal', variant='normal', weight=400, stretch='normal', size='scalable')) = 10.05
2026-03-15 18:42:16,801 - DEBUG - findfont: score(FontEntry(fname='/usr/share/fonts/opentype/urw-base35/URWBookman-Light.otf', name='URW Bookman', style='normal', variant='normal', weight=300, stretch='normal', size='scalable')) = 10.145
2026-03-15 18:42:16,801 - DEBUG - findfont: score(FontEntry(fname='/usr/share/fonts/truetype/noto/NotoSansMandaic-Regular.ttf', name='Noto Sans Mandaic', style='normal', variant='normal', weight=400, stretch='normal', size='scalable')) = 10.05
2026-03-15 18:42:16,801 - DEBUG - findfont: score(FontEntry(fname='/usr/share/fonts/truetype/noto/NotoSansCarian-Regular.ttf', name='Noto Sans Carian', style='normal', variant='normal', weight=400, stretch='normal', size='scalable')) = 10.05
2026-03-15 18:42:16,801 - DEBUG - findfont: score(FontEntry(fname='/usr/share/fonts/truetype/noto/NotoSansMono-Bold.ttf', name='Noto Sans Mono', style='normal', variant='normal', weight=700, stretch='normal', size='scalable')) = 10.335
2026-03-15 18:42:16,801 - DEBUG - findfont: score(FontEntry(fname='/usr/share/fonts/truetype/noto/NotoSansCherokee-Regular.ttf', name='Noto Sans Cherokee', style='normal', variant='normal', weight=400, stretch='normal', size='scalable')) = 10.05
2026-03-15 18:42:16,802 - DEBUG - findfont: score(FontEntry(fname='/usr/share/fonts/truetype/noto/NotoSansOlChiki-Bold.ttf', name='Noto Sans Ol Chiki', style='normal', variant='normal', weight=700, stretch='normal', size='scalable')) = 10.335
2026-03-15 18:42:16,802 - DEBUG - findfont: score(FontEntry(fname='/usr/share/fonts/truetype/noto/NotoSansHanifiRohingya-Regular.ttf', name='Noto Sans Hanifi Rohingya', style='normal', variant='normal', weight=400, stretch='normal', size='scalable')) = 10.05
2026-03-15 18:42:16,802 - DEBUG - findfont: score(FontEntry(fname='/usr/share/fonts/truetype/noto/NotoSansHanunoo-Regular.ttf', name='Noto Sans Hanunoo', style='normal', variant='normal', weight=400, stretch='normal', size='scalable')) = 10.05
2026-03-15 18:42:16,802 - DEBUG - findfont: score(FontEntry(fname='/usr/share/fonts/truetype/liberation/LiberationSansNarrow-Bold.ttf', name='Liberation Sans Narrow', style='normal', variant='normal', weight=700, stretch='condensed', size='scalable')) = 10.535
2026-03-15 18:42:16,802 - DEBUG - findfont: score(FontEntry(fname='/usr/share/fonts/truetype/noto/NotoSans-Italic.ttf', name='Noto Sans', style='italic', variant='normal', weight=400, stretch='normal', size='scalable')) = 11.05
2026-03-15 18:42:16,802 - DEBUG - findfont: score(FontEntry(fname='/usr/share/fonts/truetype/noto/NotoSansThaana-Bold.ttf', name='Noto Sans Thaana', style='normal', variant='normal', weight=700, stretch='normal', size='scalable')) = 10.335
2026-03-15 18:42:16,802 - DEBUG - findfont: score(FontEntry(fname='/usr/share/fonts/truetype/noto/NotoSansPalmyrene-Regular.ttf', name='Noto Sans Palmyrene', style='normal', variant='normal', weight=400, stretch='normal', size='scalable')) = 10.05
2026-03-15 18:42:16,802 - DEBUG - findfont: score(FontEntry(fname='/usr/share/fonts/opentype/urw-base35/NimbusSansNarrow-BoldOblique.otf', name='Nimbus Sans Narrow', style='oblique', variant='normal', weight=700, stretch='condensed', size='scalable')) = 11.535
2026-03-15 18:42:16,802 - DEBUG - findfont: score(FontEntry(fname='/usr/share/fonts/truetype/noto/NotoSerifSinhala-Regular.ttf', name='Noto Serif Sinhala', style='normal', variant='normal', weight=400, stretch='normal', size='scalable')) = 10.05
2026-03-15 18:42:16,802 - DEBUG - findfont: score(FontEntry(fname='/usr/share/fonts/truetype/noto/NotoSansNushu-Regular.ttf', name='Noto Sans Nushu', style='normal', variant='normal', weight=400, stretch='normal', size='scalable')) = 10.05
2026-03-15 18:42:16,802 - DEBUG - findfont: score(FontEntry(fname='/usr/share/fonts/truetype/noto/NotoSerifArmenian-Regular.ttf', name='Noto Serif Armenian', style='normal', variant='normal', weight=400, stretch='normal', size='scalable')) = 10.05
2026-03-15 18:42:16,802 - DEBUG - findfont: score(FontEntry(fname='/usr/share/fonts/truetype/noto/NotoSansBengali-Bold.ttf', name='Noto Sans Bengali', style='normal', variant='normal', weight=700, stretch='normal', size='scalable')) = 10.335
2026-03-15 18:42:16,802 - DEBUG - findfont: score(FontEntry(fname='/usr/share/fonts/truetype/noto/NotoSerifDevanagari-Bold.ttf', name='Noto Serif Devanagari', style='normal', variant='normal', weight=700, stretch='normal', size='scalable')) = 10.335
2026-03-15 18:42:16,802 - DEBUG - findfont: score(FontEntry(fname='/usr/share/fonts/truetype/ubuntu/UbuntuMono[wght].ttf', name='Ubuntu Mono', style='normal', variant='normal', weight=400, stretch='normal', size='scalable')) = 10.05
2026-03-15 18:42:16,802 - DEBUG - findfont: score(FontEntry(fname='/usr/share/fonts/truetype/noto/NotoSansPahawhHmong-Regular.ttf', name='Noto Sans Pahawh Hmong', style='normal', variant='normal', weight=400, stretch='normal', size='scalable')) = 10.05
2026-03-15 18:42:16,802 - DEBUG - findfont: score(FontEntry(fname='/usr/share/fonts/truetype/noto/NotoSansAdlam-Regular.ttf', name='Noto Sans Adlam', style='normal', variant='normal', weight=400, stretch='normal', size='scalable')) = 10.05
2026-03-15 18:42:16,802 - DEBUG - findfont: score(FontEntry(fname='/usr/share/fonts/truetype/ubuntu/UbuntuMono-B.ttf', name='Ubuntu Mono', style='normal', variant='normal', weight=400, stretch='normal', size='scalable')) = 10.05
2026-03-15 18:42:16,802 - DEBUG - findfont: score(FontEntry(fname='/usr/share/fonts/truetype/noto/NotoSansCham-Regular.ttf', name='Noto Sans Cham', style='normal', variant='normal', weight=400, stretch='normal', size='scalable')) = 10.05
2026-03-15 18:42:16,803 - DEBUG - findfont: score(FontEntry(fname='/usr/share/fonts/opentype/urw-base35/D050000L.otf', name='D050000L', style='normal', variant='normal', weight=400, stretch='normal', size='scalable')) = 10.05
2026-03-15 18:42:16,803 - DEBUG - findfont: score(FontEntry(fname='/usr/share/fonts/truetype/noto/NotoSansCanadianAboriginal-Regular.ttf', name='Noto Sans Canadian Aboriginal', style='normal', variant='normal', weight=400, stretch='normal', size='scalable')) = 10.05
2026-03-15 18:42:16,803 - DEBUG - findfont: score(FontEntry(fname='/usr/share/fonts/truetype/ubuntu/Ubuntu-Th.ttf', name='Ubuntu', style='normal', variant='normal', weight=400, stretch='normal', size='scalable')) = 10.05
2026-03-15 18:42:16,803 - DEBUG - findfont: score(FontEntry(fname='/usr/share/fonts/opentype/urw-base35/URWGothic-BookOblique.otf', name='URW Gothic', style='oblique', variant='normal', weight=400, stretch='normal', size='scalable')) = 11.05
2026-03-15 18:42:16,803 - DEBUG - findfont: score(FontEntry(fname='/usr/share/fonts/opentype/urw-base35/NimbusSansNarrow-Bold.otf', name='Nimbus Sans Narrow', style='normal', variant='normal', weight=700, stretch='condensed', size='scalable')) = 10.535
2026-03-15 18:42:16,803 - DEBUG - findfont: score(FontEntry(fname='/usr/share/fonts/truetype/noto/NotoSansOriya-Regular.ttf', name='Noto Sans Oriya', style='normal', variant='normal', weight=400, stretch='normal', size='scalable')) = 10.05
2026-03-15 18:42:16,803 - DEBUG - findfont: score(FontEntry(fname='/usr/share/fonts/truetype/noto/NotoSansTelugu-Regular.ttf', name='Noto Sans Telugu', style='normal', variant='normal', weight=400, stretch='normal', size='scalable')) = 10.05
2026-03-15 18:42:16,803 - DEBUG - findfont: score(FontEntry(fname='/usr/share/fonts/truetype/noto/NotoSerifTangut-Regular.ttf', name='Noto Serif Tangut', style='normal', variant='normal', weight=400, stretch='normal', size='scalable')) = 10.05
2026-03-15 18:42:16,803 - DEBUG - findfont: score(FontEntry(fname='/usr/share/fonts/truetype/noto/NotoSerifDogra-Regular.ttf', name='Noto Serif Dogra', style='normal', variant='normal', weight=400, stretch='normal', size='scalable')) = 10.05
2026-03-15 18:42:16,803 - DEBUG - findfont: score(FontEntry(fname='/usr/share/fonts/truetype/ubuntu/UbuntuMono-Italic[wght].ttf', name='Ubuntu Mono', style='italic', variant='normal', weight=400, stretch='normal', size='scalable')) = 11.05
2026-03-15 18:42:16,803 - DEBUG - findfont: score(FontEntry(fname='/usr/share/fonts/truetype/noto/NotoSansTifinaghAdrar-Regular.ttf', name='Noto Sans Tifinagh Adrar', style='normal', variant='normal', weight=400, stretch='normal', size='scalable')) = 10.05
2026-03-15 18:42:16,803 - DEBUG - findfont: score(FontEntry(fname='/usr/share/fonts/truetype/noto/NotoSansGunjalaGondi-Regular.ttf', name='Noto Sans Gunjala Gondi', style='normal', variant='normal', weight=400, stretch='normal', size='scalable')) = 10.05
2026-03-15 18:42:16,803 - DEBUG - findfont: score(FontEntry(fname='/usr/share/fonts/opentype/urw-base35/URWGothic-Demi.otf', name='URW Gothic', style='normal', variant='normal', weight=600, stretch='normal', size='scalable')) = 10.24
2026-03-15 18:42:16,803 - DEBUG - findfont: score(FontEntry(fname='/usr/share/fonts/truetype/noto/NotoSerifEthiopic-Bold.ttf', name='Noto Serif Ethiopic', style='normal', variant='normal', weight=700, stretch='normal', size='scalable')) = 10.335
2026-03-15 18:42:16,803 - DEBUG - findfont: score(FontEntry(fname='/usr/share/fonts/truetype/noto/NotoSansTifinaghTawellemmet-Regular.ttf', name='Noto Sans Tifinagh Tawellemmet', style='normal', variant='normal', weight=400, stretch='normal', size='scalable')) = 10.05
2026-03-15 18:42:16,803 - DEBUG - findfont: score(FontEntry(fname='/usr/share/fonts/truetype/noto/NotoSansTagalog-Regular.ttf', name='Noto Sans Tagalog', style='normal', variant='normal', weight=400, stretch='normal', size='scalable')) = 10.05
2026-03-15 18:42:16,803 - DEBUG - findfont: score(FontEntry(fname='/usr/share/fonts/truetype/noto/NotoSansKharoshthi-Regular.ttf', name='Noto Sans Kharoshthi', style='normal', variant='normal', weight=400, stretch='normal', size='scalable')) = 10.05
2026-03-15 18:42:16,803 - DEBUG - findfont: score(FontEntry(fname='/usr/share/fonts/truetype/noto/NotoSansCanadianAboriginal-Bold.ttf', name='Noto Sans Canadian Aboriginal', style='normal', variant='normal', weight=700, stretch='normal', size='scalable')) = 10.335
2026-03-15 18:42:16,803 - DEBUG - findfont: score(FontEntry(fname='/usr/share/fonts/truetype/noto/NotoSerifThai-Bold.ttf', name='Noto Serif Thai', style='normal', variant='normal', weight=700, stretch='normal', size='scalable')) = 10.335
2026-03-15 18:42:16,803 - DEBUG - findfont: score(FontEntry(fname='/usr/share/fonts/truetype/noto/NotoNastaliqUrdu-Regular.ttf', name='Noto Nastaliq Urdu', style='normal', variant='normal', weight=400, stretch='normal', size='scalable')) = 10.05
2026-03-15 18:42:16,803 - DEBUG - findfont: score(FontEntry(fname='/usr/share/fonts/opentype/urw-base35/P052-BoldItalic.otf', name='P052', style='italic', variant='normal', weight=700, stretch='normal', size='scalable')) = 11.335
2026-03-15 18:42:16,803 - DEBUG - findfont: score(FontEntry(fname='/usr/share/fonts/truetype/noto/NotoSerifAhom-Regular.ttf', name='Noto Serif Ahom', style='normal', variant='normal', weight=400, stretch='normal', size='scalable')) = 10.05
2026-03-15 18:42:16,804 - DEBUG - findfont: score(FontEntry(fname='/usr/share/fonts/truetype/noto/NotoSansOldSouthArabian-Regular.ttf', name='Noto Sans Old South Arabian', style='normal', variant='normal', weight=400, stretch='normal', size='scalable')) = 10.05
2026-03-15 18:42:16,804 - DEBUG - findfont: score(FontEntry(fname='/usr/share/fonts/truetype/noto/NotoSerifBengali-Regular.ttf', name='Noto Serif Bengali', style='normal', variant='normal', weight=400, stretch='normal', size='scalable')) = 10.05
2026-03-15 18:42:16,804 - DEBUG - findfont: score(FontEntry(fname='/usr/share/fonts/truetype/noto/NotoSansThaana-Regular.ttf', name='Noto Sans Thaana', style='normal', variant='normal', weight=400, stretch='normal', size='scalable')) = 10.05
2026-03-15 18:42:16,804 - DEBUG - findfont: score(FontEntry(fname='/usr/share/fonts/truetype/noto/NotoTraditionalNushu-Regular.ttf', name='Noto Traditional Nushu', style='normal', variant='normal', weight=400, stretch='normal', size='scalable')) = 10.05
2026-03-15 18:42:16,804 - DEBUG - findfont: score(FontEntry(fname='/usr/share/fonts/opentype/noto/NotoSansCJK-Regular.ttc', name='Noto Sans CJK JP', style='normal', variant='normal', weight=400, stretch='normal', size='scalable')) = 10.05
2026-03-15 18:42:16,804 - DEBUG - findfont: score(FontEntry(fname='/usr/share/fonts/truetype/noto/NotoSansThai-Bold.ttf', name='Noto Sans Thai', style='normal', variant='normal', weight=700, stretch='normal', size='scalable')) = 10.335
2026-03-15 18:42:16,804 - DEBUG - findfont: score(FontEntry(fname='/usr/share/fonts/truetype/noto/NotoSerifEthiopic-Regular.ttf', name='Noto Serif Ethiopic', style='normal', variant='normal', weight=400, stretch='normal', size='scalable')) = 10.05
2026-03-15 18:42:16,804 - DEBUG - findfont: score(FontEntry(fname='/usr/share/fonts/opentype/urw-base35/URWGothic-Book.otf', name='URW Gothic', style='normal', variant='normal', weight=400, stretch='normal', size='scalable')) = 10.05
2026-03-15 18:42:16,804 - DEBUG - findfont: score(FontEntry(fname='/usr/share/fonts/truetype/noto/NotoSansSylotiNagri-Regular.ttf', name='Noto Sans Syloti Nagri', style='normal', variant='normal', weight=400, stretch='normal', size='scalable')) = 10.05
2026-03-15 18:42:16,804 - DEBUG - findfont: score(FontEntry(fname='/usr/share/fonts/truetype/noto/NotoSerifMalayalam-Regular.ttf', name='Noto Serif Malayalam', style='normal', variant='normal', weight=400, stretch='normal', size='scalable')) = 10.05
2026-03-15 18:42:16,804 - DEBUG - findfont: score(FontEntry(fname='/usr/share/fonts/truetype/noto/NotoSansKayahLi-Bold.ttf', name='Noto Sans Kayah Li', style='normal', variant='normal', weight=700, stretch='normal', size='scalable')) = 10.335
2026-03-15 18:42:16,804 - DEBUG - findfont: score(FontEntry(fname='/usr/share/fonts/truetype/noto/NotoSansLinearB-Regular.ttf', name='Noto Sans Linear B', style='normal', variant='normal', weight=400, stretch='normal', size='scalable')) = 10.05
2026-03-15 18:42:16,804 - DEBUG - findfont: score(FontEntry(fname='/usr/share/fonts/truetype/noto/NotoSansHatran-Regular.ttf', name='Noto Sans Hatran', style='normal', variant='normal', weight=400, stretch='normal', size='scalable')) = 10.05
2026-03-15 18:42:16,804 - DEBUG - findfont: score(FontEntry(fname='/usr/share/fonts/truetype/noto/NotoSerifDevanagari-Regular.ttf', name='Noto Serif Devanagari', style='normal', variant='normal', weight=400, stretch='normal', size='scalable')) = 10.05
2026-03-15 18:42:16,804 - DEBUG - findfont: score(FontEntry(fname='/usr/share/fonts/truetype/noto/NotoSansElymaic-Regular.ttf', name='Noto Sans Elymaic', style='normal', variant='normal', weight=400, stretch='normal', size='scalable')) = 10.05
2026-03-15 18:42:16,804 - DEBUG - findfont: score(FontEntry(fname='/usr/share/fonts/truetype/noto/NotoSans-Bold.ttf', name='Noto Sans', style='normal', variant='normal', weight=700, stretch='normal', size='scalable')) = 10.335
2026-03-15 18:42:16,804 - DEBUG - findfont: score(FontEntry(fname='/usr/share/fonts/truetype/noto/NotoSansTifinaghHawad-Regular.ttf', name='Noto Sans Tifinagh Hawad', style='normal', variant='normal', weight=400, stretch='normal', size='scalable')) = 10.05
2026-03-15 18:42:16,804 - DEBUG - findfont: score(FontEntry(fname='/usr/share/fonts/truetype/noto/NotoSansBuhid-Regular.ttf', name='Noto Sans Buhid', style='normal', variant='normal', weight=400, stretch='normal', size='scalable')) = 10.05
2026-03-15 18:42:16,805 - DEBUG - findfont: score(FontEntry(fname='/usr/share/fonts/truetype/noto/NotoSansEgyptianHieroglyphs-Regular.ttf', name='Noto Sans Egyptian Hieroglyphs', style='normal', variant='normal', weight=400, stretch='normal', size='scalable')) = 10.05
2026-03-15 18:42:16,805 - DEBUG - findfont: score(FontEntry(fname='/usr/share/fonts/truetype/noto/NotoSansOldHungarian-Regular.ttf', name='Noto Sans Old Hungarian', style='normal', variant='normal', weight=400, stretch='normal', size='scalable')) = 10.05
2026-03-15 18:42:16,805 - DEBUG - findfont: score(FontEntry(fname='/usr/share/fonts/truetype/noto/NotoSerifTelugu-Bold.ttf', name='Noto Serif Telugu', style='normal', variant='normal', weight=700, stretch='normal', size='scalable')) = 10.335
2026-03-15 18:42:16,805 - DEBUG - findfont: score(FontEntry(fname='/usr/share/fonts/truetype/noto/NotoSans-BoldItalic.ttf', name='Noto Sans', style='italic', variant='normal', weight=700, stretch='normal', size='scalable')) = 11.335
2026-03-15 18:42:16,805 - DEBUG - findfont: score(FontEntry(fname='/usr/share/fonts/truetype/noto/NotoSansTaiLe-Regular.ttf', name='Noto Sans Tai Le', style='normal', variant='normal', weight=400, stretch='normal', size='scalable')) = 10.05
2026-03-15 18:42:16,805 - DEBUG - findfont: score(FontEntry(fname='/usr/share/fonts/truetype/noto/NotoSansSoyombo-Regular.ttf', name='Noto Sans Soyombo', style='normal', variant='normal', weight=400, stretch='normal', size='scalable')) = 10.05
2026-03-15 18:42:16,805 - DEBUG - findfont: score(FontEntry(fname='/usr/share/fonts/truetype/dejavu/DejaVuSansMono-Bold.ttf', name='DejaVu Sans Mono', style='normal', variant='normal', weight=700, stretch='normal', size='scalable')) = 10.335
2026-03-15 18:42:16,805 - DEBUG - findfont: score(FontEntry(fname='/usr/share/fonts/truetype/noto/NotoLoopedLao-Regular.ttf', name='Noto Looped Lao', style='normal', variant='normal', weight=400, stretch='normal', size='scalable')) = 10.05
2026-03-15 18:42:16,805 - DEBUG - findfont: score(FontEntry(fname='/usr/share/fonts/truetype/noto/NotoSansMath-Regular.ttf', name='Noto Sans Math', style='normal', variant='normal', weight=400, stretch='normal', size='scalable')) = 10.05
2026-03-15 18:42:16,805 - DEBUG - findfont: score(FontEntry(fname='/usr/share/fonts/truetype/noto/NotoSerifMyanmar-Bold.ttf', name='Noto Serif Myanmar', style='normal', variant='normal', weight=400, stretch='normal', size='scalable')) = 10.05
2026-03-15 18:42:16,805 - DEBUG - findfont: score(FontEntry(fname='/usr/share/fonts/truetype/noto/NotoSerifGurmukhi-Bold.ttf', name='Noto Serif Gurmukhi', style='normal', variant='normal', weight=700, stretch='normal', size='scalable')) = 10.335
2026-03-15 18:42:16,805 - DEBUG - findfont: score(FontEntry(fname='/usr/share/fonts/opentype/urw-base35/C059-Roman.otf', name='C059', style='normal', variant='normal', weight=400, stretch='normal', size='scalable')) = 10.05
2026-03-15 18:42:16,805 - DEBUG - findfont: score(FontEntry(fname='/usr/share/fonts/truetype/noto/NotoSerifLao-Bold.ttf', name='Noto Serif Lao', style='normal', variant='normal', weight=700, stretch='normal', size='scalable')) = 10.335
2026-03-15 18:42:16,805 - DEBUG - findfont: score(FontEntry(fname='/usr/share/fonts/truetype/noto/NotoSansManichaean-Regular.ttf', name='Noto Sans Manichaean', style='normal', variant='normal', weight=400, stretch='normal', size='scalable')) = 10.05
2026-03-15 18:42:16,805 - DEBUG - findfont: score(FontEntry(fname='/usr/share/fonts/truetype/noto/NotoSansOldPermic-Regular.ttf', name='Noto Sans Old Permic', style='normal', variant='normal', weight=400, stretch='normal', size='scalable')) = 10.05
2026-03-15 18:42:16,805 - DEBUG - findfont: score(FontEntry(fname='/usr/share/fonts/truetype/noto/NotoSansGlagolitic-Regular.ttf', name='Noto Sans Glagolitic', style='normal', variant='normal', weight=400, stretch='normal', size='scalable')) = 10.05
2026-03-15 18:42:16,805 - DEBUG - findfont: score(FontEntry(fname='/usr/share/fonts/truetype/noto/NotoSansTifinaghAhaggar-Regular.ttf', name='Noto Sans Tifinagh Ahaggar', style='normal', variant='normal', weight=400, stretch='normal', size='scalable')) = 10.05
2026-03-15 18:42:16,805 - DEBUG - findfont: score(FontEntry(fname='/usr/share/fonts/truetype/noto/NotoSerif-BoldItalic.ttf', name='Noto Serif', style='italic', variant='normal', weight=700, stretch='normal', size='scalable')) = 11.335
2026-03-15 18:42:16,805 - DEBUG - findfont: score(FontEntry(fname='/usr/share/fonts/truetype/ubuntu/UbuntuSansMono[wght].ttf', name='Ubuntu Sans Mono', style='normal', variant='normal', weight=400, stretch='normal', size='scalable')) = 10.05
2026-03-15 18:42:16,806 - DEBUG - findfont: score(FontEntry(fname='/usr/share/fonts/truetype/noto/NotoSansMahajani-Regular.ttf', name='Noto Sans Mahajani', style='normal', variant='normal', weight=400, stretch='normal', size='scalable')) = 10.05
2026-03-15 18:42:16,806 - DEBUG - findfont: score(FontEntry(fname='/usr/share/fonts/opentype/urw-base35/P052-Roman.otf', name='P052', style='normal', variant='normal', weight=400, stretch='normal', size='scalable')) = 10.05
2026-03-15 18:42:16,806 - DEBUG - findfont: score(FontEntry(fname='/usr/share/fonts/truetype/noto/NotoSansNKo-Regular.ttf', name='Noto Sans NKo', style='normal', variant='normal', weight=400, stretch='normal', size='scalable')) = 10.05
2026-03-15 18:42:16,806 - DEBUG - findfont: score(FontEntry(fname='/usr/share/fonts/truetype/noto/NotoRashiHebrew-Bold.ttf', name='Noto Rashi Hebrew', style='normal', variant='normal', weight=700, stretch='normal', size='scalable')) = 10.335
2026-03-15 18:42:16,806 - DEBUG - findfont: score(FontEntry(fname='/usr/share/fonts/truetype/noto/NotoSansArabic-Regular.ttf', name='Noto Sans Arabic', style='normal', variant='normal', weight=400, stretch='normal', size='scalable')) = 10.05
2026-03-15 18:42:16,806 - DEBUG - findfont: score(FontEntry(fname='/usr/share/fonts/truetype/noto/NotoSansAvestan-Regular.ttf', name='Noto Sans Avestan', style='normal', variant='normal', weight=400, stretch='normal', size='scalable')) = 10.05
2026-03-15 18:42:16,806 - DEBUG - findfont: score(FontEntry(fname='/usr/share/fonts/truetype/noto/NotoSerifTibetan-Bold.ttf', name='Noto Serif Tibetan', style='normal', variant='normal', weight=700, stretch='normal', size='scalable')) = 10.335
2026-03-15 18:42:16,806 - DEBUG - findfont: score(FontEntry(fname='/usr/share/fonts/truetype/noto/NotoSansDisplay-BoldItalic.ttf', name='Noto Sans Display', style='italic', variant='normal', weight=700, stretch='normal', size='scalable')) = 11.335
2026-03-15 18:42:16,806 - DEBUG - findfont: score(FontEntry(fname='/usr/share/fonts/truetype/noto/NotoSansSymbols2-Regular.ttf', name='Noto Sans Symbols2', style='normal', variant='normal', weight=400, stretch='normal', size='scalable')) = 10.05
2026-03-15 18:42:16,806 - DEBUG - findfont: score(FontEntry(fname='/usr/share/fonts/truetype/noto/NotoSansGrantha-Regular.ttf', name='Noto Sans Grantha', style='normal', variant='normal', weight=400, stretch='normal', size='scalable')) = 10.05
2026-03-15 18:42:16,806 - DEBUG - findfont: score(FontEntry(fname='/usr/share/fonts/opentype/urw-base35/C059-BdIta.otf', name='C059', style='italic', variant='normal', weight=700, stretch='normal', size='scalable')) = 11.335
2026-03-15 18:42:16,806 - DEBUG - findfont: score(FontEntry(fname='/usr/share/fonts/truetype/noto/NotoSansMasaramGondi-Regular.ttf', name='Noto Sans Masaram Gondi', style='normal', variant='normal', weight=400, stretch='normal', size='scalable')) = 10.05
2026-03-15 18:42:16,806 - DEBUG - findfont: score(FontEntry(fname='/usr/share/fonts/truetype/noto/NotoMusic-Regular.ttf', name='Noto Music', style='normal', variant='normal', weight=400, stretch='normal', size='scalable')) = 10.05
2026-03-15 18:42:16,806 - DEBUG - findfont: score(FontEntry(fname='/usr/share/fonts/truetype/dejavu/DejaVuSans.ttf', name='DejaVu Sans', style='normal', variant='normal', weight=400, stretch='normal', size='scalable')) = 0.05
2026-03-15 18:42:16,806 - DEBUG - findfont: score(FontEntry(fname='/usr/share/fonts/truetype/noto/NotoSansGeorgian-Regular.ttf', name='Noto Sans Georgian', style='normal', variant='normal', weight=400, stretch='normal', size='scalable')) = 10.05
2026-03-15 18:42:16,806 - DEBUG - findfont: score(FontEntry(fname='/usr/share/fonts/truetype/ubuntu/Ubuntu-B.ttf', name='Ubuntu', style='normal', variant='normal', weight=400, stretch='normal', size='scalable')) = 10.05
2026-03-15 18:42:16,806 - DEBUG - findfont: score(FontEntry(fname='/usr/share/fonts/truetype/noto/NotoSansLycian-Regular.ttf', name='Noto Sans Lycian', style='normal', variant='normal', weight=400, stretch='normal', size='scalable')) = 10.05
2026-03-15 18:42:16,806 - DEBUG - findfont: score(FontEntry(fname='/usr/share/fonts/opentype/urw-base35/NimbusMonoPS-BoldItalic.otf', name='Nimbus Mono PS', style='italic', variant='normal', weight=700, stretch='normal', size='scalable')) = 11.335
2026-03-15 18:42:16,807 - DEBUG - findfont: score(FontEntry(fname='/usr/share/fonts/truetype/liberation/LiberationSansNarrow-BoldItalic.ttf', name='Liberation Sans Narrow', style='italic', variant='normal', weight=700, stretch='condensed', size='scalable')) = 11.535
2026-03-15 18:42:16,807 - DEBUG - findfont: score(FontEntry(fname='/usr/share/fonts/truetype/noto/NotoSansAdlamUnjoined-Regular.ttf', name='Noto Sans Adlam Unjoined', style='normal', variant='normal', weight=400, stretch='normal', size='scalable')) = 10.05
2026-03-15 18:42:16,807 - DEBUG - findfont: score(FontEntry(fname='/usr/share/fonts/truetype/noto/NotoSerifDisplay-Italic.ttf', name='Noto Serif Display', style='italic', variant='normal', weight=400, stretch='normal', size='scalable')) = 11.05
2026-03-15 18:42:16,807 - DEBUG - findfont: score(FontEntry(fname='/usr/share/fonts/truetype/noto/NotoSansSyriac-Regular.ttf', name='Noto Sans Syriac', style='normal', variant='normal', weight=400, stretch='normal', size='scalable')) = 10.05
2026-03-15 18:42:16,807 - DEBUG - findfont: score(FontEntry(fname='/usr/share/fonts/truetype/noto/NotoSansAnatolianHieroglyphs-Regular.ttf', name='Noto Sans Anatolian Hieroglyphs', style='normal', variant='normal', weight=400, stretch='normal', size='scalable')) = 10.05
2026-03-15 18:42:16,807 - DEBUG - findfont: score(FontEntry(fname='/usr/share/fonts/truetype/noto/NotoSansKhudawadi-Regular.ttf', name='Noto Sans Khudawadi', style='normal', variant='normal', weight=400, stretch='normal', size='scalable')) = 10.05
2026-03-15 18:42:16,807 - DEBUG - findfont: score(FontEntry(fname='/usr/share/fonts/opentype/urw-base35/P052-Italic.otf', name='P052', style='italic', variant='normal', weight=400, stretch='normal', size='scalable')) = 11.05
2026-03-15 18:42:16,807 - DEBUG - findfont: score(FontEntry(fname='/usr/share/fonts/truetype/noto/NotoSansMayanNumerals-Regular.ttf', name='Noto Sans Mayan Numerals', style='normal', variant='normal', weight=400, stretch='normal', size='scalable')) = 10.05
2026-03-15 18:42:16,807 - DEBUG - findfont: score(FontEntry(fname='/usr/share/fonts/truetype/noto/NotoSansKhmer-Regular.ttf', name='Noto Sans Khmer', style='normal', variant='normal', weight=400, stretch='normal', size='scalable')) = 10.05
2026-03-15 18:42:16,807 - DEBUG - findfont: score(FontEntry(fname='/usr/share/fonts/opentype/urw-base35/NimbusSansNarrow-Oblique.otf', name='Nimbus Sans Narrow', style='oblique', variant='normal', weight=400, stretch='condensed', size='scalable')) = 11.25
2026-03-15 18:42:16,807 - DEBUG - findfont: score(FontEntry(fname='/usr/share/fonts/opentype/urw-base35/NimbusSans-BoldItalic.otf', name='Nimbus Sans', style='italic', variant='normal', weight=700, stretch='normal', size='scalable')) = 11.335
2026-03-15 18:42:16,807 - DEBUG - findfont: score(FontEntry(fname='/usr/share/fonts/truetype/noto/NotoSerifTamilSlanted-Bold.ttf', name='Noto Serif Tamil Slanted', style='normal', variant='normal', weight=700, stretch='normal', size='scalable')) = 10.335
2026-03-15 18:42:16,807 - DEBUG - findfont: score(FontEntry(fname='/usr/share/fonts/truetype/noto/NotoSerif-Regular.ttf', name='Noto Serif', style='normal', variant='normal', weight=400, stretch='normal', size='scalable')) = 10.05
2026-03-15 18:42:16,807 - DEBUG - findfont: score(FontEntry(fname='/usr/share/fonts/truetype/liberation/LiberationMono-BoldItalic.ttf', name='Liberation Mono', style='italic', variant='normal', weight=700, stretch='normal', size='scalable')) = 11.335
2026-03-15 18:42:16,807 - DEBUG - findfont: score(FontEntry(fname='/usr/share/fonts/opentype/urw-base35/NimbusSans-Regular.otf', name='Nimbus Sans', style='normal', variant='normal', weight=400, stretch='normal', size='scalable')) = 10.05
2026-03-15 18:42:16,807 - DEBUG - findfont: score(FontEntry(fname='/usr/share/fonts/truetype/noto/NotoSansSignWriting-Regular.ttf', name='Noto Sans SignWriting', style='normal', variant='normal', weight=400, stretch='normal', size='scalable')) = 10.05
2026-03-15 18:42:16,807 - DEBUG - findfont: score(FontEntry(fname='/usr/share/fonts/truetype/noto/NotoSerifGeorgian-Regular.ttf', name='Noto Serif Georgian', style='normal', variant='normal', weight=400, stretch='normal', size='scalable')) = 10.05
2026-03-15 18:42:16,807 - DEBUG - findfont: score(FontEntry(fname='/usr/share/fonts/truetype/noto/NotoSansKaithi-Regular.ttf', name='Noto Sans Kaithi', style='normal', variant='normal', weight=400, stretch='normal', size='scalable')) = 10.05
2026-03-15 18:42:16,807 - DEBUG - findfont: score(FontEntry(fname='/usr/share/fonts/truetype/noto/NotoSerifGujarati-Bold.ttf', name='Noto Serif Gujarati', style='normal', variant='normal', weight=700, stretch='normal', size='scalable')) = 10.335
2026-03-15 18:42:16,808 - DEBUG - findfont: score(FontEntry(fname='/usr/share/fonts/opentype/urw-base35/P052-Bold.otf', name='P052', style='normal', variant='normal', weight=700, stretch='normal', size='scalable')) = 10.335
2026-03-15 18:42:16,808 - DEBUG - findfont: score(FontEntry(fname='/usr/share/fonts/truetype/noto/NotoSansLinearA-Regular.ttf', name='Noto Sans Linear A', style='normal', variant='normal', weight=400, stretch='normal', size='scalable')) = 10.05
2026-03-15 18:42:16,808 - DEBUG - findfont: score(FontEntry(fname='/usr/share/fonts/truetype/noto/NotoSerifTamil-Regular.ttf', name='Noto Serif Tamil', style='normal', variant='normal', weight=400, stretch='normal', size='scalable')) = 10.05
2026-03-15 18:42:16,808 - DEBUG - findfont: score(FontEntry(fname='/usr/share/fonts/truetype/liberation/LiberationSerif-Bold.ttf', name='Liberation Serif', style='normal', variant='normal', weight=700, stretch='normal', size='scalable')) = 10.335
2026-03-15 18:42:16,808 - DEBUG - findfont: score(FontEntry(fname='/usr/share/fonts/opentype/noto/NotoSerifCJK-Bold.ttc', name='Noto Serif CJK JP', style='normal', variant='normal', weight=700, stretch='normal', size='scalable')) = 10.335
2026-03-15 18:42:16,808 - DEBUG - findfont: score(FontEntry(fname='/usr/share/fonts/truetype/noto/NotoSansSundanese-Regular.ttf', name='Noto Sans Sundanese', style='normal', variant='normal', weight=400, stretch='normal', size='scalable')) = 10.05
2026-03-15 18:42:16,808 - DEBUG - findfont: score(FontEntry(fname='/usr/share/fonts/truetype/noto/NotoSansCherokee-Bold.ttf', name='Noto Sans Cherokee', style='normal', variant='normal', weight=700, stretch='normal', size='scalable')) = 10.335
2026-03-15 18:42:16,808 - DEBUG - findfont: score(FontEntry(fname='/usr/share/fonts/truetype/noto/NotoSansTirhuta-Regular.ttf', name='Noto Sans Tirhuta', style='normal', variant='normal', weight=400, stretch='normal', size='scalable')) = 10.05
2026-03-15 18:42:16,808 - DEBUG - findfont: score(FontEntry(fname='/usr/share/fonts/truetype/noto/NotoSansElbasan-Regular.ttf', name='Noto Sans Elbasan', style='normal', variant='normal', weight=400, stretch='normal', size='scalable')) = 10.05
2026-03-15 18:42:16,808 - DEBUG - findfont: score(FontEntry(fname='/usr/share/fonts/truetype/noto/NotoSansWancho-Regular.ttf', name='Noto Sans Wancho', style='normal', variant='normal', weight=400, stretch='normal', size='scalable')) = 10.05
2026-03-15 18:42:16,808 - DEBUG - findfont: score(FontEntry(fname='/usr/share/fonts/truetype/liberation/LiberationSans-Italic.ttf', name='Liberation Sans', style='italic', variant='normal', weight=400, stretch='normal', size='scalable')) = 11.05
2026-03-15 18:42:16,808 - DEBUG - findfont: score(FontEntry(fname='/usr/share/fonts/truetype/noto/NotoSansTifinaghAPT-Regular.ttf', name='Noto Sans Tifinagh APT', style='normal', variant='normal', weight=400, stretch='normal', size='scalable')) = 10.05
2026-03-15 18:42:16,808 - DEBUG - findfont: score(FontEntry(fname='/usr/share/fonts/truetype/noto/NotoSansDevanagari-Regular.ttf', name='Noto Sans Devanagari', style='normal', variant='normal', weight=400, stretch='normal', size='scalable')) = 10.05
2026-03-15 18:42:16,808 - DEBUG - findfont: score(FontEntry(fname='/usr/share/fonts/opentype/noto/NotoSerifCJK-Regular.ttc', name='Noto Serif CJK JP', style='normal', variant='normal', weight=400, stretch='normal', size='scalable')) = 10.05
2026-03-15 18:42:16,808 - DEBUG - findfont: score(FontEntry(fname='/usr/share/fonts/truetype/noto/NotoSansSamaritan-Regular.ttf', name='Noto Sans Samaritan', style='normal', variant='normal', weight=400, stretch='normal', size='scalable')) = 10.05
2026-03-15 18:42:16,808 - DEBUG - findfont: score(FontEntry(fname='/usr/share/fonts/truetype/noto/NotoSerifDisplay-BoldItalic.ttf', name='Noto Serif Display', style='italic', variant='normal', weight=700, stretch='normal', size='scalable')) = 11.335
2026-03-15 18:42:16,808 - DEBUG - findfont: score(FontEntry(fname='/usr/share/fonts/truetype/noto/NotoSansLisu-Regular.ttf', name='Noto Sans Lisu', style='normal', variant='normal', weight=400, stretch='normal', size='scalable')) = 10.05
2026-03-15 18:42:16,808 - DEBUG - findfont: score(FontEntry(fname='/usr/share/fonts/truetype/noto/NotoSansDisplay-Bold.ttf', name='Noto Sans Display', style='normal', variant='normal', weight=700, stretch='normal', size='scalable')) = 10.335
2026-03-15 18:42:16,808 - DEBUG - findfont: score(FontEntry(fname='/usr/share/fonts/truetype/ubuntu/Ubuntu-RI.ttf', name='Ubuntu', style='italic', variant='normal', weight=400, stretch='normal', size='scalable')) = 11.05
2026-03-15 18:42:16,808 - DEBUG - findfont: Matching sans\-serif:style=normal:variant=normal:weight=normal:stretch=normal:size=9.0 to DejaVu Sans ('/home/hkds/Desktop/PythonPrg/AIChatReviewer/.venv/lib/python3.12/site-packages/matplotlib/mpl-data/fonts/ttf/DejaVuSans.ttf') with score of 0.050000.
2026-03-15 18:42:17,189 - INFO - 
   ✅ График сохранён в votes_7-days.png
2026-03-15 18:42:17,189 - INFO -    Окно графика закрыто (show=False)
2026-03-15 18:42:17,189 - INFO - 
====================================================================================================
2026-03-15 18:42:17,189 - INFO - ✅ ЗАВЕРШЕНИЕ ПОСТРОЕНИЯ ГРАФИКА
2026-03-15 18:42:17,189 - INFO - ====================================================================================================

